Column,Location,p-value,FDR p-value,Significant (FDR<0.05)
11,GCTG|4|8|10,4.894437128029199e-06,2.2964524203387e-05,True
12,TACC|4|9|16,4.894437128029199e-06,2.2964524203387e-05,True
37,ACTTC|5|7|45,4.894437128029199e-06,2.2964524203387e-05,True
101,ATATG|5|35|37,4.894437128029199e-06,2.2964524203387e-05,True
102,ATATT|5|35|41,4.894437128029199e-06,2.2964524203387e-05,True
50,CATAC|5|10|16,4.894437128029199e-06,2.2964524203387e-05,True
49,CATAT|5|10|12,4.894437128029199e-06,2.2964524203387e-05,True
51,CATGG|5|10|24,4.894437128029199e-06,2.2964524203387e-05,True
81,CCCTT|5|22|44,4.894437128029199e-06,2.2964524203387e-05,True
23,CTTGG|5|2|24,4.894437128029199e-06,2.2964524203387e-05,True
57,GATTA|5|12|34,4.894437128029199e-06,2.2964524203387e-05,True
61,TGTCG|5|13|55,4.894437128029199e-06,2.2964524203387e-05,True
97,TTACT|5|33|59,4.894437128029199e-06,2.2964524203387e-05,True
71,TTCGG|5|17|23,4.894437128029199e-06,2.2964524203387e-05,True
20,TTTAC|5|1|15,4.894437128029199e-06,2.2964524203387e-05,True
21,TTTGT|5|1|27,4.894437128029199e-06,2.2964524203387e-05,True
384,AACGTC|6|27|28,4.894437128029199e-06,2.2964524203387e-05,True
388,AACTCG|6|27|46,4.894437128029199e-06,2.2964524203387e-05,True
386,AACTTG|6|27|42,4.894437128029199e-06,2.2964524203387e-05,True
248,AATCCA|6|11|61,4.894437128029199e-06,2.2964524203387e-05,True
247,AATCTC|6|11|60,4.894437128029199e-06,2.2964524203387e-05,True
246,AATCTT|6|11|59,4.894437128029199e-06,2.2964524203387e-05,True
242,AATTGC|6|11|40,4.894437128029199e-06,2.2964524203387e-05,True
464,ACACCC|6|39|64,4.894437128029199e-06,2.2964524203387e-05,True
462,ACATTG|6|39|42,4.894437128029199e-06,2.2964524203387e-05,True
347,ACCGTG|6|23|26,4.894437128029199e-06,2.2964524203387e-05,True
351,ACCTGC|6|23|40,4.894437128029199e-06,2.2964524203387e-05,True
507,ACGCGC|6|55|56,4.894437128029199e-06,2.2964524203387e-05,True
487,AGACCA|6|47|61,4.894437128029199e-06,2.2964524203387e-05,True
432,ATACGC|6|35|56,4.894437128029199e-06,2.2964524203387e-05,True
431,ATACGT|6|35|55,4.894437128029199e-06,2.2964524203387e-05,True
433,ATACTA|6|35|57,4.894437128029199e-06,2.2964524203387e-05,True
434,ATACTC|6|35|60,4.894437128029199e-06,2.2964524203387e-05,True
429,ATATCG|6|35|46,4.894437128029199e-06,2.2964524203387e-05,True
426,ATATGC|6|35|40,4.894437128029199e-06,2.2964524203387e-05,True
317,ATCGTC|6|19|28,4.894437128029199e-06,2.2964524203387e-05,True
146,ATTATG|6|3|10,4.894437128029199e-06,2.2964524203387e-05,True
147,ATTTAA|6|3|33,4.894437128029199e-06,2.2964524203387e-05,True
475,CAACCC|6|42|64,4.894437128029199e-06,2.2964524203387e-05,True
383,CACCCT|6|26|63,4.894437128029199e-06,2.2964524203387e-05,True
375,CACGCC|6|26|32,4.894437128029199e-06,2.2964524203387e-05,True
232,CATTGG|6|10|38,4.894437128029199e-06,2.2964524203387e-05,True
456,CCACAT|6|38|51,4.894437128029199e-06,2.2964524203387e-05,True
460,CCACCT|6|38|63,4.894437128029199e-06,2.2964524203387e-05,True
455,CCATCA|6|38|45,4.894437128029199e-06,2.2964524203387e-05,True
342,CCCCAC|6|22|52,4.894437128029199e-06,2.2964524203387e-05,True
341,CCCCAG|6|22|50,4.894437128029199e-06,2.2964524203387e-05,True
346,CCCCTC|6|22|60,4.894437128029199e-06,2.2964524203387e-05,True
506,CCGCGC|6|54|56,4.894437128029199e-06,2.2964524203387e-05,True
178,CCTAGC|6|6|8,4.894437128029199e-06,2.2964524203387e-05,True
179,CCTATT|6|6|11,4.894437128029199e-06,2.2964524203387e-05,True
188,CCTTCA|6|6|45,4.894437128029199e-06,2.2964524203387e-05,True
271,CGTACT|6|14|15,4.894437128029199e-06,2.2964524203387e-05,True
273,CGTGAT|6|14|19,4.894437128029199e-06,2.2964524203387e-05,True
282,CGTTCG|6|14|46,4.894437128029199e-06,2.2964524203387e-05,True
312,CTCTCC|6|18|48,4.894437128029199e-06,2.2964524203387e-05,True
494,CTGCGA|6|50|53,4.894437128029199e-06,2.2964524203387e-05,True
142,CTTCGT|6|2|55,4.894437128029199e-06,2.2964524203387e-05,True
143,CTTCTT|6|2|59,4.894437128029199e-06,2.2964524203387e-05,True
137,CTTGAT|6|2|19,4.894437128029199e-06,2.2964524203387e-05,True
138,CTTGGT|6|2|23,4.894437128029199e-06,2.2964524203387e-05,True
140,CTTTCG|6|2|46,4.894437128029199e-06,2.2964524203387e-05,True
139,CTTTTC|6|2|44,4.894437128029199e-06,2.2964524203387e-05,True
485,GAACTC|6|44|60,4.894437128029199e-06,2.2964524203387e-05,True
254,GATCAA|6|12|49,4.894437128029199e-06,2.2964524203387e-05,True
249,GATGAT|6|12|19,4.894437128029199e-06,2.2964524203387e-05,True
250,GATGGT|6|12|23,4.894437128029199e-06,2.2964524203387e-05,True
253,GATTCT|6|12|47,4.894437128029199e-06,2.2964524203387e-05,True
466,GCACAC|6|40|52,4.894437128029199e-06,2.2964524203387e-05,True
467,GCACGG|6|40|54,4.894437128029199e-06,2.2964524203387e-05,True
366,GCCCTT|6|24|59,4.894437128029199e-06,2.2964524203387e-05,True
363,GCCTCG|6|24|46,4.894437128029199e-06,2.2964524203387e-05,True
359,GCCTTA|6|24|41,4.894437128029199e-06,2.2964524203387e-05,True
205,GCTATT|6|8|11,4.894437128029199e-06,2.2964524203387e-05,True
215,GCTCCT|6|8|63,4.894437128029199e-06,2.2964524203387e-05,True
206,GCTGAA|6|8|17,4.894437128029199e-06,2.2964524203387e-05,True
207,GCTGAT|6|8|19,4.894437128029199e-06,2.2964524203387e-05,True
488,GGACAC|6|48|52,4.894437128029199e-06,2.2964524203387e-05,True
296,GGTGGA|6|16|21,4.894437128029199e-06,2.2964524203387e-05,True
299,GGTTCG|6|16|46,4.894437128029199e-06,2.2964524203387e-05,True
445,GTACCG|6|36|62,4.894437128029199e-06,2.2964524203387e-05,True
440,GTATCG|6|36|46,4.894437128029199e-06,2.2964524203387e-05,True
437,GTATGG|6|36|38,4.894437128029199e-06,2.2964524203387e-05,True
325,GTCCGG|6|20|54,4.894437128029199e-06,2.2964524203387e-05,True
320,GTCTAC|6|20|36,4.894437128029199e-06,2.2964524203387e-05,True
155,GTTGTA|6|4|25,4.894437128029199e-06,2.2964524203387e-05,True
159,GTTTCG|6|4|46,4.894437128029199e-06,2.2964524203387e-05,True
509,TAGCCT|6|57|63,4.894437128029199e-06,2.2964524203387e-05,True
217,TATACG|6|9|14,4.894437128029199e-06,2.2964524203387e-05,True
221,TATGTC|6|9|28,4.894437128029199e-06,2.2964524203387e-05,True
227,TATTTC|6|9|44,4.894437128029199e-06,2.2964524203387e-05,True
337,TCCCCA|6|21|61,4.894437128029199e-06,2.2964524203387e-05,True
329,TCCGTC|6|21|28,4.894437128029199e-06,2.2964524203387e-05,True
333,TCCTTG|6|21|42,4.894437128029199e-06,2.2964524203387e-05,True
502,TCGCGC|6|53|56,4.894437128029199e-06,2.2964524203387e-05,True
170,TCTCAA|6|5|49,4.894437128029199e-06,2.2964524203387e-05,True
171,TCTCGC|6|5|56,4.894437128029199e-06,2.2964524203387e-05,True
164,TCTGGA|6|5|21,4.894437128029199e-06,2.2964524203387e-05,True
166,TCTTAG|6|5|34,4.894437128029199e-06,2.2964524203387e-05,True
486,TGACTG|6|45|58,4.894437128029199e-06,2.2964524203387e-05,True
400,TGCCGG|6|29|54,4.894437128029199e-06,2.2964524203387e-05,True
401,TGCCGT|6|29|55,4.894437128029199e-06,2.2964524203387e-05,True
269,TGTCTG|6|13|58,4.894437128029199e-06,2.2964524203387e-05,True
262,TGTGCG|6|13|30,4.894437128029199e-06,2.2964524203387e-05,True
261,TGTGTC|6|13|28,4.894437128029199e-06,2.2964524203387e-05,True
417,TTACAG|6|33|50,4.894437128029199e-06,2.2964524203387e-05,True
420,TTACCG|6|33|62,4.894437128029199e-06,2.2964524203387e-05,True
415,TTATCA|6|33|45,4.894437128029199e-06,2.2964524203387e-05,True
303,TTCCCT|6|17|63,4.894437128029199e-06,2.2964524203387e-05,True
301,TTCTAC|6|17|36,4.894437128029199e-06,2.2964524203387e-05,True
128,TTTGCG|6|1|30,4.894437128029199e-06,2.2964524203387e-05,True
1951,AAAATCA|7|171|177,4.894437128029199e-06,2.2964524203387e-05,True
1952,AAAATCG|7|171|181,4.894437128029199e-06,2.2964524203387e-05,True
1950,AAAATTC|7|171|173,4.894437128029199e-06,2.2964524203387e-05,True
1603,AAACCGG|7|107|213,4.894437128029199e-06,2.2964524203387e-05,True
1596,AAACGCC|7|107|125,4.894437128029199e-06,2.2964524203387e-05,True
1595,AAACGTC|7|107|109,4.894437128029199e-06,2.2964524203387e-05,True
1019,AAATACC|7|43|61,4.894437128029199e-06,2.2964524203387e-05,True
1020,AAATGAC|7|43|77,4.894437128029199e-06,2.2964524203387e-05,True
1022,AAATGGC|7|43|93,4.894437128029199e-06,2.2964524203387e-05,True
1021,AAATGGG|7|43|85,4.894437128029199e-06,2.2964524203387e-05,True
1026,AAATTTA|7|43|161,4.894437128029199e-06,2.2964524203387e-05,True
1028,AAATTTC|7|43|173,4.894437128029199e-06,2.2964524203387e-05,True
1892,AACACCT|7|155|249,4.894437128029199e-06,2.2964524203387e-05,True
819,AACTACT|7|27|57,4.894437128029199e-06,2.2964524203387e-05,True
823,AACTGGA|7|27|81,4.894437128029199e-06,2.2964524203387e-05,True
827,AACTTAC|7|27|141,4.894437128029199e-06,2.2964524203387e-05,True
828,AACTTGA|7|27|145,4.894437128029199e-06,2.2964524203387e-05,True
1771,AATACAT|7|139|201,4.894437128029199e-06,2.2964524203387e-05,True
1772,AATACTA|7|139|225,4.894437128029199e-06,2.2964524203387e-05,True
1321,AATCCCG|7|75|245,4.894437128029199e-06,2.2964524203387e-05,True
1318,AATCTCC|7|75|189,4.894437128029199e-06,2.2964524203387e-05,True
1317,AATCTTC|7|75|173,4.894437128029199e-06,2.2964524203387e-05,True
2050,AATGCGC|7|203|221,4.894437128029199e-06,2.2964524203387e-05,True
2049,AATGCGG|7|203|213,4.894437128029199e-06,2.2964524203387e-05,True
1563,ACACCAG|7|103|197,4.894437128029199e-06,2.2964524203387e-05,True
980,ACATCAT|7|39|201,4.894437128029199e-06,2.2964524203387e-05,True
974,ACATGAG|7|39|69,4.894437128029199e-06,2.2964524203387e-05,True
975,ACATGCT|7|39|121,4.894437128029199e-06,2.2964524203387e-05,True
977,ACATTTC|7|39|173,4.894437128029199e-06,2.2964524203387e-05,True
1867,ACCACAC|7|151|205,4.894437128029199e-06,2.2964524203387e-05,True
1427,ACCCCCT|7|87|249,4.894437128029199e-06,2.2964524203387e-05,True
1425,ACCCTCA|7|87|177,4.894437128029199e-06,2.2964524203387e-05,True
1426,ACCCTCT|7|87|185,4.894437128029199e-06,2.2964524203387e-05,True
1424,ACCCTTC|7|87|173,4.894437128029199e-06,2.2964524203387e-05,True
1192,ACGTCCT|7|55|249,4.894437128029199e-06,2.2964524203387e-05,True
1190,ACGTCTA|7|55|225,4.894437128029199e-06,2.2964524203387e-05,True
1183,ACGTGTC|7|55|109,4.894437128029199e-06,2.2964524203387e-05,True
1186,ACGTTAG|7|55|133,4.894437128029199e-06,2.2964524203387e-05,True
1748,ACTATGT|7|135|153,4.894437128029199e-06,2.2964524203387e-05,True
1294,ACTCTTT|7|71|169,4.894437128029199e-06,2.2964524203387e-05,True
596,ACTTCAA|7|7|193,4.894437128029199e-06,2.2964524203387e-05,True
597,ACTTCAG|7|7|197,4.894437128029199e-06,2.2964524203387e-05,True
600,ACTTCGC|7|7|221,4.894437128029199e-06,2.2964524203387e-05,True
593,ACTTGCC|7|7|125,4.894437128029199e-06,2.2964524203387e-05,True
592,ACTTGTT|7|7|105,4.894437128029199e-06,2.2964524203387e-05,True
1618,AGACTAT|7|111|137,4.894437128029199e-06,2.2964524203387e-05,True
1619,AGACTTG|7|111|165,4.894437128029199e-06,2.2964524203387e-05,True
1620,AGACTTT|7|111|169,4.894437128029199e-06,2.2964524203387e-05,True
1069,AGATACG|7|47|53,4.894437128029199e-06,2.2964524203387e-05,True
1071,AGATGAG|7|47|69,4.894437128029199e-06,2.2964524203387e-05,True
1913,AGCATCG|7|159|181,4.894437128029199e-06,2.2964524203387e-05,True
1496,AGCCCAT|7|95|201,4.894437128029199e-06,2.2964524203387e-05,True
1486,AGCCGCA|7|95|113,4.894437128029199e-06,2.2964524203387e-05,True
1492,AGCCTTT|7|95|169,4.894437128029199e-06,2.2964524203387e-05,True
887,AGCTGTA|7|31|97,4.894437128029199e-06,2.2964524203387e-05,True
888,AGCTGTG|7|31|101,4.894437128029199e-06,2.2964524203387e-05,True
2011,AGGACTT|7|191|233,4.894437128029199e-06,2.2964524203387e-05,True
1690,AGGCTTC|7|127|173,4.894437128029199e-06,2.2964524203387e-05,True
1247,AGGTTGT|7|63|153,4.894437128029199e-06,2.2964524203387e-05,True
1352,AGTCTAT|7|79|137,4.894437128029199e-06,2.2964524203387e-05,True
1353,AGTCTGT|7|79|153,4.894437128029199e-06,2.2964524203387e-05,True
683,AGTTCCA|7|15|241,4.894437128029199e-06,2.2964524203387e-05,True
680,AGTTTGG|7|15|149,4.894437128029199e-06,2.2964524203387e-05,True
1924,ATAATTT|7|163|169,4.894437128029199e-06,2.2964524203387e-05,True
1529,ATACTAT|7|99|137,4.894437128029199e-06,2.2964524203387e-05,True
2089,ATAGCTC|7|227|237,4.894437128029199e-06,2.2964524203387e-05,True
2088,ATAGCTG|7|227|229,4.894437128029199e-06,2.2964524203387e-05,True
1831,ATCACGC|7|147|221,4.894437128029199e-06,2.2964524203387e-05,True
1827,ATCATCG|7|147|181,4.894437128029199e-06,2.2964524203387e-05,True
1826,ATCATTC|7|147|173,4.894437128029199e-06,2.2964524203387e-05,True
1390,ATCCGTT|7|83|105,4.894437128029199e-06,2.2964524203387e-05,True
728,ATCTCTC|7|19|237,4.894437128029199e-06,2.2964524203387e-05,True
721,ATCTGCA|7|19|113,4.894437128029199e-06,2.2964524203387e-05,True
724,ATCTTCT|7|19|185,4.894437128029199e-06,2.2964524203387e-05,True
1128,ATGTCAT|7|51|201,4.894437128029199e-06,2.2964524203387e-05,True
1119,ATGTGAC|7|51|77,4.894437128029199e-06,2.2964524203387e-05,True
1722,ATTATGA|7|131|145,4.894437128029199e-06,2.2964524203387e-05,True
1254,ATTCCTA|7|67|225,4.894437128029199e-06,2.2964524203387e-05,True
1948,CAAACTA|7|170|228,4.894437128029199e-06,2.2964524203387e-05,True
1590,CAACCAC|7|106|208,4.894437128029199e-06,2.2964524203387e-05,True
1583,CAACGTT|7|106|108,4.894437128029199e-06,2.2964524203387e-05,True
1017,CAATCCA|7|42|244,4.894437128029199e-06,2.2964524203387e-05,True
1018,CAATCCG|7|42|248,4.894437128029199e-06,2.2964524203387e-05,True
1014,CAATCGG|7|42|216,4.894437128029199e-06,2.2964524203387e-05,True
1004,CAATGTC|7|42|112,4.894437128029199e-06,2.2964524203387e-05,True
1011,CAATTTG|7|42|168,4.894437128029199e-06,2.2964524203387e-05,True
1886,CACATGT|7|154|156,4.894437128029199e-06,2.2964524203387e-05,True
1441,CACCGTG|7|90|104,4.894437128029199e-06,2.2964524203387e-05,True
1442,CACCTAA|7|90|132,4.894437128029199e-06,2.2964524203387e-05,True
812,CACTAGC|7|26|32,4.894437128029199e-06,2.2964524203387e-05,True
814,CACTGTA|7|26|100,4.894437128029199e-06,2.2964524203387e-05,True
2002,CAGACTA|7|186|228,4.894437128029199e-06,2.2964524203387e-05,True
1212,CAGTGCA|7|58|116,4.894437128029199e-06,2.2964524203387e-05,True
1216,CAGTTTA|7|58|164,4.894437128029199e-06,2.2964524203387e-05,True
1217,CAGTTTT|7|58|172,4.894437128029199e-06,2.2964524203387e-05,True
2044,CATGCGA|7|202|212,4.894437128029199e-06,2.2964524203387e-05,True
2047,CATGCTT|7|202|236,4.894437128029199e-06,2.2964524203387e-05,True
637,CATTCCA|7|10|244,4.894437128029199e-06,2.2964524203387e-05,True
624,CATTGAC|7|10|80,4.894437128029199e-06,2.2964524203387e-05,True
623,CATTGAT|7|10|76,4.894437128029199e-06,2.2964524203387e-05,True
632,CATTTTT|7|10|172,4.894437128029199e-06,2.2964524203387e-05,True
972,CCATCCC|7|38|256,4.894437128029199e-06,2.2964524203387e-05,True
968,CCATGCT|7|38|124,4.894437128029199e-06,2.2964524203387e-05,True
966,CCATGGA|7|38|84,4.894437128029199e-06,2.2964524203387e-05,True
969,CCATTAC|7|38|144,4.894437128029199e-06,2.2964524203387e-05,True
1861,CCCACAT|7|150|204,4.894437128029199e-06,2.2964524203387e-05,True
1859,CCCATCC|7|150|192,4.894437128029199e-06,2.2964524203387e-05,True
1858,CCCATGG|7|150|152,4.894437128029199e-06,2.2964524203387e-05,True
1416,CCCCTGG|7|86|152,4.894437128029199e-06,2.2964524203387e-05,True
770,CCCTGCT|7|22|124,4.894437128029199e-06,2.2964524203387e-05,True
1995,CCGACAT|7|182|204,4.894437128029199e-06,2.2964524203387e-05,True
1636,CCGCTGC|7|118|160,4.894437128029199e-06,2.2964524203387e-05,True
1171,CCGTCAG|7|54|200,4.894437128029199e-06,2.2964524203387e-05,True
1165,CCGTTAT|7|54|140,4.894437128029199e-06,2.2964524203387e-05,True
1170,CCGTTCG|7|54|184,4.894437128029199e-06,2.2964524203387e-05,True
1745,CCTACTG|7|134|232,4.894437128029199e-06,2.2964524203387e-05,True
1741,CCTATCA|7|134|180,4.894437128029199e-06,2.2964524203387e-05,True
1742,CCTATCG|7|134|184,4.894437128029199e-06,2.2964524203387e-05,True
1738,CCTATGC|7|134|160,4.894437128029199e-06,2.2964524203387e-05,True
1740,CCTATTT|7|134|172,4.894437128029199e-06,2.2964524203387e-05,True
1277,CCTCGCA|7|70|116,4.894437128029199e-06,2.2964524203387e-05,True
1278,CCTCTAC|7|70|144,4.894437128029199e-06,2.2964524203387e-05,True
579,CCTTAAC|7|6|16,4.894437128029199e-06,2.2964524203387e-05,True
582,CCTTACA|7|6|52,4.894437128029199e-06,2.2964524203387e-05,True
581,CCTTATA|7|6|36,4.894437128029199e-06,2.2964524203387e-05,True
1617,CGACCTC|7|110|240,4.894437128029199e-06,2.2964524203387e-05,True
1613,CGACTGA|7|110|148,4.894437128029199e-06,2.2964524203387e-05,True
1056,CGATGAT|7|46|76,4.894437128029199e-06,2.2964524203387e-05,True
1057,CGATGGC|7|46|96,4.894437128029199e-06,2.2964524203387e-05,True
1909,CGCATTT|7|158|172,4.894437128029199e-06,2.2964524203387e-05,True
866,CGCTATC|7|30|48,4.894437128029199e-06,2.2964524203387e-05,True
877,CGCTCCT|7|30|252,4.894437128029199e-06,2.2964524203387e-05,True
870,CGCTGTA|7|30|100,4.894437128029199e-06,2.2964524203387e-05,True
874,CGCTTAG|7|30|136,4.894437128029199e-06,2.2964524203387e-05,True
1679,CGGCTTA|7|126|164,4.894437128029199e-06,2.2964524203387e-05,True
1680,CGGCTTG|7|126|168,4.894437128029199e-06,2.2964524203387e-05,True
1242,CGGTTCA|7|62|180,4.894437128029199e-06,2.2964524203387e-05,True
1243,CGGTTCT|7|62|188,4.894437128029199e-06,2.2964524203387e-05,True
1350,CGTCCCT|7|78|252,4.894437128029199e-06,2.2964524203387e-05,True
1349,CGTCCTG|7|78|232,4.894437128029199e-06,2.2964524203387e-05,True
1341,CGTCGTA|7|78|100,4.894437128029199e-06,2.2964524203387e-05,True
1345,CGTCTCT|7|78|188,4.894437128029199e-06,2.2964524203387e-05,True
2059,CGTGCGA|7|206|212,4.894437128029199e-06,2.2964524203387e-05,True
2061,CGTGCTC|7|206|240,4.894437128029199e-06,2.2964524203387e-05,True
671,CGTTTGA|7|14|148,4.894437128029199e-06,2.2964524203387e-05,True
673,CGTTTGC|7|14|160,4.894437128029199e-06,2.2964524203387e-05,True
1921,CTAACGC|7|162|224,4.894437128029199e-06,2.2964524203387e-05,True
1923,CTAACTT|7|162|236,4.894437128029199e-06,2.2964524203387e-05,True
1518,CTACGTC|7|98|112,4.894437128029199e-06,2.2964524203387e-05,True
2086,CTAGCTT|7|226|236,4.894437128029199e-06,2.2964524203387e-05,True
936,CTATCGC|7|34|224,4.894437128029199e-06,2.2964524203387e-05,True
928,CTATGGA|7|34|84,4.894437128029199e-06,2.2964524203387e-05,True
931,CTATTGC|7|34|160,4.894437128029199e-06,2.2964524203387e-05,True
1823,CTCACTA|7|146|228,4.894437128029199e-06,2.2964524203387e-05,True
1388,CTCCCCC|7|82|256,4.894437128029199e-06,2.2964524203387e-05,True
1379,CTCCGCA|7|82|116,4.894437128029199e-06,2.2964524203387e-05,True
1381,CTCCGCC|7|82|128,4.894437128029199e-06,2.2964524203387e-05,True
709,CTCTAGG|7|18|24,4.894437128029199e-06,2.2964524203387e-05,True
711,CTCTGTG|7|18|104,4.894437128029199e-06,2.2964524203387e-05,True
712,CTCTGTT|7|18|108,4.894437128029199e-06,2.2964524203387e-05,True
713,CTCTTAA|7|18|132,4.894437128029199e-06,2.2964524203387e-05,True
714,CTCTTGA|7|18|148,4.894437128029199e-06,2.2964524203387e-05,True
1984,CTGACAA|7|178|196,4.894437128029199e-06,2.2964524203387e-05,True
1630,CTGCCCA|7|114|244,4.894437128029199e-06,2.2964524203387e-05,True
1108,CTGTGAG|7|50|72,4.894437128029199e-06,2.2964524203387e-05,True
1115,CTGTTAA|7|50|132,4.894437128029199e-06,2.2964524203387e-05,True
1718,CTTACGC|7|130|224,4.894437128029199e-06,2.2964524203387e-05,True
1710,CTTATAT|7|130|140,4.894437128029199e-06,2.2964524203387e-05,True
1714,CTTATCG|7|130|184,4.894437128029199e-06,2.2964524203387e-05,True
1251,CTTCCCA|7|66|244,4.894437128029199e-06,2.2964524203387e-05,True
1250,CTTCCTT|7|66|236,4.894437128029199e-06,2.2964524203387e-05,True
2020,CTTGCAT|7|194|204,4.894437128029199e-06,2.2964524203387e-05,True
538,CTTTCAG|7|2|200,4.894437128029199e-06,2.2964524203387e-05,True
529,CTTTGAG|7|2|72,4.894437128029199e-06,2.2964524203387e-05,True
531,CTTTGGC|7|2|96,4.894437128029199e-06,2.2964524203387e-05,True
533,CTTTTAC|7|2|144,4.894437128029199e-06,2.2964524203387e-05,True
534,CTTTTGG|7|2|152,4.894437128029199e-06,2.2964524203387e-05,True
536,CTTTTTC|7|2|176,4.894437128029199e-06,2.2964524203387e-05,True
535,CTTTTTT|7|2|172,4.894437128029199e-06,2.2964524203387e-05,True
1606,GAACTAA|7|108|130,4.894437128029199e-06,2.2964524203387e-05,True
2098,GAAGCCA|7|236|242,4.894437128029199e-06,2.2964524203387e-05,True
1046,GAATCCA|7|44|242,4.894437128029199e-06,2.2964524203387e-05,True
1047,GAATCCG|7|44|246,4.894437128029199e-06,2.2964524203387e-05,True
1034,GAATGTG|7|44|102,4.894437128029199e-06,2.2964524203387e-05,True
1036,GAATTAA|7|44|130,4.894437128029199e-06,2.2964524203387e-05,True
1038,GAATTAC|7|44|142,4.894437128029199e-06,2.2964524203387e-05,True
1037,GAATTAT|7|44|138,4.894437128029199e-06,2.2964524203387e-05,True
1040,GAATTGT|7|44|154,4.894437128029199e-06,2.2964524203387e-05,True
1041,GAATTTA|7|44|162,4.894437128029199e-06,2.2964524203387e-05,True
1042,GAATTTG|7|44|166,4.894437128029199e-06,2.2964524203387e-05,True
1901,GACACCC|7|156|254,4.894437128029199e-06,2.2964524203387e-05,True
1894,GACATCT|7|156|186,4.894437128029199e-06,2.2964524203387e-05,True
842,GACTGCG|7|28|118,4.894437128029199e-06,2.2964524203387e-05,True
847,GACTTGG|7|28|150,4.894437128029199e-06,2.2964524203387e-05,True
2007,GAGACGA|7|188|210,4.894437128029199e-06,2.2964524203387e-05,True
2008,GAGACGG|7|188|214,4.894437128029199e-06,2.2964524203387e-05,True
1225,GAGTGGG|7|60|86,4.894437128029199e-06,2.2964524203387e-05,True
1229,GAGTTAC|7|60|142,4.894437128029199e-06,2.2964524203387e-05,True
1778,GATACGC|7|140|222,4.894437128029199e-06,2.2964524203387e-05,True
1777,GATACGT|7|140|218,4.894437128029199e-06,2.2964524203387e-05,True
1776,GATATTC|7|140|174,4.894437128029199e-06,2.2964524203387e-05,True
1324,GATCCTA|7|76|226,4.894437128029199e-06,2.2964524203387e-05,True
647,GATTGGT|7|12|90,4.894437128029199e-06,2.2964524203387e-05,True
1939,GCAACTT|7|168|234,4.894437128029199e-06,2.2964524203387e-05,True
1572,GCACCCT|7|104|250,4.894437128029199e-06,2.2964524203387e-05,True
1570,GCACCGG|7|104|214,4.894437128029199e-06,2.2964524203387e-05,True
1567,GCACTGG|7|104|150,4.894437128029199e-06,2.2964524203387e-05,True
983,GCATACT|7|40|58,4.894437128029199e-06,2.2964524203387e-05,True
987,GCATTCC|7|40|190,4.894437128029199e-06,2.2964524203387e-05,True
1875,GCCACAT|7|152|202,4.894437128029199e-06,2.2964524203387e-05,True
1877,GCCACGC|7|152|222,4.894437128029199e-06,2.2964524203387e-05,True
1871,GCCATTC|7|152|174,4.894437128029199e-06,2.2964524203387e-05,True
1431,GCCCCCA|7|88|242,4.894437128029199e-06,2.2964524203387e-05,True
1428,GCCCGCA|7|88|114,4.894437128029199e-06,2.2964524203387e-05,True
2074,GCCGCCT|7|216|250,4.894437128029199e-06,2.2964524203387e-05,True
1646,GCGCCGA|7|120|210,4.894437128029199e-06,2.2964524203387e-05,True
1647,GCGCCGT|7|120|218,4.894437128029199e-06,2.2964524203387e-05,True
1207,GCGTCTT|7|56|234,4.894437128029199e-06,2.2964524203387e-05,True
1196,GCGTGTC|7|56|110,4.894437128029199e-06,2.2964524203387e-05,True
1201,GCGTTCT|7|56|186,4.894437128029199e-06,2.2964524203387e-05,True
1200,GCGTTGG|7|56|150,4.894437128029199e-06,2.2964524203387e-05,True
1754,GCTACAA|7|136|194,4.894437128029199e-06,2.2964524203387e-05,True
1756,GCTACAT|7|136|202,4.894437128029199e-06,2.2964524203387e-05,True
1753,GCTATTT|7|136|170,4.894437128029199e-06,2.2964524203387e-05,True
1296,GCTCGCC|7|72|126,4.894437128029199e-06,2.2964524203387e-05,True
604,GCTTACG|7|8|54,4.894437128029199e-06,2.2964524203387e-05,True
603,GCTTATC|7|8|46,4.894437128029199e-06,2.2964524203387e-05,True
606,GCTTGAG|7|8|70,4.894437128029199e-06,2.2964524203387e-05,True
608,GCTTGGT|7|8|90,4.894437128029199e-06,2.2964524203387e-05,True
609,GCTTGTA|7|8|98,4.894437128029199e-06,2.2964524203387e-05,True
1623,GGACTGG|7|112|150,4.894437128029199e-06,2.2964524203387e-05,True
1089,GGATTAT|7|48|138,4.894437128029199e-06,2.2964524203387e-05,True
1090,GGATTGA|7|48|146,4.894437128029199e-06,2.2964524203387e-05,True
1503,GGCCTTA|7|96|162,4.894437128029199e-06,2.2964524203387e-05,True
2013,GGGACAT|7|192|202,4.894437128029199e-06,2.2964524203387e-05,True
2016,GGGACTT|7|192|234,4.894437128029199e-06,2.2964524203387e-05,True
1697,GGGCCTG|7|128|230,4.894437128029199e-06,2.2964524203387e-05,True
1807,GGTACCC|7|144|254,4.894437128029199e-06,2.2964524203387e-05,True
1801,GGTATGA|7|144|146,4.894437128029199e-06,2.2964524203387e-05,True
1366,GGTCCGA|7|80|210,4.894437128029199e-06,2.2964524203387e-05,True
697,GGTTCGG|7|16|214,4.894437128029199e-06,2.2964524203387e-05,True
691,GGTTGGT|7|16|90,4.894437128029199e-06,2.2964524203387e-05,True
693,GGTTTTC|7|16|174,4.894437128029199e-06,2.2964524203387e-05,True
692,GGTTTTG|7|16|166,4.894437128029199e-06,2.2964524203387e-05,True
1536,GTACCAG|7|100|198,4.894437128029199e-06,2.2964524203387e-05,True
952,GTATGCT|7|36|122,4.894437128029199e-06,2.2964524203387e-05,True
950,GTATGTC|7|36|110,4.894437128029199e-06,2.2964524203387e-05,True
953,GTATTAA|7|36|130,4.894437128029199e-06,2.2964524203387e-05,True
1847,GTCACCT|7|148|250,4.894437128029199e-06,2.2964524203387e-05,True
1844,GTCACTA|7|148|226,4.894437128029199e-06,2.2964524203387e-05,True
1837,GTCATTA|7|148|162,4.894437128029199e-06,2.2964524203387e-05,True
2067,GTCGCCT|7|212|250,4.894437128029199e-06,2.2964524203387e-05,True
732,GTCTACG|7|20|54,4.894437128029199e-06,2.2964524203387e-05,True
730,GTCTATG|7|20|38,4.894437128029199e-06,2.2964524203387e-05,True
742,GTCTCCA|7|20|242,4.894437128029199e-06,2.2964524203387e-05,True
1149,GTGTCTC|7|52|238,4.894437128029199e-06,2.2964524203387e-05,True
1726,GTTATGC|7|132|158,4.894437128029199e-06,2.2964524203387e-05,True
1725,GTTATGT|7|132|154,4.894437128029199e-06,2.2964524203387e-05,True
1261,GTTCCGC|7|68|222,4.894437128029199e-06,2.2964524203387e-05,True
1262,GTTCCTA|7|68|226,4.894437128029199e-06,2.2964524203387e-05,True
1258,GTTCTTT|7|68|170,4.894437128029199e-06,2.2964524203387e-05,True
555,GTTTAAC|7|4|14,4.894437128029199e-06,2.2964524203387e-05,True
556,GTTTAGT|7|4|26,4.894437128029199e-06,2.2964524203387e-05,True
561,GTTTCTA|7|4|226,4.894437128029199e-06,2.2964524203387e-05,True
1581,TAACCCA|7|105|243,4.894437128029199e-06,2.2964524203387e-05,True
996,TAATGTG|7|41|103,4.894437128029199e-06,2.2964524203387e-05,True
997,TAATGTT|7|41|107,4.894437128029199e-06,2.2964524203387e-05,True
1883,TACACCA|7|153|243,4.894437128029199e-06,2.2964524203387e-05,True
1885,TACACCC|7|153|255,4.894437128029199e-06,2.2964524203387e-05,True
1884,TACACCT|7|153|251,4.894437128029199e-06,2.2964524203387e-05,True
1882,TACACTC|7|153|239,4.894437128029199e-06,2.2964524203387e-05,True
1880,TACATCC|7|153|191,4.894437128029199e-06,2.2964524203387e-05,True
1879,TACATTA|7|153|163,4.894437128029199e-06,2.2964524203387e-05,True
1436,TACCCAG|7|89|199,4.894437128029199e-06,2.2964524203387e-05,True
1435,TACCTCC|7|89|191,4.894437128029199e-06,2.2964524203387e-05,True
2078,TACGCCA|7|217|243,4.894437128029199e-06,2.2964524203387e-05,True
1999,TAGATCC|7|185|191,4.894437128029199e-06,2.2964524203387e-05,True
1652,TAGCGCC|7|121|127,4.894437128029199e-06,2.2964524203387e-05,True
1211,TAGTCAG|7|57|199,4.894437128029199e-06,2.2964524203387e-05,True
1306,TATCTGA|7|73|147,4.894437128029199e-06,2.2964524203387e-05,True
2042,TATGCGG|7|201|215,4.894437128029199e-06,2.2964524203387e-05,True
1547,TCACCTG|7|101|231,4.894437128029199e-06,2.2964524203387e-05,True
964,TCATCTC|7|37|239,4.894437128029199e-06,2.2964524203387e-05,True
956,TCATTGA|7|37|147,4.894437128029199e-06,2.2964524203387e-05,True
958,TCATTGT|7|37|155,4.894437128029199e-06,2.2964524203387e-05,True
1857,TCCACCT|7|149|251,4.894437128029199e-06,2.2964524203387e-05,True
1404,TCCCGTA|7|85|99,4.894437128029199e-06,2.2964524203387e-05,True
1408,TCCCTTC|7|85|175,4.894437128029199e-06,2.2964524203387e-05,True
2068,TCCGCTC|7|213|239,4.894437128029199e-06,2.2964524203387e-05,True
759,TCCTCAC|7|21|207,4.894437128029199e-06,2.2964524203387e-05,True
1993,TCGACTG|7|181|231,4.894437128029199e-06,2.2964524203387e-05,True
1633,TCGCTGC|7|117|159,4.894437128029199e-06,2.2964524203387e-05,True
1154,TCGTTAA|7|53|131,4.894437128029199e-06,2.2964524203387e-05,True
1157,TCGTTTT|7|53|171,4.894437128029199e-06,2.2964524203387e-05,True
1733,TCTATGT|7|133|155,4.894437128029199e-06,2.2964524203387e-05,True
1734,TCTATTG|7|133|167,4.894437128029199e-06,2.2964524203387e-05,True
1271,TCTCTCA|7|69|179,4.894437128029199e-06,2.2964524203387e-05,True
564,TCTTACC|7|5|63,4.894437128029199e-06,2.2964524203387e-05,True
567,TCTTGCT|7|5|123,4.894437128029199e-06,2.2964524203387e-05,True
572,TCTTTTT|7|5|171,4.894437128029199e-06,2.2964524203387e-05,True
1960,TGAATCT|7|173|187,4.894437128029199e-06,2.2964524203387e-05,True
1048,TGATGAC|7|45|79,4.894437128029199e-06,2.2964524203387e-05,True
1903,TGCATTA|7|157|163,4.894437128029199e-06,2.2964524203387e-05,True
1468,TGCCTTG|7|93|167,4.894437128029199e-06,2.2964524203387e-05,True
2080,TGCGCCA|7|221|243,4.894437128029199e-06,2.2964524203387e-05,True
855,TGCTATG|7|29|39,4.894437128029199e-06,2.2964524203387e-05,True
863,TGCTCCA|7|29|243,4.894437128029199e-06,2.2964524203387e-05,True
857,TGCTGTG|7|29|103,4.894437128029199e-06,2.2964524203387e-05,True
859,TGCTTAT|7|29|139,4.894437128029199e-06,2.2964524203387e-05,True
1237,TGGTCGA|7|61|211,4.894437128029199e-06,2.2964524203387e-05,True
1232,TGGTTCG|7|61|183,4.894437128029199e-06,2.2964524203387e-05,True
1785,TGTATTG|7|141|167,4.894437128029199e-06,2.2964524203387e-05,True
1334,TGTCTTC|7|77|175,4.894437128029199e-06,2.2964524203387e-05,True
1333,TGTCTTG|7|77|167,4.894437128029199e-06,2.2964524203387e-05,True
2056,TGTGCTT|7|205|235,4.894437128029199e-06,2.2964524203387e-05,True
663,TGTTCTG|7|13|231,4.894437128029199e-06,2.2964524203387e-05,True
656,TGTTGTG|7|13|103,4.894437128029199e-06,2.2964524203387e-05,True
1919,TTAACCG|7|161|247,4.894437128029199e-06,2.2964524203387e-05,True
1512,TTACGCC|7|97|127,4.894437128029199e-06,2.2964524203387e-05,True
916,TTATATG|7|33|39,4.894437128029199e-06,2.2964524203387e-05,True
926,TTATCTC|7|33|239,4.894437128029199e-06,2.2964524203387e-05,True
920,TTATGAG|7|33|71,4.894437128029199e-06,2.2964524203387e-05,True
924,TTATTTT|7|33|171,4.894437128029199e-06,2.2964524203387e-05,True
1815,TTCACGC|7|145|223,4.894437128029199e-06,2.2964524203387e-05,True
1372,TTCCTCA|7|81|179,4.894437128029199e-06,2.2964524203387e-05,True
1374,TTCCTCC|7|81|191,4.894437128029199e-06,2.2964524203387e-05,True
1371,TTCCTGT|7|81|155,4.894437128029199e-06,2.2964524203387e-05,True
701,TTCTACC|7|17|63,4.894437128029199e-06,2.2964524203387e-05,True
704,TTCTCAA|7|17|195,4.894437128029199e-06,2.2964524203387e-05,True
1104,TTGTTCT|7|49|187,4.894437128029199e-06,2.2964524203387e-05,True
1707,TTTACTC|7|129|239,4.894437128029199e-06,2.2964524203387e-05,True
1701,TTTATTT|7|129|171,4.894437128029199e-06,2.2964524203387e-05,True
1248,TTTCGGC|7|65|95,4.894437128029199e-06,2.2964524203387e-05,True
2017,TTTGCGT|7|193|219,4.894437128029199e-06,2.2964524203387e-05,True
514,TTTTAGC|7|1|31,4.894437128029199e-06,2.2964524203387e-05,True
513,TTTTAGG|7|1|23,4.894437128029199e-06,2.2964524203387e-05,True
524,TTTTCCC|7|1|255,4.894437128029199e-06,2.2964524203387e-05,True
16,AACG|4|11|14,0.0005530843701478325,0.0005530843701478327,True
19,AGCC|4|15|16,0.0005530843701478325,0.0005530843701478327,True
4,ATCT|4|3|15,0.0005530843701478325,0.0005530843701478327,True
2,CTCT|4|2|15,0.0005530843701478325,0.0005530843701478327,True
6,GTTA|4|4|9,0.0005530843701478325,0.0005530843701478327,True
7,GTTG|4|4|10,0.0005530843701478325,0.0005530843701478327,True
18,TGCC|4|13|16,0.0005530843701478325,0.0005530843701478327,True
17,TGCT|4|13|15,0.0005530843701478325,0.0005530843701478327,True
1,TTTA|4|1|9,0.0005530843701478325,0.0005530843701478327,True
118,AAATC|5|43|45,0.0005530843701478325,0.0005530843701478327,True
54,AATAC|5|11|13,0.0005530843701478325,0.0005530843701478327,True
55,AATGT|5|11|25,0.0005530843701478325,0.0005530843701478327,True
56,AATTC|5|11|45,0.0005530843701478325,0.0005530843701478327,True
82,ACCGT|5|23|25,0.0005530843701478325,0.0005530843701478327,True
38,ACTCA|5|7|49,0.0005530843701478325,0.0005530843701478327,True
40,ACTCC|5|7|61,0.0005530843701478325,0.0005530843701478327,True
39,ACTCT|5|7|57,0.0005530843701478325,0.0005530843701478327,True
94,AGCCT|5|31|57,0.0005530843701478325,0.0005530843701478327,True
103,ATACT|5|35|57,0.0005530843701478325,0.0005530843701478327,True
121,ATGCC|5|51|61,0.0005530843701478325,0.0005530843701478327,True
26,ATTCG|5|3|53,0.0005530843701478325,0.0005530843701478327,True
25,ATTTA|5|3|33,0.0005530843701478325,0.0005530843701478327,True
92,CACGC|5|26|32,0.0005530843701478325,0.0005530843701478327,True
123,CAGCT|5|58|60,0.0005530843701478325,0.0005530843701478327,True
52,CATGC|5|10|32,0.0005530843701478325,0.0005530843701478327,True
80,CCCTG|5|22|40,0.0005530843701478325,0.0005530843701478327,True
32,CCTAC|5|6|16,0.0005530843701478325,0.0005530843701478327,True
34,CCTCC|5|6|64,0.0005530843701478325,0.0005530843701478327,True
67,CGTCA|5|14|52,0.0005530843701478325,0.0005530843701478327,True
68,CGTCG|5|14|56,0.0005530843701478325,0.0005530843701478327,True
63,CGTGG|5|14|24,0.0005530843701478325,0.0005530843701478327,True
66,CGTTC|5|14|48,0.0005530843701478325,0.0005530843701478327,True
64,CGTTG|5|14|40,0.0005530843701478325,0.0005530843701478327,True
98,CTATA|5|34|36,0.0005530843701478325,0.0005530843701478327,True
99,CTATT|5|34|44,0.0005530843701478325,0.0005530843701478327,True
24,CTTCT|5|2|60,0.0005530843701478325,0.0005530843701478327,True
119,GAACA|5|44|50,0.0005530843701478325,0.0005530843701478327,True
120,GAACG|5|44|54,0.0005530843701478325,0.0005530843701478327,True
114,GCATC|5|40|46,0.0005530843701478325,0.0005530843701478327,True
87,GCCTC|5|24|46,0.0005530843701478325,0.0005530843701478327,True
41,GCTAT|5|8|10,0.0005530843701478325,0.0005530843701478327,True
44,GCTCA|5|8|50,0.0005530843701478325,0.0005530843701478327,True
46,GCTCC|5|8|62,0.0005530843701478325,0.0005530843701478327,True
45,GCTCT|5|8|58,0.0005530843701478325,0.0005530843701478327,True
42,GCTTT|5|8|42,0.0005530843701478325,0.0005530843701478327,True
75,GTCTG|5|20|38,0.0005530843701478325,0.0005530843701478327,True
122,GTGCC|5|52|62,0.0005530843701478325,0.0005530843701478327,True
28,GTTTC|5|4|46,0.0005530843701478325,0.0005530843701478327,True
90,TACTT|5|25|43,0.0005530843701478325,0.0005530843701478327,True
110,TCACT|5|37|59,0.0005530843701478325,0.0005530843701478327,True
108,TCATT|5|37|43,0.0005530843701478325,0.0005530843701478327,True
78,TCCTC|5|21|47,0.0005530843701478325,0.0005530843701478327,True
77,TCCTT|5|21|43,0.0005530843701478325,0.0005530843701478327,True
58,TGTAC|5|13|15,0.0005530843701478325,0.0005530843701478327,True
62,TGTCC|5|13|63,0.0005530843701478325,0.0005530843701478327,True
59,TGTGC|5|13|31,0.0005530843701478325,0.0005530843701478327,True
60,TGTTT|5|13|43,0.0005530843701478325,0.0005530843701478327,True
96,TTACA|5|33|51,0.0005530843701478325,0.0005530843701478327,True
22,TTTTC|5|1|47,0.0005530843701478325,0.0005530843701478327,True
480,AAACCC|6|43|64,0.0005530843701478325,0.0005530843701478327,True
478,AAACGG|6|43|54,0.0005530843701478325,0.0005530843701478327,True
479,AAACGT|6|43|55,0.0005530843701478325,0.0005530843701478327,True
477,AAATCC|6|43|48,0.0005530843701478325,0.0005530843701478327,True
385,AACTGG|6|27|38,0.0005530843701478325,0.0005530843701478327,True
387,AACTTC|6|27|44,0.0005530843701478325,0.0005530843701478327,True
236,AATACT|6|11|15,0.0005530843701478325,0.0005530843701478327,True
244,AATCTA|6|11|57,0.0005530843701478325,0.0005530843701478327,True
245,AATCTG|6|11|58,0.0005530843701478325,0.0005530843701478327,True
238,AATGCA|6|11|29,0.0005530843701478325,0.0005530843701478327,True
240,AATTAC|6|11|36,0.0005530843701478325,0.0005530843701478327,True
461,ACATGT|6|39|39,0.0005530843701478325,0.0005530843701478327,True
349,ACCTAG|6|23|34,0.0005530843701478325,0.0005530843701478327,True
350,ACCTGG|6|23|38,0.0005530843701478325,0.0005530843701478327,True
190,ACTAGC|6|7|8,0.0005530843701478325,0.0005530843701478327,True
191,ACTATG|6|7|10,0.0005530843701478325,0.0005530843701478327,True
192,ACTATT|6|7|11,0.0005530843701478325,0.0005530843701478327,True
195,ACTGAG|6|7|18,0.0005530843701478325,0.0005530843701478327,True
197,ACTTAG|6|7|34,0.0005530843701478325,0.0005530843701478327,True
409,AGCCCT|6|31|63,0.0005530843701478325,0.0005530843701478327,True
407,AGCCGT|6|31|55,0.0005530843701478325,0.0005530843701478327,True
408,AGCCTA|6|31|57,0.0005530843701478325,0.0005530843701478327,True
290,AGTACT|6|15|15,0.0005530843701478325,0.0005530843701478327,True
291,AGTGAT|6|15|19,0.0005530843701478325,0.0005530843701478327,True
292,AGTGGA|6|15|21,0.0005530843701478325,0.0005530843701478327,True
430,ATACAC|6|35|52,0.0005530843701478325,0.0005530843701478327,True
152,ATTCCC|6|3|64,0.0005530843701478325,0.0005530843701478327,True
151,ATTTTC|6|3|44,0.0005530843701478325,0.0005530843701478327,True
474,CAACCG|6|42|62,0.0005530843701478325,0.0005530843701478327,True
472,CAATTC|6|42|44,0.0005530843701478325,0.0005530843701478327,True
376,CACTGA|6|26|37,0.0005530843701478325,0.0005530843701478327,True
378,CACTTC|6|26|44,0.0005530843701478325,0.0005530843701478327,True
511,CAGCCG|6|58|62,0.0005530843701478325,0.0005530843701478327,True
510,CAGCTG|6|58|58,0.0005530843701478325,0.0005530843701478327,True
233,CATTTT|6|10|43,0.0005530843701478325,0.0005530843701478327,True
453,CCATTA|6|38|41,0.0005530843701478325,0.0005530843701478327,True
454,CCATTT|6|38|43,0.0005530843701478325,0.0005530843701478327,True
343,CCCCGC|6|22|56,0.0005530843701478325,0.0005530843701478327,True
344,CCCCTA|6|22|57,0.0005530843701478325,0.0005530843701478327,True
345,CCCCTG|6|22|58,0.0005530843701478325,0.0005530843701478327,True
338,CCCGGC|6|22|24,0.0005530843701478325,0.0005530843701478327,True
340,CCCTCC|6|22|48,0.0005530843701478325,0.0005530843701478327,True
180,CCTACG|6|6|14,0.0005530843701478325,0.0005530843701478327,True
177,CCTAGT|6|6|7,0.0005530843701478325,0.0005530843701478327,True
186,CCTGCC|6|6|32,0.0005530843701478325,0.0005530843701478327,True
403,CGCCAT|6|30|51,0.0005530843701478325,0.0005530843701478327,True
404,CGCCGT|6|30|55,0.0005530843701478325,0.0005530843701478327,True
405,CGCCTT|6|30|59,0.0005530843701478325,0.0005530843701478327,True
270,CGTACG|6|14|14,0.0005530843701478325,0.0005530843701478327,True
286,CGTCCA|6|14|61,0.0005530843701478325,0.0005530843701478327,True
289,CGTCCC|6|14|64,0.0005530843701478325,0.0005530843701478327,True
288,CGTCCT|6|14|63,0.0005530843701478325,0.0005530843701478327,True
283,CGTCGA|6|14|53,0.0005530843701478325,0.0005530843701478327,True
284,CGTCGT|6|14|55,0.0005530843701478325,0.0005530843701478327,True
285,CGTCTA|6|14|57,0.0005530843701478325,0.0005530843701478327,True
277,CGTGCG|6|14|30,0.0005530843701478325,0.0005530843701478327,True
275,CGTGTA|6|14|25,0.0005530843701478325,0.0005530843701478327,True
281,CGTTCA|6|14|45,0.0005530843701478325,0.0005530843701478327,True
280,CGTTGA|6|14|37,0.0005530843701478325,0.0005530843701478327,True
425,CTACGC|6|34|56,0.0005530843701478325,0.0005530843701478327,True
421,CTATAG|6|34|34,0.0005530843701478325,0.0005530843701478327,True
422,CTATGT|6|34|39,0.0005530843701478325,0.0005530843701478327,True
313,CTCCAA|6|18|49,0.0005530843701478325,0.0005530843701478327,True
315,CTCCAT|6|18|51,0.0005530843701478325,0.0005530843701478327,True
307,CTCTAT|6|18|35,0.0005530843701478325,0.0005530843701478327,True
309,CTCTGG|6|18|38,0.0005530843701478325,0.0005530843701478327,True
311,CTCTTT|6|18|43,0.0005530843701478325,0.0005530843701478327,True
134,CTTAGC|6|2|8,0.0005530843701478325,0.0005530843701478327,True
135,CTTATC|6|2|12,0.0005530843701478325,0.0005530843701478327,True
144,CTTCCA|6|2|61,0.0005530843701478325,0.0005530843701478327,True
481,GAACAA|6|44|49,0.0005530843701478325,0.0005530843701478327,True
482,GAACGA|6|44|53,0.0005530843701478325,0.0005530843701478327,True
483,GAACGG|6|44|54,0.0005530843701478325,0.0005530843701478327,True
394,GACCTA|6|28|57,0.0005530843701478325,0.0005530843701478327,True
512,GAGCCA|6|60|61,0.0005530843701478325,0.0005530843701478327,True
255,GATCAG|6|12|50,0.0005530843701478325,0.0005530843701478327,True
256,GATCGC|6|12|56,0.0005530843701478325,0.0005530843701478327,True
251,GATGTA|6|12|25,0.0005530843701478325,0.0005530843701478327,True
469,GCACCT|6|40|63,0.0005530843701478325,0.0005530843701478327,True
356,GCCGTG|6|24|26,0.0005530843701478325,0.0005530843701478327,True
357,GCCGTT|6|24|27,0.0005530843701478325,0.0005530843701478327,True
364,GCCTCC|6|24|48,0.0005530843701478325,0.0005530843701478327,True
360,GCCTTG|6|24|42,0.0005530843701478325,0.0005530843701478327,True
203,GCTATA|6|8|9,0.0005530843701478325,0.0005530843701478327,True
204,GCTATG|6|8|10,0.0005530843701478325,0.0005530843701478327,True
210,GCTCAC|6|8|52,0.0005530843701478325,0.0005530843701478327,True
214,GCTCCA|6|8|61,0.0005530843701478325,0.0005530843701478327,True
211,GCTCGG|6|8|54,0.0005530843701478325,0.0005530843701478327,True
212,GCTCGT|6|8|55,0.0005530843701478325,0.0005530843701478327,True
208,GCTGGT|6|8|23,0.0005530843701478325,0.0005530843701478327,True
209,GCTTTG|6|8|42,0.0005530843701478325,0.0005530843701478327,True
490,GGACCG|6|48|62,0.0005530843701478325,0.0005530843701478327,True
414,GGCCGG|6|32|54,0.0005530843701478325,0.0005530843701478327,True
413,GGCTCC|6|32|48,0.0005530843701478325,0.0005530843701478327,True
412,GGCTCG|6|32|46,0.0005530843701478325,0.0005530843701478327,True
411,GGCTGT|6|32|39,0.0005530843701478325,0.0005530843701478327,True
444,GTACTC|6|36|60,0.0005530843701478325,0.0005530843701478327,True
435,GTATAC|6|36|36,0.0005530843701478325,0.0005530843701478327,True
436,GTATGA|6|36|37,0.0005530843701478325,0.0005530843701478327,True
438,GTATGT|6|36|39,0.0005530843701478325,0.0005530843701478327,True
439,GTATTG|6|36|42,0.0005530843701478325,0.0005530843701478327,True
324,GTCCAA|6|20|49,0.0005530843701478325,0.0005530843701478327,True
322,GTCTCA|6|20|45,0.0005530843701478325,0.0005530843701478327,True
323,GTCTCT|6|20|47,0.0005530843701478325,0.0005530843701478327,True
321,GTCTGG|6|20|38,0.0005530843701478325,0.0005530843701478327,True
498,GTGCGC|6|52|56,0.0005530843701478325,0.0005530843701478327,True
499,GTGCTA|6|52|57,0.0005530843701478325,0.0005530843701478327,True
154,GTTACG|6|4|14,0.0005530843701478325,0.0005530843701478327,True
156,GTTGTT|6|4|27,0.0005530843701478325,0.0005530843701478327,True
158,GTTTAC|6|4|36,0.0005530843701478325,0.0005530843701478327,True
160,GTTTCC|6|4|48,0.0005530843701478325,0.0005530843701478327,True
471,TAACCT|6|41|63,0.0005530843701478325,0.0005530843701478327,True
374,TACCCC|6|25|64,0.0005530843701478325,0.0005530843701478327,True
372,TACCGA|6|25|53,0.0005530843701478325,0.0005530843701478327,True
368,TACGCA|6|25|29,0.0005530843701478325,0.0005530843701478327,True
369,TACTAA|6|25|33,0.0005530843701478325,0.0005530843701478327,True
370,TACTAG|6|25|34,0.0005530843701478325,0.0005530843701478327,True
216,TATATC|6|9|12,0.0005530843701478325,0.0005530843701478327,True
228,TATCAA|6|9|49,0.0005530843701478325,0.0005530843701478327,True
222,TATGCA|6|9|29,0.0005530843701478325,0.0005530843701478327,True
223,TATGCG|6|9|30,0.0005530843701478325,0.0005530843701478327,True
219,TATGGG|6|9|22,0.0005530843701478325,0.0005530843701478327,True
220,TATGTA|6|9|25,0.0005530843701478325,0.0005530843701478327,True
226,TATTTT|6|9|43,0.0005530843701478325,0.0005530843701478327,True
449,TCACAT|6|37|51,0.0005530843701478325,0.0005530843701478327,True
450,TCACGG|6|37|54,0.0005530843701478325,0.0005530843701478327,True
451,TCACGT|6|37|55,0.0005530843701478325,0.0005530843701478327,True
452,TCACTA|6|37|57,0.0005530843701478325,0.0005530843701478327,True
448,TCATCA|6|37|45,0.0005530843701478325,0.0005530843701478327,True
446,TCATGG|6|37|38,0.0005530843701478325,0.0005530843701478327,True
447,TCATGT|6|37|39,0.0005530843701478325,0.0005530843701478327,True
330,TCCGCG|6|21|30,0.0005530843701478325,0.0005530843701478327,True
327,TCCGGA|6|21|21,0.0005530843701478325,0.0005530843701478327,True
501,TCGCGA|6|53|53,0.0005530843701478325,0.0005530843701478327,True
504,TCGCTT|6|53|59,0.0005530843701478325,0.0005530843701478327,True
163,TCTGAC|6|5|20,0.0005530843701478325,0.0005530843701478327,True
165,TCTGGG|6|5|22,0.0005530843701478325,0.0005530843701478327,True
167,TCTTAT|6|5|35,0.0005530843701478325,0.0005530843701478327,True
169,TCTTCG|6|5|46,0.0005530843701478325,0.0005530843701478327,True
168,TCTTTT|6|5|43,0.0005530843701478325,0.0005530843701478327,True
402,TGCCGC|6|29|56,0.0005530843701478325,0.0005530843701478327,True
397,TGCTAG|6|29|34,0.0005530843701478325,0.0005530843701478327,True
259,TGTGAT|6|13|19,0.0005530843701478325,0.0005530843701478327,True
264,TGTGCC|6|13|32,0.0005530843701478325,0.0005530843701478327,True
265,TGTTGG|6|13|38,0.0005530843701478325,0.0005530843701478327,True
266,TGTTGT|6|13|39,0.0005530843701478325,0.0005530843701478327,True
267,TGTTTC|6|13|44,0.0005530843701478325,0.0005530843701478327,True
418,TTACGA|6|33|53,0.0005530843701478325,0.0005530843701478327,True
419,TTACGT|6|33|55,0.0005530843701478325,0.0005530843701478327,True
416,TTATCG|6|33|46,0.0005530843701478325,0.0005530843701478327,True
302,TTCTGA|6|17|37,0.0005530843701478325,0.0005530843701478327,True
491,TTGCGC|6|49|56,0.0005530843701478325,0.0005530843701478327,True
492,TTGCTG|6|49|58,0.0005530843701478325,0.0005530843701478327,True
132,TTTCAA|6|1|49,0.0005530843701478325,0.0005530843701478327,True
133,TTTCGA|6|1|53,0.0005530843701478325,0.0005530843701478327,True
129,TTTGCC|6|1|32,0.0005530843701478325,0.0005530843701478327,True
131,TTTTGC|6|1|40,0.0005530843701478325,0.0005530843701478327,True
1953,AAAACGG|7|171|213,0.0005530843701478325,0.0005530843701478327,True
1597,AAACTAA|7|107|129,0.0005530843701478325,0.0005530843701478327,True
1598,AAACTAG|7|107|133,0.0005530843701478325,0.0005530843701478327,True
1601,AAACTCC|7|107|189,0.0005530843701478325,0.0005530843701478327,True
1023,AAATGTG|7|43|101,0.0005530843701478325,0.0005530843701478327,True
1027,AAATTTT|7|43|169,0.0005530843701478325,0.0005530843701478327,True
1891,AACACCG|7|155|245,0.0005530843701478325,0.0005530843701478327,True
1889,AACACGC|7|155|221,0.0005530843701478325,0.0005530843701478327,True
1888,AACACGT|7|155|217,0.0005530843701478325,0.0005530843701478327,True
1451,AACCCAT|7|91|201,0.0005530843701478325,0.0005530843701478327,True
1446,AACCGTG|7|91|101,0.0005530843701478325,0.0005530843701478327,True
1449,AACCTCA|7|91|177,0.0005530843701478325,0.0005530843701478327,True
1450,AACCTCT|7|91|185,0.0005530843701478325,0.0005530843701478327,True
1448,AACCTTG|7|91|165,0.0005530843701478325,0.0005530843701478327,True
831,AACTCAG|7|27|197,0.0005530843701478325,0.0005530843701478327,True
832,AACTCTG|7|27|229,0.0005530843701478325,0.0005530843701478327,True
820,AACTGAA|7|27|65,0.0005530843701478325,0.0005530843701478327,True
822,AACTGAC|7|27|77,0.0005530843701478325,0.0005530843701478327,True
821,AACTGAG|7|27|69,0.0005530843701478325,0.0005530843701478327,True
2004,AAGACGC|7|187|221,0.0005530843701478325,0.0005530843701478327,True
2005,AAGACTC|7|187|237,0.0005530843701478325,0.0005530843701478327,True
1670,AAGCCGG|7|123|213,0.0005530843701478325,0.0005530843701478327,True
1671,AAGCCGT|7|123|217,0.0005530843701478325,0.0005530843701478327,True
1664,AAGCTAT|7|123|137,0.0005530843701478325,0.0005530843701478327,True
1669,AAGCTCC|7|123|189,0.0005530843701478325,0.0005530843701478327,True
1668,AAGCTCT|7|123|185,0.0005530843701478325,0.0005530843701478327,True
1667,AAGCTTG|7|123|165,0.0005530843701478325,0.0005530843701478327,True
1220,AAGTGTG|7|59|101,0.0005530843701478325,0.0005530843701478327,True
1319,AATCCGA|7|75|209,0.0005530843701478325,0.0005530843701478327,True
2048,AATGCAC|7|203|205,0.0005530843701478325,0.0005530843701478327,True
2052,AATGCTT|7|203|233,0.0005530843701478325,0.0005530843701478327,True
641,AATTACT|7|11|57,0.0005530843701478325,0.0005530843701478327,True
644,AATTCTT|7|11|233,0.0005530843701478325,0.0005530843701478327,True
642,AATTGAC|7|11|77,0.0005530843701478325,0.0005530843701478327,True
643,AATTTCG|7|11|181,0.0005530843701478325,0.0005530843701478327,True
1936,ACAACAC|7|167|205,0.0005530843701478325,0.0005530843701478327,True
1566,ACACCCT|7|103|249,0.0005530843701478325,0.0005530843701478327,True
1564,ACACCGG|7|103|213,0.0005530843701478325,0.0005530843701478327,True
1565,ACACCTC|7|103|237,0.0005530843701478325,0.0005530843701478327,True
979,ACATCAA|7|39|193,0.0005530843701478325,0.0005530843701478327,True
978,ACATTCC|7|39|189,0.0005530843701478325,0.0005530843701478327,True
1865,ACCATCC|7|151|189,0.0005530843701478325,0.0005530843701478327,True
1421,ACCCTAT|7|87|137,0.0005530843701478325,0.0005530843701478327,True
1422,ACCCTGT|7|87|153,0.0005530843701478325,0.0005530843701478327,True
1423,ACCCTTT|7|87|169,0.0005530843701478325,0.0005530843701478327,True
794,ACCTCCG|7|23|245,0.0005530843701478325,0.0005530843701478327,True
792,ACCTCTG|7|23|229,0.0005530843701478325,0.0005530843701478327,True
781,ACCTGAC|7|23|77,0.0005530843701478325,0.0005530843701478327,True
784,ACCTGCG|7|23|117,0.0005530843701478325,0.0005530843701478327,True
785,ACCTGCT|7|23|121,0.0005530843701478325,0.0005530843701478327,True
786,ACCTTAT|7|23|137,0.0005530843701478325,0.0005530843701478327,True
788,ACCTTTT|7|23|169,0.0005530843701478325,0.0005530843701478327,True
1641,ACGCTCA|7|119|177,0.0005530843701478325,0.0005530843701478327,True
1639,ACGCTGA|7|119|145,0.0005530843701478325,0.0005530843701478327,True
1640,ACGCTTA|7|119|161,0.0005530843701478325,0.0005530843701478327,True
1178,ACGTACT|7|55|57,0.0005530843701478325,0.0005530843701478327,True
1193,ACGTCCC|7|55|253,0.0005530843701478325,0.0005530843701478327,True
1189,ACGTCGC|7|55|221,0.0005530843701478325,0.0005530843701478327,True
1191,ACGTCTC|7|55|237,0.0005530843701478325,0.0005530843701478327,True
1180,ACGTGGA|7|55|81,0.0005530843701478325,0.0005530843701478327,True
1182,ACGTGTA|7|55|97,0.0005530843701478325,0.0005530843701478327,True
1185,ACGTTAA|7|55|129,0.0005530843701478325,0.0005530843701478327,True
1187,ACGTTAC|7|55|141,0.0005530843701478325,0.0005530843701478327,True
1292,ACTCGAC|7|71|77,0.0005530843701478325,0.0005530843701478327,True
2033,ACTGCTG|7|199|229,0.0005530843701478325,0.0005530843701478327,True
587,ACTTATC|7|7|45,0.0005530843701478325,0.0005530843701478327,True
598,ACTTCAT|7|7|201,0.0005530843701478325,0.0005530843701478327,True
591,ACTTGGG|7|7|85,0.0005530843701478325,0.0005530843701478327,True
594,ACTTTGC|7|7|157,0.0005530843701478325,0.0005530843701478327,True
1078,AGATCTA|7|47|225,0.0005530843701478325,0.0005530843701478327,True
1075,AGATTCT|7|47|185,0.0005530843701478325,0.0005530843701478327,True
1074,AGATTGT|7|47|153,0.0005530843701478325,0.0005530843701478327,True
1916,AGCACCG|7|159|245,0.0005530843701478325,0.0005530843701478327,True
1497,AGCCCAC|7|95|205,0.0005530843701478325,0.0005530843701478327,True
1498,AGCCCGC|7|95|221,0.0005530843701478325,0.0005530843701478327,True
1499,AGCCCTA|7|95|225,0.0005530843701478325,0.0005530843701478327,True
1487,AGCCGCT|7|95|121,0.0005530843701478325,0.0005530843701478327,True
1493,AGCCTTC|7|95|173,0.0005530843701478325,0.0005530843701478327,True
2082,AGCGCTG|7|223|229,0.0005530843701478325,0.0005530843701478327,True
880,AGCTACA|7|31|49,0.0005530843701478325,0.0005530843701478327,True
881,AGCTACG|7|31|53,0.0005530843701478325,0.0005530843701478327,True
878,AGCTATA|7|31|33,0.0005530843701478325,0.0005530843701478327,True
879,AGCTATG|7|31|37,0.0005530843701478325,0.0005530843701478327,True
899,AGCTCGG|7|31|213,0.0005530843701478325,0.0005530843701478327,True
900,AGCTCTA|7|31|225,0.0005530843701478325,0.0005530843701478327,True
901,AGCTCTT|7|31|233,0.0005530843701478325,0.0005530843701478327,True
883,AGCTGAG|7|31|69,0.0005530843701478325,0.0005530843701478327,True
889,AGCTGCG|7|31|117,0.0005530843701478325,0.0005530843701478327,True
885,AGCTGGA|7|31|81,0.0005530843701478325,0.0005530843701478327,True
898,AGCTTCC|7|31|189,0.0005530843701478325,0.0005530843701478327,True
896,AGCTTCG|7|31|181,0.0005530843701478325,0.0005530843701478327,True
897,AGCTTCT|7|31|185,0.0005530843701478325,0.0005530843701478327,True
892,AGCTTGC|7|31|157,0.0005530843701478325,0.0005530843701478327,True
891,AGCTTGT|7|31|153,0.0005530843701478325,0.0005530843701478327,True
893,AGCTTTT|7|31|169,0.0005530843701478325,0.0005530843701478327,True
2012,AGGACCA|7|191|241,0.0005530843701478325,0.0005530843701478327,True
1691,AGGCCAC|7|127|205,0.0005530843701478325,0.0005530843701478327,True
1692,AGGCCTA|7|127|225,0.0005530843701478325,0.0005530843701478327,True
1693,AGGCCTG|7|127|229,0.0005530843701478325,0.0005530843701478327,True
1688,AGGCTAT|7|127|137,0.0005530843701478325,0.0005530843701478327,True
1798,AGTACGG|7|143|213,0.0005530843701478325,0.0005530843701478327,True
1799,AGTACTT|7|143|233,0.0005530843701478325,0.0005530843701478327,True
1356,AGTCCAC|7|79|205,0.0005530843701478325,0.0005530843701478327,True
682,AGTTCTC|7|15|237,0.0005530843701478325,0.0005530843701478327,True
678,AGTTGAA|7|15|65,0.0005530843701478325,0.0005530843701478327,True
681,AGTTTCG|7|15|181,0.0005530843701478325,0.0005530843701478327,True
1928,ATAACCG|7|163|245,0.0005530843701478325,0.0005530843701478327,True
1926,ATAATCA|7|163|177,0.0005530843701478325,0.0005530843701478327,True
1925,ATAATTC|7|163|173,0.0005530843701478325,0.0005530843701478327,True
1532,ATACCTT|7|99|233,0.0005530843701478325,0.0005530843701478327,True
1531,ATACTTC|7|99|173,0.0005530843701478325,0.0005530843701478327,True
940,ATATACC|7|35|61,0.0005530843701478325,0.0005530843701478327,True
939,ATATATG|7|35|37,0.0005530843701478325,0.0005530843701478327,True
941,ATATGGC|7|35|93,0.0005530843701478325,0.0005530843701478327,True
1829,ATCACAC|7|147|205,0.0005530843701478325,0.0005530843701478327,True
1828,ATCACAG|7|147|197,0.0005530843701478325,0.0005530843701478327,True
1834,ATCACCG|7|147|245,0.0005530843701478325,0.0005530843701478327,True
1830,ATCACGA|7|147|209,0.0005530843701478325,0.0005530843701478327,True
1832,ATCACTA|7|147|225,0.0005530843701478325,0.0005530843701478327,True
1833,ATCACTC|7|147|237,0.0005530843701478325,0.0005530843701478327,True
1825,ATCATGC|7|147|157,0.0005530843701478325,0.0005530843701478327,True
1391,ATCCGCA|7|83|113,0.0005530843701478325,0.0005530843701478327,True
1389,ATCCGTG|7|83|101,0.0005530843701478325,0.0005530843701478327,True
1392,ATCCTAA|7|83|129,0.0005530843701478325,0.0005530843701478327,True
1394,ATCCTAC|7|83|141,0.0005530843701478325,0.0005530843701478327,True
1393,ATCCTAG|7|83|133,0.0005530843701478325,0.0005530843701478327,True
2064,ATCGCCC|7|211|253,0.0005530843701478325,0.0005530843701478327,True
718,ATCTATC|7|19|45,0.0005530843701478325,0.0005530843701478327,True
719,ATCTGGT|7|19|89,0.0005530843701478325,0.0005530843701478327,True
720,ATCTGTG|7|19|101,0.0005530843701478325,0.0005530843701478327,True
722,ATCTTAC|7|19|141,0.0005530843701478325,0.0005530843701478327,True
723,ATCTTGC|7|19|157,0.0005530843701478325,0.0005530843701478327,True
1989,ATGACAA|7|179|193,0.0005530843701478325,0.0005530843701478327,True
1990,ATGACGT|7|179|217,0.0005530843701478325,0.0005530843701478327,True
1988,ATGATCC|7|179|189,0.0005530843701478325,0.0005530843701478327,True
1986,ATGATCG|7|179|181,0.0005530843701478325,0.0005530843701478327,True
1131,ATGTCCT|7|51|249,0.0005530843701478325,0.0005530843701478327,True
1122,ATGTGCA|7|51|113,0.0005530843701478325,0.0005530843701478327,True
1121,ATGTGTT|7|51|105,0.0005530843701478325,0.0005530843701478327,True
1124,ATGTTGG|7|51|149,0.0005530843701478325,0.0005530843701478327,True
1126,ATGTTTT|7|51|169,0.0005530843701478325,0.0005530843701478327,True
1721,ATTATAC|7|131|141,0.0005530843701478325,0.0005530843701478327,True
1720,ATTATAT|7|131|137,0.0005530843701478325,0.0005530843701478327,True
1252,ATTCTTA|7|67|161,0.0005530843701478325,0.0005530843701478327,True
543,ATTTACA|7|3|49,0.0005530843701478325,0.0005530843701478327,True
540,ATTTATA|7|3|33,0.0005530843701478325,0.0005530843701478327,True
542,ATTTATC|7|3|45,0.0005530843701478325,0.0005530843701478327,True
551,ATTTCAC|7|3|205,0.0005530843701478325,0.0005530843701478327,True
554,ATTTCCA|7|3|241,0.0005530843701478325,0.0005530843701478327,True
553,ATTTCTA|7|3|225,0.0005530843701478325,0.0005530843701478327,True
545,ATTTGCG|7|3|117,0.0005530843701478325,0.0005530843701478327,True
544,ATTTGTA|7|3|97,0.0005530843701478325,0.0005530843701478327,True
546,ATTTTGT|7|3|153,0.0005530843701478325,0.0005530843701478327,True
1949,CAAACTT|7|170|236,0.0005530843701478325,0.0005530843701478327,True
1591,CAACCGG|7|106|216,0.0005530843701478325,0.0005530843701478327,True
1594,CAACCTT|7|106|236,0.0005530843701478325,0.0005530843701478327,True
1584,CAACTAA|7|106|132,0.0005530843701478325,0.0005530843701478327,True
1588,CAACTCT|7|106|188,0.0005530843701478325,0.0005530843701478327,True
1002,CAATACC|7|42|64,0.0005530843701478325,0.0005530843701478327,True
1003,CAATGAA|7|42|68,0.0005530843701478325,0.0005530843701478327,True
1005,CAATGCA|7|42|116,0.0005530843701478325,0.0005530843701478327,True
1006,CAATGCG|7|42|120,0.0005530843701478325,0.0005530843701478327,True
1007,CAATTAT|7|42|140,0.0005530843701478325,0.0005530843701478327,True
1008,CAATTGA|7|42|148,0.0005530843701478325,0.0005530843701478327,True
1010,CAATTGC|7|42|160,0.0005530843701478325,0.0005530843701478327,True
813,CACTATC|7|26|48,0.0005530843701478325,0.0005530843701478327,True
815,CACTTAT|7|26|140,0.0005530843701478325,0.0005530843701478327,True
2003,CAGACTG|7|186|232,0.0005530843701478325,0.0005530843701478327,True
1659,CAGCCGA|7|122|212,0.0005530843701478325,0.0005530843701478327,True
1655,CAGCTAT|7|122|140,0.0005530843701478325,0.0005530843701478327,True
1657,CAGCTCA|7|122|180,0.0005530843701478325,0.0005530843701478327,True
1656,CAGCTTC|7|122|176,0.0005530843701478325,0.0005530843701478327,True
1769,CATACCG|7|138|248,0.0005530843701478325,0.0005530843701478327,True
1767,CATATCC|7|138|192,0.0005530843701478325,0.0005530843701478327,True
1765,CATATCG|7|138|184,0.0005530843701478325,0.0005530843701478327,True
1766,CATATCT|7|138|188,0.0005530843701478325,0.0005530843701478327,True
1764,CATATTA|7|138|164,0.0005530843701478325,0.0005530843701478327,True
1313,CATCCCA|7|74|244,0.0005530843701478325,0.0005530843701478327,True
1311,CATCTTT|7|74|172,0.0005530843701478325,0.0005530843701478327,True
2045,CATGCTA|7|202|228,0.0005530843701478325,0.0005530843701478327,True
2046,CATGCTG|7|202|232,0.0005530843701478325,0.0005530843701478327,True
635,CATTCGT|7|10|220,0.0005530843701478325,0.0005530843701478327,True
628,CATTGCG|7|10|120,0.0005530843701478325,0.0005530843701478327,True
626,CATTGTG|7|10|104,0.0005530843701478325,0.0005530843701478327,True
630,CATTTGT|7|10|156,0.0005530843701478325,0.0005530843701478327,True
631,CATTTTG|7|10|168,0.0005530843701478325,0.0005530843701478327,True
1556,CCACCAG|7|102|200,0.0005530843701478325,0.0005530843701478327,True
1559,CCACCCA|7|102|244,0.0005530843701478325,0.0005530843701478327,True
1560,CCACCCT|7|102|252,0.0005530843701478325,0.0005530843701478327,True
1558,CCACCTA|7|102|228,0.0005530843701478325,0.0005530843701478327,True
1549,CCACGCT|7|102|124,0.0005530843701478325,0.0005530843701478327,True
1553,CCACTGC|7|102|160,0.0005530843701478325,0.0005530843701478327,True
2093,CCAGCCG|7|230|248,0.0005530843701478325,0.0005530843701478327,True
1420,CCCCCGA|7|86|212,0.0005530843701478325,0.0005530843701478327,True
1413,CCCCGTA|7|86|100,0.0005530843701478325,0.0005530843701478327,True
1414,CCCCTAA|7|86|132,0.0005530843701478325,0.0005530843701478327,True
1418,CCCCTCA|7|86|180,0.0005530843701478325,0.0005530843701478327,True
1419,CCCCTCT|7|86|188,0.0005530843701478325,0.0005530843701478327,True
1415,CCCCTGA|7|86|148,0.0005530843701478325,0.0005530843701478327,True
1417,CCCCTTA|7|86|164,0.0005530843701478325,0.0005530843701478327,True
2069,CCCGCGT|7|214|220,0.0005530843701478325,0.0005530843701478327,True
2070,CCCGCTA|7|214|228,0.0005530843701478325,0.0005530843701478327,True
2071,CCCGCTT|7|214|236,0.0005530843701478325,0.0005530843701478327,True
779,CCCTCAA|7|22|196,0.0005530843701478325,0.0005530843701478327,True
780,CCCTCAG|7|22|200,0.0005530843701478325,0.0005530843701478327,True
771,CCCTGCC|7|22|128,0.0005530843701478325,0.0005530843701478327,True
768,CCCTGTA|7|22|100,0.0005530843701478325,0.0005530843701478327,True
773,CCCTTGT|7|22|156,0.0005530843701478325,0.0005530843701478327,True
774,CCCTTTA|7|22|164,0.0005530843701478325,0.0005530843701478327,True
1996,CCGACGA|7|182|212,0.0005530843701478325,0.0005530843701478327,True
1997,CCGACTT|7|182|236,0.0005530843701478325,0.0005530843701478327,True
1638,CCGCCTA|7|118|228,0.0005530843701478325,0.0005530843701478327,True
1635,CCGCGCT|7|118|124,0.0005530843701478325,0.0005530843701478327,True
1637,CCGCTTA|7|118|164,0.0005530843701478325,0.0005530843701478327,True
1177,CCGTCCC|7|54|256,0.0005530843701478325,0.0005530843701478327,True
1173,CCGTCGA|7|54|212,0.0005530843701478325,0.0005530843701478327,True
1175,CCGTCTT|7|54|236,0.0005530843701478325,0.0005530843701478327,True
1163,CCGTGCG|7|54|120,0.0005530843701478325,0.0005530843701478327,True
1166,CCGTTGG|7|54|152,0.0005530843701478325,0.0005530843701478327,True
1167,CCGTTGT|7|54|156,0.0005530843701478325,0.0005530843701478327,True
1169,CCGTTTC|7|54|176,0.0005530843701478325,0.0005530843701478327,True
1743,CCTACAA|7|134|196,0.0005530843701478325,0.0005530843701478327,True
1744,CCTACGG|7|134|216,0.0005530843701478325,0.0005530843701478327,True
1746,CCTACTT|7|134|236,0.0005530843701478325,0.0005530843701478327,True
1737,CCTATGT|7|134|156,0.0005530843701478325,0.0005530843701478327,True
1739,CCTATTG|7|134|168,0.0005530843701478325,0.0005530843701478327,True
1285,CCTCCAT|7|70|204,0.0005530843701478325,0.0005530843701478327,True
1291,CCTCCCC|7|70|256,0.0005530843701478325,0.0005530843701478327,True
1290,CCTCCCG|7|70|248,0.0005530843701478325,0.0005530843701478327,True
1288,CCTCCGC|7|70|224,0.0005530843701478325,0.0005530843701478327,True
1286,CCTCCGG|7|70|216,0.0005530843701478325,0.0005530843701478327,True
1287,CCTCCGT|7|70|220,0.0005530843701478325,0.0005530843701478327,True
1275,CCTCGAC|7|70|80,0.0005530843701478325,0.0005530843701478327,True
1274,CCTCGAG|7|70|72,0.0005530843701478325,0.0005530843701478327,True
1280,CCTCTGC|7|70|160,0.0005530843701478325,0.0005530843701478327,True
1279,CCTCTGG|7|70|152,0.0005530843701478325,0.0005530843701478327,True
2031,CCTGCCA|7|198|244,0.0005530843701478325,0.0005530843701478327,True
585,CCTTGTG|7|6|104,0.0005530843701478325,0.0005530843701478327,True
586,CCTTTGG|7|6|152,0.0005530843701478325,0.0005530843701478327,True
1967,CGAACAA|7|174|196,0.0005530843701478325,0.0005530843701478327,True
1968,CGAACAT|7|174|204,0.0005530843701478325,0.0005530843701478327,True
1972,CGAACCG|7|174|248,0.0005530843701478325,0.0005530843701478327,True
1973,CGAACCT|7|174|252,0.0005530843701478325,0.0005530843701478327,True
1969,CGAACGT|7|174|220,0.0005530843701478325,0.0005530843701478327,True
1966,CGAATCA|7|174|180,0.0005530843701478325,0.0005530843701478327,True
1965,CGAATTC|7|174|176,0.0005530843701478325,0.0005530843701478327,True
1616,CGACCGT|7|110|220,0.0005530843701478325,0.0005530843701478327,True
1059,CGATGTC|7|46|112,0.0005530843701478325,0.0005530843701478327,True
1062,CGATTAG|7|46|136,0.0005530843701478325,0.0005530843701478327,True
1065,CGATTGA|7|46|148,0.0005530843701478325,0.0005530843701478327,True
1066,CGATTTC|7|46|176,0.0005530843701478325,0.0005530843701478327,True
1911,CGCACCT|7|158|252,0.0005530843701478325,0.0005530843701478327,True
1910,CGCACGA|7|158|212,0.0005530843701478325,0.0005530843701478327,True
1484,CGCCCTT|7|94|236,0.0005530843701478325,0.0005530843701478327,True
1473,CGCCGCC|7|94|128,0.0005530843701478325,0.0005530843701478327,True
1474,CGCCTAA|7|94|132,0.0005530843701478325,0.0005530843701478327,True
1480,CGCCTCT|7|94|188,0.0005530843701478325,0.0005530843701478327,True
1479,CGCCTTC|7|94|176,0.0005530843701478325,0.0005530843701478327,True
1478,CGCCTTT|7|94|172,0.0005530843701478325,0.0005530843701478327,True
2081,CGCGCTC|7|222|240,0.0005530843701478325,0.0005530843701478327,True
867,CGCTACT|7|30|60,0.0005530843701478325,0.0005530843701478327,True
876,CGCTCGA|7|30|212,0.0005530843701478325,0.0005530843701478327,True
872,CGCTGCA|7|30|116,0.0005530843701478325,0.0005530843701478327,True
1684,CGGCCGA|7|126|212,0.0005530843701478325,0.0005530843701478327,True
1685,CGGCCTA|7|126|228,0.0005530843701478325,0.0005530843701478327,True
1687,CGGCCTC|7|126|240,0.0005530843701478325,0.0005530843701478327,True
1686,CGGCCTT|7|126|236,0.0005530843701478325,0.0005530843701478327,True
1681,CGGCTTC|7|126|176,0.0005530843701478325,0.0005530843701478327,True
1244,CGGTCTT|7|62|236,0.0005530843701478325,0.0005530843701478327,True
1238,CGGTGTG|7|62|104,0.0005530843701478325,0.0005530843701478327,True
1240,CGGTTGC|7|62|160,0.0005530843701478325,0.0005530843701478327,True
1239,CGGTTGG|7|62|152,0.0005530843701478325,0.0005530843701478327,True
1791,CGTACGG|7|142|216,0.0005530843701478325,0.0005530843701478327,True
1347,CGTCCGC|7|78|224,0.0005530843701478325,0.0005530843701478327,True
1346,CGTCCGG|7|78|216,0.0005530843701478325,0.0005530843701478327,True
1348,CGTCCTA|7|78|228,0.0005530843701478325,0.0005530843701478327,True
1342,CGTCGTT|7|78|108,0.0005530843701478325,0.0005530843701478327,True
666,CGTTAAC|7|14|16,0.0005530843701478325,0.0005530843701478327,True
668,CGTTACA|7|14|52,0.0005530843701478325,0.0005530843701478327,True
677,CGTTCCC|7|14|256,0.0005530843701478325,0.0005530843701478327,True
669,CGTTGGT|7|14|92,0.0005530843701478325,0.0005530843701478327,True
670,CGTTTAT|7|14|140,0.0005530843701478325,0.0005530843701478327,True
675,CGTTTCA|7|14|180,0.0005530843701478325,0.0005530843701478327,True
672,CGTTTGT|7|14|156,0.0005530843701478325,0.0005530843701478327,True
1920,CTAATCC|7|162|192,0.0005530843701478325,0.0005530843701478327,True
1524,CTACCGC|7|98|224,0.0005530843701478325,0.0005530843701478327,True
1526,CTACCTT|7|98|236,0.0005530843701478325,0.0005530843701478327,True
1519,CTACGCG|7|98|120,0.0005530843701478325,0.0005530843701478327,True
1522,CTACTGT|7|98|156,0.0005530843701478325,0.0005530843701478327,True
1523,CTACTTG|7|98|168,0.0005530843701478325,0.0005530843701478327,True
2087,CTAGCTC|7|226|240,0.0005530843701478325,0.0005530843701478327,True
2085,CTAGCTG|7|226|232,0.0005530843701478325,0.0005530843701478327,True
927,CTATATC|7|34|48,0.0005530843701478325,0.0005530843701478327,True
935,CTATCAC|7|34|208,0.0005530843701478325,0.0005530843701478327,True
934,CTATCAG|7|34|200,0.0005530843701478325,0.0005530843701478327,True
937,CTATCTC|7|34|240,0.0005530843701478325,0.0005530843701478327,True
929,CTATGGT|7|34|92,0.0005530843701478325,0.0005530843701478327,True
932,CTATTTA|7|34|164,0.0005530843701478325,0.0005530843701478327,True
933,CTATTTG|7|34|168,0.0005530843701478325,0.0005530843701478327,True
1822,CTCACAT|7|146|204,0.0005530843701478325,0.0005530843701478327,True
1380,CTCCGCT|7|82|124,0.0005530843701478325,0.0005530843701478327,True
1382,CTCCTAC|7|82|144,0.0005530843701478325,0.0005530843701478327,True
1383,CTCCTGA|7|82|148,0.0005530843701478325,0.0005530843701478327,True
1386,CTCCTTC|7|82|176,0.0005530843701478325,0.0005530843701478327,True
2063,CTCGCCG|7|210|248,0.0005530843701478325,0.0005530843701478327,True
710,CTCTACC|7|18|64,0.0005530843701478325,0.0005530843701478327,True
717,CTCTTCC|7|18|192,0.0005530843701478325,0.0005530843701478327,True
716,CTCTTGC|7|18|160,0.0005530843701478325,0.0005530843701478327,True
715,CTCTTGG|7|18|152,0.0005530843701478325,0.0005530843701478327,True
1983,CTGATCC|7|178|192,0.0005530843701478325,0.0005530843701478327,True
1629,CTGCTCT|7|114|188,0.0005530843701478325,0.0005530843701478327,True
2100,CTGGCCA|7|242|244,0.0005530843701478325,0.0005530843701478327,True
1110,CTGTGAC|7|50|80,0.0005530843701478325,0.0005530843701478327,True
1109,CTGTGAT|7|50|76,0.0005530843701478325,0.0005530843701478327,True
1114,CTGTGCC|7|50|128,0.0005530843701478325,0.0005530843701478327,True
1116,CTGTTTA|7|50|164,0.0005530843701478325,0.0005530843701478327,True
1117,CTGTTTC|7|50|176,0.0005530843701478325,0.0005530843701478327,True
1716,CTTACAT|7|130|204,0.0005530843701478325,0.0005530843701478327,True
1715,CTTATCC|7|130|192,0.0005530843701478325,0.0005530843701478327,True
1711,CTTATGT|7|130|156,0.0005530843701478325,0.0005530843701478327,True
537,CTTTTCA|7|2|180,0.0005530843701478325,0.0005530843701478327,True
1956,GAAACGA|7|172|210,0.0005530843701478325,0.0005530843701478327,True
1957,GAAACGG|7|172|214,0.0005530843701478325,0.0005530843701478327,True
1955,GAAATTC|7|172|174,0.0005530843701478325,0.0005530843701478327,True
1045,GAATCTC|7|44|238,0.0005530843701478325,0.0005530843701478327,True
1044,GAATCTT|7|44|234,0.0005530843701478325,0.0005530843701478327,True
1035,GAATGCA|7|44|114,0.0005530843701478325,0.0005530843701478327,True
1897,GACACGC|7|156|222,0.0005530843701478325,0.0005530843701478327,True
1461,GACCCAA|7|92|194,0.0005530843701478325,0.0005530843701478327,True
1462,GACCCGA|7|92|210,0.0005530843701478325,0.0005530843701478327,True
1463,GACCCGT|7|92|218,0.0005530843701478325,0.0005530843701478327,True
1458,GACCTAG|7|92|134,0.0005530843701478325,0.0005530843701478327,True
1460,GACCTCC|7|92|190,0.0005530843701478325,0.0005530843701478327,True
849,GACTCAG|7|28|198,0.0005530843701478325,0.0005530843701478327,True
854,GACTCCC|7|28|254,0.0005530843701478325,0.0005530843701478327,True
853,GACTCTC|7|28|238,0.0005530843701478325,0.0005530843701478327,True
852,GACTCTT|7|28|234,0.0005530843701478325,0.0005530843701478327,True
835,GACTGAA|7|28|66,0.0005530843701478325,0.0005530843701478327,True
838,GACTGAC|7|28|78,0.0005530843701478325,0.0005530843701478327,True
836,GACTGAG|7|28|70,0.0005530843701478325,0.0005530843701478327,True
837,GACTGAT|7|28|74,0.0005530843701478325,0.0005530843701478327,True
848,GACTTTG|7|28|166,0.0005530843701478325,0.0005530843701478327,True
2006,GAGACAA|7|188|194,0.0005530843701478325,0.0005530843701478327,True
1677,GAGCCGG|7|124|214,0.0005530843701478325,0.0005530843701478327,True
1674,GAGCTGC|7|124|158,0.0005530843701478325,0.0005530843701478327,True
1228,GAGTGTT|7|60|106,0.0005530843701478325,0.0005530843701478327,True
1780,GATACTG|7|140|230,0.0005530843701478325,0.0005530843701478327,True
1326,GATCCCC|7|76|254,0.0005530843701478325,0.0005530843701478327,True
1325,GATCCTG|7|76|230,0.0005530843701478325,0.0005530843701478327,True
1323,GATCGAC|7|76|78,0.0005530843701478325,0.0005530843701478327,True
2053,GATGCAC|7|204|206,0.0005530843701478325,0.0005530843701478327,True
2054,GATGCGA|7|204|210,0.0005530843701478325,0.0005530843701478327,True
2055,GATGCTG|7|204|230,0.0005530843701478325,0.0005530843701478327,True
645,GATTACC|7|12|62,0.0005530843701478325,0.0005530843701478327,True
652,GATTCCT|7|12|250,0.0005530843701478325,0.0005530843701478327,True
648,GATTGCT|7|12|122,0.0005530843701478325,0.0005530843701478327,True
646,GATTGGG|7|12|86,0.0005530843701478325,0.0005530843701478327,True
649,GATTTAC|7|12|142,0.0005530843701478325,0.0005530843701478327,True
651,GATTTCG|7|12|182,0.0005530843701478325,0.0005530843701478327,True
650,GATTTTA|7|12|162,0.0005530843701478325,0.0005530843701478327,True
1937,GCAACAG|7|168|198,0.0005530843701478325,0.0005530843701478327,True
1568,GCACTGT|7|104|154,0.0005530843701478325,0.0005530843701478327,True
2096,GCAGCCA|7|232|242,0.0005530843701478325,0.0005530843701478327,True
2095,GCAGCTT|7|232|234,0.0005530843701478325,0.0005530843701478327,True
990,GCATCCT|7|40|250,0.0005530843701478325,0.0005530843701478327,True
984,GCATGGA|7|40|82,0.0005530843701478325,0.0005530843701478327,True
985,GCATGGG|7|40|86,0.0005530843701478325,0.0005530843701478327,True
986,GCATTCA|7|40|178,0.0005530843701478325,0.0005530843701478327,True
1872,GCCATCA|7|152|178,0.0005530843701478325,0.0005530843701478327,True
1870,GCCATTA|7|152|162,0.0005530843701478325,0.0005530843701478327,True
801,GCCTCCG|7|24|246,0.0005530843701478325,0.0005530843701478327,True
800,GCCTCTG|7|24|230,0.0005530843701478325,0.0005530843701478327,True
795,GCCTGTA|7|24|98,0.0005530843701478325,0.0005530843701478327,True
796,GCCTGTG|7|24|102,0.0005530843701478325,0.0005530843701478327,True
799,GCCTTCT|7|24|186,0.0005530843701478325,0.0005530843701478327,True
797,GCCTTGC|7|24|158,0.0005530843701478325,0.0005530843701478327,True
1998,GCGACTC|7|184|238,0.0005530843701478325,0.0005530843701478327,True
1648,GCGCCGC|7|120|222,0.0005530843701478325,0.0005530843701478327,True
1649,GCGCCTA|7|120|226,0.0005530843701478325,0.0005530843701478327,True
1650,GCGCCTG|7|120|230,0.0005530843701478325,0.0005530843701478327,True
1645,GCGCTTA|7|120|162,0.0005530843701478325,0.0005530843701478327,True
1203,GCGTCAG|7|56|198,0.0005530843701478325,0.0005530843701478327,True
1208,GCGTCCT|7|56|250,0.0005530843701478325,0.0005530843701478327,True
1206,GCGTCGC|7|56|222,0.0005530843701478325,0.0005530843701478327,True
1204,GCGTCGG|7|56|214,0.0005530843701478325,0.0005530843701478327,True
1199,GCGTGCC|7|56|126,0.0005530843701478325,0.0005530843701478327,True
1194,GCGTGGG|7|56|86,0.0005530843701478325,0.0005530843701478327,True
1195,GCGTGTT|7|56|106,0.0005530843701478325,0.0005530843701478327,True
1202,GCGTTCC|7|56|190,0.0005530843701478325,0.0005530843701478327,True
1755,GCTACAG|7|136|198,0.0005530843701478325,0.0005530843701478327,True
1758,GCTACCA|7|136|242,0.0005530843701478325,0.0005530843701478327,True
1757,GCTACTT|7|136|234,0.0005530843701478325,0.0005530843701478327,True
2034,GCTGCAC|7|200|206,0.0005530843701478325,0.0005530843701478327,True
2039,GCTGCCC|7|200|254,0.0005530843701478325,0.0005530843701478327,True
2037,GCTGCGT|7|200|218,0.0005530843701478325,0.0005530843701478327,True
614,GCTTCAA|7|8|194,0.0005530843701478325,0.0005530843701478327,True
605,GCTTGAA|7|8|66,0.0005530843701478325,0.0005530843701478327,True
611,GCTTGCA|7|8|114,0.0005530843701478325,0.0005530843701478327,True
610,GCTTGTT|7|8|106,0.0005530843701478325,0.0005530843701478327,True
613,GCTTTTC|7|8|174,0.0005530843701478325,0.0005530843701478327,True
1981,GGAACCC|7|176|254,0.0005530843701478325,0.0005530843701478327,True
1979,GGAACCG|7|176|246,0.0005530843701478325,0.0005530843701478327,True
1980,GGAACCT|7|176|250,0.0005530843701478325,0.0005530843701478327,True
1977,GGAACGG|7|176|214,0.0005530843701478325,0.0005530843701478327,True
1976,GGAATCG|7|176|182,0.0005530843701478325,0.0005530843701478327,True
1622,GGACGCA|7|112|114,0.0005530843701478325,0.0005530843701478327,True
1092,GGATCCT|7|48|250,0.0005530843701478325,0.0005530843701478327,True
1081,GGATGAG|7|48|70,0.0005530843701478325,0.0005530843701478327,True
1083,GGATGGC|7|48|94,0.0005530843701478325,0.0005530843701478327,True
1082,GGATGGG|7|48|86,0.0005530843701478325,0.0005530843701478327,True
1086,GGATGTC|7|48|110,0.0005530843701478325,0.0005530843701478327,True
1085,GGATGTG|7|48|102,0.0005530843701478325,0.0005530843701478327,True
1917,GGCATCG|7|160|182,0.0005530843701478325,0.0005530843701478327,True
1500,GGCCTGA|7|96|146,0.0005530843701478325,0.0005530843701478327,True
1502,GGCCTGT|7|96|154,0.0005530843701478325,0.0005530843701478327,True
2083,GGCGCTC|7|224|238,0.0005530843701478325,0.0005530843701478327,True
912,GGCTCAC|7|32|206,0.0005530843701478325,0.0005530843701478327,True
911,GGCTCAG|7|32|198,0.0005530843701478325,0.0005530843701478327,True
915,GGCTCCC|7|32|254,0.0005530843701478325,0.0005530843701478327,True
913,GGCTCTT|7|32|234,0.0005530843701478325,0.0005530843701478327,True
902,GGCTGAG|7|32|70,0.0005530843701478325,0.0005530843701478327,True
905,GGCTGCG|7|32|118,0.0005530843701478325,0.0005530843701478327,True
903,GGCTGGG|7|32|86,0.0005530843701478325,0.0005530843701478327,True
904,GGCTGTA|7|32|98,0.0005530843701478325,0.0005530843701478327,True
907,GGCTTGC|7|32|158,0.0005530843701478325,0.0005530843701478327,True
908,GGCTTTG|7|32|166,0.0005530843701478325,0.0005530843701478327,True
2014,GGGACAC|7|192|206,0.0005530843701478325,0.0005530843701478327,True
1695,GGGCTAG|7|128|134,0.0005530843701478325,0.0005530843701478327,True
1696,GGGCTAT|7|128|138,0.0005530843701478325,0.0005530843701478327,True
1804,GGTACAC|7|144|206,0.0005530843701478325,0.0005530843701478327,True
1805,GGTACGT|7|144|218,0.0005530843701478325,0.0005530843701478327,True
1806,GGTACTA|7|144|226,0.0005530843701478325,0.0005530843701478327,True
1803,GGTATCC|7|144|190,0.0005530843701478325,0.0005530843701478327,True
1367,GGTCCGC|7|80|222,0.0005530843701478325,0.0005530843701478327,True
1361,GGTCGCC|7|80|126,0.0005530843701478325,0.0005530843701478327,True
1362,GGTCTAA|7|80|130,0.0005530843701478325,0.0005530843701478327,True
1363,GGTCTAT|7|80|138,0.0005530843701478325,0.0005530843701478327,True
686,GGTTAGC|7|16|30,0.0005530843701478325,0.0005530843701478327,True
696,GGTTCGA|7|16|210,0.0005530843701478325,0.0005530843701478327,True
690,GGTTGGA|7|16|82,0.0005530843701478325,0.0005530843701478327,True
1930,GTAACTC|7|164|238,0.0005530843701478325,0.0005530843701478327,True
1929,GTAATCT|7|164|186,0.0005530843701478325,0.0005530843701478327,True
1540,GTACCCA|7|100|242,0.0005530843701478325,0.0005530843701478327,True
1534,GTACTAC|7|100|142,0.0005530843701478325,0.0005530843701478327,True
1533,GTACTAT|7|100|138,0.0005530843701478325,0.0005530843701478327,True
2090,GTAGCCA|7|228|242,0.0005530843701478325,0.0005530843701478327,True
2091,GTAGCCT|7|228|250,0.0005530843701478325,0.0005530843701478327,True
1840,GTCACAC|7|148|206,0.0005530843701478325,0.0005530843701478327,True
1841,GTCACGA|7|148|210,0.0005530843701478325,0.0005530843701478327,True
1843,GTCACGC|7|148|222,0.0005530843701478325,0.0005530843701478327,True
1842,GTCACGT|7|148|218,0.0005530843701478325,0.0005530843701478327,True
1845,GTCACTG|7|148|230,0.0005530843701478325,0.0005530843701478327,True
1839,GTCATCA|7|148|178,0.0005530843701478325,0.0005530843701478327,True
1836,GTCATGC|7|148|158,0.0005530843701478325,0.0005530843701478327,True
1835,GTCATGT|7|148|154,0.0005530843701478325,0.0005530843701478327,True
1838,GTCATTG|7|148|166,0.0005530843701478325,0.0005530843701478327,True
1399,GTCCGCA|7|84|114,0.0005530843701478325,0.0005530843701478327,True
1400,GTCCGCG|7|84|118,0.0005530843701478325,0.0005530843701478327,True
1398,GTCCGTC|7|84|110,0.0005530843701478325,0.0005530843701478327,True
1396,GTCCGTG|7|84|102,0.0005530843701478325,0.0005530843701478327,True
1397,GTCCGTT|7|84|106,0.0005530843701478325,0.0005530843701478327,True
1402,GTCCTAC|7|84|142,0.0005530843701478325,0.0005530843701478327,True
1401,GTCCTAT|7|84|138,0.0005530843701478325,0.0005530843701478327,True
2066,GTCGCCA|7|212|242,0.0005530843701478325,0.0005530843701478327,True
729,GTCTATA|7|20|34,0.0005530843701478325,0.0005530843701478327,True
740,GTCTCTA|7|20|226,0.0005530843701478325,0.0005530843701478327,True
741,GTCTCTT|7|20|234,0.0005530843701478325,0.0005530843701478327,True
738,GTCTTCT|7|20|186,0.0005530843701478325,0.0005530843701478327,True
1631,GTGCTAC|7|116|142,0.0005530843701478325,0.0005530843701478327,True
1632,GTGCTTC|7|116|174,0.0005530843701478325,0.0005530843701478327,True
1132,GTGTACG|7|52|54,0.0005530843701478325,0.0005530843701478327,True
1146,GTGTCGC|7|52|222,0.0005530843701478325,0.0005530843701478327,True
1148,GTGTCTT|7|52|234,0.0005530843701478325,0.0005530843701478327,True
1142,GTGTGCG|7|52|118,0.0005530843701478325,0.0005530843701478327,True
1141,GTGTGTG|7|52|102,0.0005530843701478325,0.0005530843701478327,True
1144,GTGTTAA|7|52|130,0.0005530843701478325,0.0005530843701478327,True
1732,GTTACCA|7|132|242,0.0005530843701478325,0.0005530843701478327,True
1730,GTTACGT|7|132|218,0.0005530843701478325,0.0005530843701478327,True
1731,GTTACTC|7|132|238,0.0005530843701478325,0.0005530843701478327,True
1727,GTTATTA|7|132|162,0.0005530843701478325,0.0005530843701478327,True
1260,GTTCCAG|7|68|198,0.0005530843701478325,0.0005530843701478327,True
1259,GTTCTCT|7|68|186,0.0005530843701478325,0.0005530843701478327,True
1257,GTTCTGA|7|68|146,0.0005530843701478325,0.0005530843701478327,True
557,GTTTAGC|7|4|30,0.0005530843701478325,0.0005530843701478327,True
562,GTTTCTG|7|4|230,0.0005530843701478325,0.0005530843701478327,True
563,GTTTCTT|7|4|234,0.0005530843701478325,0.0005530843701478327,True
558,GTTTGTT|7|4|106,0.0005530843701478325,0.0005530843701478327,True
560,GTTTTCC|7|4|190,0.0005530843701478325,0.0005530843701478327,True
559,GTTTTCT|7|4|186,0.0005530843701478325,0.0005530843701478327,True
1943,TAAACAC|7|169|207,0.0005530843701478325,0.0005530843701478327,True
1944,TAAACGG|7|169|215,0.0005530843701478325,0.0005530843701478327,True
1577,TAACCAA|7|105|195,0.0005530843701478325,0.0005530843701478327,True
1579,TAACCGC|7|105|223,0.0005530843701478325,0.0005530843701478327,True
1578,TAACCGG|7|105|215,0.0005530843701478325,0.0005530843701478327,True
1580,TAACCTA|7|105|227,0.0005530843701478325,0.0005530843701478327,True
1576,TAACTCA|7|105|179,0.0005530843701478325,0.0005530843701478327,True
1575,TAACTTT|7|105|171,0.0005530843701478325,0.0005530843701478327,True
2097,TAAGCTC|7|233|239,0.0005530843701478325,0.0005530843701478327,True
999,TAATCAG|7|41|199,0.0005530843701478325,0.0005530843701478327,True
1001,TAATCTG|7|41|231,0.0005530843701478325,0.0005530843701478327,True
995,TAATGTA|7|41|99,0.0005530843701478325,0.0005530843701478327,True
998,TAATGTC|7|41|111,0.0005530843701478325,0.0005530843701478327,True
1881,TACACTA|7|153|227,0.0005530843701478325,0.0005530843701478327,True
1440,TACCCTC|7|89|239,0.0005530843701478325,0.0005530843701478327,True
2075,TACGCGT|7|217|219,0.0005530843701478325,0.0005530843701478327,True
804,TACTAGC|7|25|31,0.0005530843701478325,0.0005530843701478327,True
805,TACTATC|7|25|47,0.0005530843701478325,0.0005530843701478327,True
810,TACTCCG|7|25|247,0.0005530843701478325,0.0005530843701478327,True
811,TACTCCT|7|25|251,0.0005530843701478325,0.0005530843701478327,True
808,TACTGCG|7|25|119,0.0005530843701478325,0.0005530843701478327,True
807,TACTGGC|7|25|95,0.0005530843701478325,0.0005530843701478327,True
2001,TAGACCC|7|185|255,0.0005530843701478325,0.0005530843701478327,True
2000,TAGACGC|7|185|223,0.0005530843701478325,0.0005530843701478327,True
1651,TAGCGCT|7|121|123,0.0005530843701478325,0.0005530843701478327,True
1654,TAGCTCA|7|121|179,0.0005530843701478325,0.0005530843701478327,True
1209,TAGTGAT|7|57|75,0.0005530843701478325,0.0005530843701478327,True
1210,TAGTTTT|7|57|171,0.0005530843701478325,0.0005530843701478327,True
1761,TATACTA|7|137|227,0.0005530843701478325,0.0005530843701478327,True
1305,TATCGCC|7|73|127,0.0005530843701478325,0.0005530843701478327,True
1307,TATCTGT|7|73|155,0.0005530843701478325,0.0005530843701478327,True
1934,TCAATCC|7|165|191,0.0005530843701478325,0.0005530843701478327,True
1931,TCAATTG|7|165|167,0.0005530843701478325,0.0005530843701478327,True
1544,TCACCAG|7|101|199,0.0005530843701478325,0.0005530843701478327,True
1545,TCACCAT|7|101|203,0.0005530843701478325,0.0005530843701478327,True
1548,TCACCCT|7|101|251,0.0005530843701478325,0.0005530843701478327,True
1542,TCACTGC|7|101|159,0.0005530843701478325,0.0005530843701478327,True
2092,TCAGCCC|7|229|255,0.0005530843701478325,0.0005530843701478327,True
963,TCATCTG|7|37|231,0.0005530843701478325,0.0005530843701478327,True
960,TCATTTC|7|37|175,0.0005530843701478325,0.0005530843701478327,True
959,TCATTTG|7|37|167,0.0005530843701478325,0.0005530843701478327,True
1853,TCCACAG|7|149|199,0.0005530843701478325,0.0005530843701478327,True
1855,TCCACGG|7|149|215,0.0005530843701478325,0.0005530843701478327,True
1856,TCCACGT|7|149|219,0.0005530843701478325,0.0005530843701478327,True
1852,TCCATCC|7|149|191,0.0005530843701478325,0.0005530843701478327,True
1850,TCCATTC|7|149|175,0.0005530843701478325,0.0005530843701478327,True
1849,TCCATTT|7|149|171,0.0005530843701478325,0.0005530843701478327,True
1409,TCCCCAA|7|85|195,0.0005530843701478325,0.0005530843701478327,True
1410,TCCCCAG|7|85|199,0.0005530843701478325,0.0005530843701478327,True
1412,TCCCCGC|7|85|223,0.0005530843701478325,0.0005530843701478327,True
1405,TCCCTAG|7|85|135,0.0005530843701478325,0.0005530843701478327,True
1406,TCCCTAT|7|85|139,0.0005530843701478325,0.0005530843701478327,True
1407,TCCCTTG|7|85|167,0.0005530843701478325,0.0005530843701478327,True
746,TCCTAGC|7|21|31,0.0005530843701478325,0.0005530843701478327,True
758,TCCTCAG|7|21|199,0.0005530843701478325,0.0005530843701478327,True
764,TCCTCCG|7|21|247,0.0005530843701478325,0.0005530843701478327,True
763,TCCTCTG|7|21|231,0.0005530843701478325,0.0005530843701478327,True
757,TCCTTCC|7|21|191,0.0005530843701478325,0.0005530843701478327,True
754,TCCTTGA|7|21|147,0.0005530843701478325,0.0005530843701478327,True
1994,TCGACCG|7|181|247,0.0005530843701478325,0.0005530843701478327,True
1992,TCGACGC|7|181|223,0.0005530843701478325,0.0005530843701478327,True
1991,TCGACGT|7|181|219,0.0005530843701478325,0.0005530843701478327,True
1634,TCGCTCC|7|117|191,0.0005530843701478325,0.0005530843701478327,True
2102,TCGGCCC|7|245|255,0.0005530843701478325,0.0005530843701478327,True
1160,TCGTCAC|7|53|207,0.0005530843701478325,0.0005530843701478327,True
1159,TCGTCAG|7|53|199,0.0005530843701478325,0.0005530843701478327,True
1161,TCGTCTA|7|53|227,0.0005530843701478325,0.0005530843701478327,True
1152,TCGTGTA|7|53|99,0.0005530843701478325,0.0005530843701478327,True
1155,TCGTTAG|7|53|135,0.0005530843701478325,0.0005530843701478327,True
1273,TCTCCTG|7|69|231,0.0005530843701478325,0.0005530843701478327,True
1264,TCTCGAG|7|69|71,0.0005530843701478325,0.0005530843701478327,True
1266,TCTCGGG|7|69|87,0.0005530843701478325,0.0005530843701478327,True
1269,TCTCTTA|7|69|163,0.0005530843701478325,0.0005530843701478327,True
2026,TCTGCAC|7|197|207,0.0005530843701478325,0.0005530843701478327,True
2030,TCTGCTC|7|197|239,0.0005530843701478325,0.0005530843701478327,True
2029,TCTGCTG|7|197|231,0.0005530843701478325,0.0005530843701478327,True
576,TCTTCTT|7|5|235,0.0005530843701478325,0.0005530843701478327,True
565,TCTTGTA|7|5|99,0.0005530843701478325,0.0005530843701478327,True
566,TCTTGTC|7|5|111,0.0005530843701478325,0.0005530843701478327,True
568,TCTTTAA|7|5|131,0.0005530843701478325,0.0005530843701478327,True
1962,TGAACAA|7|173|195,0.0005530843701478325,0.0005530843701478327,True
1963,TGAACAG|7|173|199,0.0005530843701478325,0.0005530843701478327,True
1964,TGAACGT|7|173|219,0.0005530843701478325,0.0005530843701478327,True
1959,TGAATCA|7|173|179,0.0005530843701478325,0.0005530843701478327,True
1961,TGAATCC|7|173|191,0.0005530843701478325,0.0005530843701478327,True
1612,TGACTTC|7|109|175,0.0005530843701478325,0.0005530843701478327,True
1053,TGATCAG|7|45|199,0.0005530843701478325,0.0005530843701478327,True
1049,TGATGGC|7|45|95,0.0005530843701478325,0.0005530843701478327,True
1050,TGATGTG|7|45|103,0.0005530843701478325,0.0005530843701478327,True
1905,TGCACAC|7|157|207,0.0005530843701478325,0.0005530843701478327,True
1908,TGCACCG|7|157|247,0.0005530843701478325,0.0005530843701478327,True
1907,TGCACTA|7|157|227,0.0005530843701478325,0.0005530843701478327,True
1470,TGCCCGC|7|93|223,0.0005530843701478325,0.0005530843701478327,True
1465,TGCCGTA|7|93|99,0.0005530843701478325,0.0005530843701478327,True
2079,TGCGCTT|7|221|235,0.0005530843701478325,0.0005530843701478327,True
862,TGCTCTC|7|29|239,0.0005530843701478325,0.0005530843701478327,True
858,TGCTGCC|7|29|127,0.0005530843701478325,0.0005530843701478327,True
856,TGCTGTA|7|29|99,0.0005530843701478325,0.0005530843701478327,True
2010,TGGACGG|7|189|215,0.0005530843701478325,0.0005530843701478327,True
1233,TGGTTCT|7|61|187,0.0005530843701478325,0.0005530843701478327,True
1787,TGTACGA|7|141|211,0.0005530843701478325,0.0005530843701478327,True
1789,TGTACTT|7|141|235,0.0005530843701478325,0.0005530843701478327,True
1786,TGTATTC|7|141|175,0.0005530843701478325,0.0005530843701478327,True
1338,TGTCCCA|7|77|243,0.0005530843701478325,0.0005530843701478327,True
1339,TGTCCCG|7|77|247,0.0005530843701478325,0.0005530843701478327,True
1337,TGTCCTA|7|77|227,0.0005530843701478325,0.0005530843701478327,True
1331,TGTCGCA|7|77|115,0.0005530843701478325,0.0005530843701478327,True
1328,TGTCGGC|7|77|95,0.0005530843701478325,0.0005530843701478327,True
2057,TGTGCCT|7|205|251,0.0005530843701478325,0.0005530843701478327,True
653,TGTTAAC|7|13|15,0.0005530843701478325,0.0005530843701478327,True
654,TGTTAGG|7|13|23,0.0005530843701478325,0.0005530843701478327,True
665,TGTTCCA|7|13|243,0.0005530843701478325,0.0005530843701478327,True
662,TGTTCGC|7|13|223,0.0005530843701478325,0.0005530843701478327,True
664,TGTTCTC|7|13|239,0.0005530843701478325,0.0005530843701478327,True
658,TGTTTGA|7|13|147,0.0005530843701478325,0.0005530843701478327,True
659,TGTTTTA|7|13|163,0.0005530843701478325,0.0005530843701478327,True
1517,TTACCCC|7|97|255,0.0005530843701478325,0.0005530843701478327,True
1515,TTACCGA|7|97|211,0.0005530843701478325,0.0005530843701478327,True
1510,TTACGTG|7|97|103,0.0005530843701478325,0.0005530843701478327,True
1514,TTACTCG|7|97|183,0.0005530843701478325,0.0005530843701478327,True
2084,TTAGCTA|7|225|227,0.0005530843701478325,0.0005530843701478327,True
918,TTATACC|7|33|63,0.0005530843701478325,0.0005530843701478327,True
917,TTATACT|7|33|59,0.0005530843701478325,0.0005530843701478327,True
925,TTATCGA|7|33|211,0.0005530843701478325,0.0005530843701478327,True
919,TTATGAA|7|33|67,0.0005530843701478325,0.0005530843701478327,True
921,TTATGTG|7|33|103,0.0005530843701478325,0.0005530843701478327,True
1813,TTCACAC|7|145|207,0.0005530843701478325,0.0005530843701478327,True
1820,TTCACCC|7|145|255,0.0005530843701478325,0.0005530843701478327,True
1814,TTCACGG|7|145|215,0.0005530843701478325,0.0005530843701478327,True
1817,TTCACTC|7|145|239,0.0005530843701478325,0.0005530843701478327,True
1816,TTCACTT|7|145|235,0.0005530843701478325,0.0005530843701478327,True
1811,TTCATCA|7|145|179,0.0005530843701478325,0.0005530843701478327,True
1808,TTCATGA|7|145|147,0.0005530843701478325,0.0005530843701478327,True
1809,TTCATTA|7|145|163,0.0005530843701478325,0.0005530843701478327,True
1810,TTCATTT|7|145|171,0.0005530843701478325,0.0005530843701478327,True
1376,TTCCCTG|7|81|231,0.0005530843701478325,0.0005530843701478327,True
1369,TTCCGGT|7|81|91,0.0005530843701478325,0.0005530843701478327,True
1373,TTCCTCT|7|81|187,0.0005530843701478325,0.0005530843701478327,True
2062,TTCGCGC|7|209|223,0.0005530843701478325,0.0005530843701478327,True
700,TTCTACT|7|17|59,0.0005530843701478325,0.0005530843701478327,True
699,TTCTATC|7|17|47,0.0005530843701478325,0.0005530843701478327,True
708,TTCTCCT|7|17|251,0.0005530843701478325,0.0005530843701478327,True
702,TTCTGAA|7|17|67,0.0005530843701478325,0.0005530843701478327,True
1982,TTGACAC|7|177|207,0.0005530843701478325,0.0005530843701478327,True
1628,TTGCCTA|7|113|227,0.0005530843701478325,0.0005530843701478327,True
1624,TTGCTAG|7|113|135,0.0005530843701478325,0.0005530843701478327,True
1626,TTGCTGG|7|113|151,0.0005530843701478325,0.0005530843701478327,True
1093,TTGTACG|7|49|55,0.0005530843701478325,0.0005530843701478327,True
1094,TTGTACT|7|49|59,0.0005530843701478325,0.0005530843701478327,True
1096,TTGTGCA|7|49|115,0.0005530843701478325,0.0005530843701478327,True
1098,TTGTGCC|7|49|127,0.0005530843701478325,0.0005530843701478327,True
1099,TTGTTAA|7|49|131,0.0005530843701478325,0.0005530843701478327,True
1102,TTGTTCA|7|49|179,0.0005530843701478325,0.0005530843701478327,True
1704,TTTACAC|7|129|207,0.0005530843701478325,0.0005530843701478327,True
1703,TTTACAG|7|129|199,0.0005530843701478325,0.0005530843701478327,True
1708,TTTACCA|7|129|243,0.0005530843701478325,0.0005530843701478327,True
1706,TTTACGC|7|129|223,0.0005530843701478325,0.0005530843701478327,True
1705,TTTACGT|7|129|219,0.0005530843701478325,0.0005530843701478327,True
1698,TTTATAG|7|129|135,0.0005530843701478325,0.0005530843701478327,True
1699,TTTATAT|7|129|139,0.0005530843701478325,0.0005530843701478327,True
1702,TTTATTC|7|129|175,0.0005530843701478325,0.0005530843701478327,True
2018,TTTGCTA|7|193|227,0.0005530843701478325,0.0005530843701478327,True
517,TTTTGCC|7|1|127,0.0005530843701478325,0.0005530843701478327,True
523,TTTTTTC|7|1|175,0.0005530843701478325,0.0005530843701478327,True
9,ACGT|4|7|7,0.0005530843701478327,0.0005530843701478327,True
10,ACTC|4|7|12,0.0005530843701478327,0.0005530843701478327,True
3,ATAT|4|3|3,0.0005530843701478327,0.0005530843701478327,True
13,CACA|4|10|13,0.0005530843701478327,0.0005530843701478327,True
15,CACC|4|10|16,0.0005530843701478327,0.0005530843701478327,True
14,CACT|4|10|15,0.0005530843701478327,0.0005530843701478327,True
5,GTGC|4|4|8,0.0005530843701478327,0.0005530843701478327,True
8,GTTC|4|4|12,0.0005530843701478327,0.0005530843701478327,True
93,AACCA|5|27|49,0.0005530843701478327,0.0005530843701478327,True
113,ACACG|5|39|53,0.0005530843701478327,0.0005530843701478327,True
85,ACCCG|5|23|53,0.0005530843701478327,0.0005530843701478327,True
83,ACCGC|5|23|29,0.0005530843701478327,0.0005530843701478327,True
84,ACCTC|5|23|45,0.0005530843701478327,0.0005530843701478327,True
35,ACTAT|5|7|9,0.0005530843701478327,0.0005530843701478327,True
36,ACTTG|5|7|37,0.0005530843701478327,0.0005530843701478327,True
69,AGTTG|5|15|37,0.0005530843701478327,0.0005530843701478327,True
104,ATACC|5|35|61,0.0005530843701478327,0.0005530843701478327,True
74,ATCCA|5|19|49,0.0005530843701478327,0.0005530843701478327,True
27,ATTCC|5|3|61,0.0005530843701478327,0.0005530843701478327,True
117,CAACG|5|42|56,0.0005530843701478327,0.0005530843701478327,True
53,CATCG|5|10|56,0.0005530843701478327,0.0005530843701478327,True
112,CCATC|5|38|48,0.0005530843701478327,0.0005530843701478327,True
111,CCATG|5|38|40,0.0005530843701478327,0.0005530843701478327,True
33,CCTTC|5|6|48,0.0005530843701478327,0.0005530843701478327,True
65,CGTTT|5|14|44,0.0005530843701478327,0.0005530843701478327,True
100,CTACT|5|34|60,0.0005530843701478327,0.0005530843701478327,True
73,CTCCG|5|18|56,0.0005530843701478327,0.0005530843701478327,True
72,CTCGA|5|18|20,0.0005530843701478327,0.0005530843701478327,True
115,GCACG|5|40|54,0.0005530843701478327,0.0005530843701478327,True
88,GCCCG|5|24|54,0.0005530843701478327,0.0005530843701478327,True
86,GCCGC|5|24|30,0.0005530843701478327,0.0005530843701478327,True
43,GCTTC|5|8|46,0.0005530843701478327,0.0005530843701478327,True
95,GGCTA|5|32|34,0.0005530843701478327,0.0005530843701478327,True
70,GGTTA|5|16|34,0.0005530843701478327,0.0005530843701478327,True
106,GTACC|5|36|62,0.0005530843701478327,0.0005530843701478327,True
105,GTATT|5|36|42,0.0005530843701478327,0.0005530843701478327,True
29,GTTCC|5|4|62,0.0005530843701478327,0.0005530843701478327,True
116,TAACC|5|41|63,0.0005530843701478327,0.0005530843701478327,True
91,TACCT|5|25|59,0.0005530843701478327,0.0005530843701478327,True
89,TACGC|5|25|31,0.0005530843701478327,0.0005530843701478327,True
48,TATCC|5|9|63,0.0005530843701478327,0.0005530843701478327,True
47,TATCT|5|9|59,0.0005530843701478327,0.0005530843701478327,True
109,TCATC|5|37|47,0.0005530843701478327,0.0005530843701478327,True
107,TCATG|5|37|39,0.0005530843701478327,0.0005530843701478327,True
79,TCCCG|5|21|55,0.0005530843701478327,0.0005530843701478327,True
76,TCCGT|5|21|27,0.0005530843701478327,0.0005530843701478327,True
30,TCTAT|5|5|11,0.0005530843701478327,0.0005530843701478327,True
31,TCTCA|5|5|51,0.0005530843701478327,0.0005530843701478327,True
476,AAATCT|6|43|47,0.0005530843701478327,0.0005530843701478327,True
392,AACCCC|6|27|64,0.0005530843701478327,0.0005530843701478327,True
391,AACCCT|6|27|63,0.0005530843701478327,0.0005530843701478327,True
390,AACCTG|6|27|58,0.0005530843701478327,0.0005530843701478327,True
389,AACTCC|6|27|48,0.0005530843701478327,0.0005530843701478327,True
243,AATCAC|6|11|52,0.0005530843701478327,0.0005530843701478327,True
237,AATGTC|6|11|28,0.0005530843701478327,0.0005530843701478327,True
239,AATTAA|6|11|33,0.0005530843701478327,0.0005530843701478327,True
241,AATTGA|6|11|37,0.0005530843701478327,0.0005530843701478327,True
463,ACACTT|6|39|59,0.0005530843701478327,0.0005530843701478327,True
353,ACCCAA|6|23|49,0.0005530843701478327,0.0005530843701478327,True
354,ACCCGT|6|23|55,0.0005530843701478327,0.0005530843701478327,True
355,ACCCTA|6|23|57,0.0005530843701478327,0.0005530843701478327,True
348,ACCGTT|6|23|27,0.0005530843701478327,0.0005530843701478327,True
352,ACCTCA|6|23|45,0.0005530843701478327,0.0005530843701478327,True
193,ACTACA|6|7|13,0.0005530843701478327,0.0005530843701478327,True
194,ACTACG|6|7|14,0.0005530843701478327,0.0005530843701478327,True
199,ACTCAC|6|7|52,0.0005530843701478327,0.0005530843701478327,True
198,ACTCAG|6|7|50,0.0005530843701478327,0.0005530843701478327,True
200,ACTCGA|6|7|53,0.0005530843701478327,0.0005530843701478327,True
201,ACTCGC|6|7|56,0.0005530843701478327,0.0005530843701478327,True
202,ACTCTT|6|7|59,0.0005530843701478327,0.0005530843701478327,True
196,ACTGTT|6|7|27,0.0005530843701478327,0.0005530843701478327,True
406,AGCGCC|6|31|32,0.0005530843701478327,0.0005530843701478327,True
294,AGTCAC|6|15|52,0.0005530843701478327,0.0005530843701478327,True
295,AGTCTA|6|15|57,0.0005530843701478327,0.0005530843701478327,True
293,AGTGTT|6|15|27,0.0005530843701478327,0.0005530843701478327,True
427,ATATTA|6|35|41,0.0005530843701478327,0.0005530843701478327,True
428,ATATTG|6|35|42,0.0005530843701478327,0.0005530843701478327,True
318,ATCGCC|6|19|32,0.0005530843701478327,0.0005530843701478327,True
316,ATCGGT|6|19|23,0.0005530843701478327,0.0005530843701478327,True
319,ATCTAA|6|19|33,0.0005530843701478327,0.0005530843701478327,True
495,ATGCTA|6|51|57,0.0005530843701478327,0.0005530843701478327,True
145,ATTAGA|6|3|5,0.0005530843701478327,0.0005530843701478327,True
148,ATTTAG|6|3|34,0.0005530843701478327,0.0005530843701478327,True
149,ATTTAT|6|3|35,0.0005530843701478327,0.0005530843701478327,True
150,ATTTTT|6|3|43,0.0005530843701478327,0.0005530843701478327,True
473,CAATCC|6|42|48,0.0005530843701478327,0.0005530843701478327,True
380,CACCGT|6|26|55,0.0005530843701478327,0.0005530843701478327,True
381,CACCTG|6|26|58,0.0005530843701478327,0.0005530843701478327,True
382,CACCTT|6|26|59,0.0005530843701478327,0.0005530843701478327,True
379,CACTCT|6|26|47,0.0005530843701478327,0.0005530843701478327,True
377,CACTGC|6|26|40,0.0005530843701478327,0.0005530843701478327,True
229,CATACT|6|10|15,0.0005530843701478327,0.0005530843701478327,True
235,CATCCT|6|10|63,0.0005530843701478327,0.0005530843701478327,True
230,CATGGA|6|10|21,0.0005530843701478327,0.0005530843701478327,True
234,CATTCA|6|10|45,0.0005530843701478327,0.0005530843701478327,True
231,CATTGA|6|10|37,0.0005530843701478327,0.0005530843701478327,True
457,CCACAC|6|38|52,0.0005530843701478327,0.0005530843701478327,True
458,CCACGA|6|38|53,0.0005530843701478327,0.0005530843701478327,True
459,CCACTC|6|38|60,0.0005530843701478327,0.0005530843701478327,True
339,CCCGTG|6|22|26,0.0005530843701478327,0.0005530843701478327,True
189,CCTCTC|6|6|60,0.0005530843701478327,0.0005530843701478327,True
182,CCTGGC|6|6|24,0.0005530843701478327,0.0005530843701478327,True
181,CCTGGG|6|6|22,0.0005530843701478327,0.0005530843701478327,True
183,CCTGTA|6|6|25,0.0005530843701478327,0.0005530843701478327,True
185,CCTGTC|6|6|28,0.0005530843701478327,0.0005530843701478327,True
184,CCTGTG|6|6|26,0.0005530843701478327,0.0005530843701478327,True
187,CCTTAC|6|6|36,0.0005530843701478327,0.0005530843701478327,True
272,CGTACC|6|14|16,0.0005530843701478327,0.0005530843701478327,True
287,CGTCCG|6|14|62,0.0005530843701478327,0.0005530843701478327,True
278,CGTGCC|6|14|32,0.0005530843701478327,0.0005530843701478327,True
274,CGTGGG|6|14|22,0.0005530843701478327,0.0005530843701478327,True
276,CGTGTT|6|14|27,0.0005530843701478327,0.0005530843701478327,True
279,CGTTAT|6|14|35,0.0005530843701478327,0.0005530843701478327,True
423,CTACGA|6|34|53,0.0005530843701478327,0.0005530843701478327,True
424,CTACGT|6|34|55,0.0005530843701478327,0.0005530843701478327,True
314,CTCCAG|6|18|50,0.0005530843701478327,0.0005530843701478327,True
304,CTCGTA|6|18|25,0.0005530843701478327,0.0005530843701478327,True
305,CTCGTG|6|18|26,0.0005530843701478327,0.0005530843701478327,True
308,CTCTAC|6|18|36,0.0005530843701478327,0.0005530843701478327,True
306,CTCTAG|6|18|34,0.0005530843701478327,0.0005530843701478327,True
310,CTCTTG|6|18|42,0.0005530843701478327,0.0005530843701478327,True
141,CTTCGG|6|2|54,0.0005530843701478327,0.0005530843701478327,True
136,CTTGAA|6|2|17,0.0005530843701478327,0.0005530843701478327,True
484,GAACGT|6|44|55,0.0005530843701478327,0.0005530843701478327,True
395,GACCCA|6|28|61,0.0005530843701478327,0.0005530843701478327,True
393,GACGCT|6|28|31,0.0005530843701478327,0.0005530843701478327,True
252,GATTCG|6|12|46,0.0005530843701478327,0.0005530843701478327,True
468,GCACTA|6|40|57,0.0005530843701478327,0.0005530843701478327,True
465,GCATTA|6|40|41,0.0005530843701478327,0.0005530843701478327,True
365,GCCCGG|6|24|54,0.0005530843701478327,0.0005530843701478327,True
358,GCCGCA|6|24|29,0.0005530843701478327,0.0005530843701478327,True
362,GCCTCA|6|24|45,0.0005530843701478327,0.0005530843701478327,True
361,GCCTTC|6|24|44,0.0005530843701478327,0.0005530843701478327,True
508,GCGCCT|6|56|63,0.0005530843701478327,0.0005530843701478327,True
213,GCTCTT|6|8|59,0.0005530843701478327,0.0005530843701478327,True
489,GGACGC|6|48|56,0.0005530843701478327,0.0005530843701478327,True
410,GGCTGG|6|32|38,0.0005530843701478327,0.0005530843701478327,True
300,GGTCCT|6|16|63,0.0005530843701478327,0.0005530843701478327,True
297,GGTTGT|6|16|39,0.0005530843701478327,0.0005530843701478327,True
298,GGTTTA|6|16|41,0.0005530843701478327,0.0005530843701478327,True
443,GTACGC|6|36|56,0.0005530843701478327,0.0005530843701478327,True
442,GTATCC|6|36|48,0.0005530843701478327,0.0005530843701478327,True
441,GTATCT|6|36|47,0.0005530843701478327,0.0005530843701478327,True
326,GTCCCA|6|20|61,0.0005530843701478327,0.0005530843701478327,True
496,GTGCGG|6|52|54,0.0005530843701478327,0.0005530843701478327,True
497,GTGCGT|6|52|55,0.0005530843701478327,0.0005530843701478327,True
500,GTGCTC|6|52|60,0.0005530843701478327,0.0005530843701478327,True
153,GTTACA|6|4|13,0.0005530843701478327,0.0005530843701478327,True
157,GTTTAA|6|4|33,0.0005530843701478327,0.0005530843701478327,True
470,TAATTA|6|41|41,0.0005530843701478327,0.0005530843701478327,True
373,TACCCA|6|25|61,0.0005530843701478327,0.0005530843701478327,True
367,TACGTC|6|25|28,0.0005530843701478327,0.0005530843701478327,True
371,TACTTC|6|25|44,0.0005530843701478327,0.0005530843701478327,True
218,TATACT|6|9|15,0.0005530843701478327,0.0005530843701478327,True
224,TATTAA|6|9|33,0.0005530843701478327,0.0005530843701478327,True
225,TATTAT|6|9|35,0.0005530843701478327,0.0005530843701478327,True
335,TCCCAA|6|21|49,0.0005530843701478327,0.0005530843701478327,True
336,TCCCAG|6|21|50,0.0005530843701478327,0.0005530843701478327,True
328,TCCGGT|6|21|23,0.0005530843701478327,0.0005530843701478327,True
331,TCCTAT|6|21|35,0.0005530843701478327,0.0005530843701478327,True
334,TCCTCT|6|21|47,0.0005530843701478327,0.0005530843701478327,True
332,TCCTGG|6|21|38,0.0005530843701478327,0.0005530843701478327,True
505,TCGCCC|6|53|64,0.0005530843701478327,0.0005530843701478327,True
503,TCGCTG|6|53|58,0.0005530843701478327,0.0005530843701478327,True
162,TCTACG|6|5|14,0.0005530843701478327,0.0005530843701478327,True
161,TCTATC|6|5|12,0.0005530843701478327,0.0005530843701478327,True
176,TCTCCA|6|5|61,0.0005530843701478327,0.0005530843701478327,True
172,TCTCTA|6|5|57,0.0005530843701478327,0.0005530843701478327,True
175,TCTCTC|6|5|60,0.0005530843701478327,0.0005530843701478327,True
173,TCTCTG|6|5|58,0.0005530843701478327,0.0005530843701478327,True
174,TCTCTT|6|5|59,0.0005530843701478327,0.0005530843701478327,True
396,TGCGCA|6|29|29,0.0005530843701478327,0.0005530843701478327,True
399,TGCTCG|6|29|46,0.0005530843701478327,0.0005530843701478327,True
398,TGCTTA|6|29|41,0.0005530843701478327,0.0005530843701478327,True
257,TGTACA|6|13|13,0.0005530843701478327,0.0005530843701478327,True
268,TGTCTA|6|13|57,0.0005530843701478327,0.0005530843701478327,True
260,TGTGAC|6|13|20,0.0005530843701478327,0.0005530843701478327,True
258,TGTGAG|6|13|18,0.0005530843701478327,0.0005530843701478327,True
263,TGTGCT|6|13|31,0.0005530843701478327,0.0005530843701478327,True
493,TTGCTC|6|49|60,0.0005530843701478327,0.0005530843701478327,True
124,TTTAGC|6|1|8,0.0005530843701478327,0.0005530843701478327,True
125,TTTGAG|6|1|18,0.0005530843701478327,0.0005530843701478327,True
126,TTTGGT|6|1|23,0.0005530843701478327,0.0005530843701478327,True
127,TTTGTA|6|1|25,0.0005530843701478327,0.0005530843701478327,True
130,TTTTGG|6|1|38,0.0005530843701478327,0.0005530843701478327,True
1954,AAAACCC|7|171|253,0.0005530843701478327,0.0005530843701478327,True
1602,AAACCGA|7|107|209,0.0005530843701478327,0.0005530843701478327,True
1604,AAACCTG|7|107|229,0.0005530843701478327,0.0005530843701478327,True
1599,AAACTAC|7|107|141,0.0005530843701478327,0.0005530843701478327,True
1600,AAACTGG|7|107|149,0.0005530843701478327,0.0005530843701478327,True
1029,AAATCCA|7|43|241,0.0005530843701478327,0.0005530843701478327,True
1025,AAATTAC|7|43|141,0.0005530843701478327,0.0005530843701478327,True
1024,AAATTAT|7|43|137,0.0005530843701478327,0.0005530843701478327,True
1890,AACACTA|7|155|225,0.0005530843701478327,0.0005530843701478327,True
1453,AACCCCG|7|91|245,0.0005530843701478327,0.0005530843701478327,True
1452,AACCCGC|7|91|221,0.0005530843701478327,0.0005530843701478327,True
1447,AACCTAA|7|91|129,0.0005530843701478327,0.0005530843701478327,True
817,AACTATA|7|27|33,0.0005530843701478327,0.0005530843701478327,True
818,AACTATC|7|27|45,0.0005530843701478327,0.0005530843701478327,True
833,AACTCCA|7|27|241,0.0005530843701478327,0.0005530843701478327,True
825,AACTGCC|7|27|125,0.0005530843701478327,0.0005530843701478327,True
824,AACTGCT|7|27|121,0.0005530843701478327,0.0005530843701478327,True
826,AACTTAA|7|27|129,0.0005530843701478327,0.0005530843701478327,True
829,AACTTGG|7|27|149,0.0005530843701478327,0.0005530843701478327,True
830,AACTTGT|7|27|153,0.0005530843701478327,0.0005530843701478327,True
1673,AAGCCCT|7|123|249,0.0005530843701478327,0.0005530843701478327,True
1672,AAGCCTT|7|123|233,0.0005530843701478327,0.0005530843701478327,True
1665,AAGCTGG|7|123|149,0.0005530843701478327,0.0005530843701478327,True
1666,AAGCTGT|7|123|153,0.0005530843701478327,0.0005530843701478327,True
1221,AAGTCCA|7|59|241,0.0005530843701478327,0.0005530843701478327,True
1219,AAGTGGC|7|59|93,0.0005530843701478327,0.0005530843701478327,True
1770,AATACAG|7|139|197,0.0005530843701478327,0.0005530843701478327,True
1773,AATACCA|7|139|241,0.0005530843701478327,0.0005530843701478327,True
1320,AATCCCA|7|75|241,0.0005530843701478327,0.0005530843701478327,True
1322,AATCCCC|7|75|253,0.0005530843701478327,0.0005530843701478327,True
1315,AATCGGC|7|75|93,0.0005530843701478327,0.0005530843701478327,True
1314,AATCGGG|7|75|85,0.0005530843701478327,0.0005530843701478327,True
1316,AATCTAC|7|75|141,0.0005530843701478327,0.0005530843701478327,True
2051,AATGCTG|7|203|229,0.0005530843701478327,0.0005530843701478327,True
640,AATTACG|7|11|53,0.0005530843701478327,0.0005530843701478327,True
639,AATTATG|7|11|37,0.0005530843701478327,0.0005530843701478327,True
1561,ACACTAA|7|103|129,0.0005530843701478327,0.0005530843701478327,True
1562,ACACTGT|7|103|153,0.0005530843701478327,0.0005530843701478327,True
2094,ACAGCTT|7|231|233,0.0005530843701478327,0.0005530843701478327,True
982,ACATCCT|7|39|249,0.0005530843701478327,0.0005530843701478327,True
981,ACATCTT|7|39|233,0.0005530843701478327,0.0005530843701478327,True
973,ACATGAA|7|39|65,0.0005530843701478327,0.0005530843701478327,True
976,ACATTTT|7|39|169,0.0005530843701478327,0.0005530843701478327,True
1866,ACCACAA|7|151|193,0.0005530843701478327,0.0005530843701478327,True
1868,ACCACGA|7|151|209,0.0005530843701478327,0.0005530843701478327,True
1869,ACCACTG|7|151|229,0.0005530843701478327,0.0005530843701478327,True
1862,ACCATGC|7|151|157,0.0005530843701478327,0.0005530843701478327,True
1863,ACCATTA|7|151|161,0.0005530843701478327,0.0005530843701478327,True
1864,ACCATTG|7|151|165,0.0005530843701478327,0.0005530843701478327,True
789,ACCTCAT|7|23|201,0.0005530843701478327,0.0005530843701478327,True
793,ACCTCCA|7|23|241,0.0005530843701478327,0.0005530843701478327,True
791,ACCTCGC|7|23|221,0.0005530843701478327,0.0005530843701478327,True
790,ACCTCGG|7|23|213,0.0005530843701478327,0.0005530843701478327,True
782,ACCTGGC|7|23|93,0.0005530843701478327,0.0005530843701478327,True
783,ACCTGTC|7|23|109,0.0005530843701478327,0.0005530843701478327,True
787,ACCTTAC|7|23|141,0.0005530843701478327,0.0005530843701478327,True
1642,ACGCCAC|7|119|205,0.0005530843701478327,0.0005530843701478327,True
1643,ACGCCTC|7|119|237,0.0005530843701478327,0.0005530843701478327,True
1179,ACGTGAG|7|55|69,0.0005530843701478327,0.0005530843701478327,True
1184,ACGTGCA|7|55|113,0.0005530843701478327,0.0005530843701478327,True
1181,ACGTGGG|7|55|85,0.0005530843701478327,0.0005530843701478327,True
1188,ACGTTGC|7|55|157,0.0005530843701478327,0.0005530843701478327,True
1751,ACTACCT|7|135|249,0.0005530843701478327,0.0005530843701478327,True
1750,ACTACGC|7|135|221,0.0005530843701478327,0.0005530843701478327,True
1749,ACTATGC|7|135|157,0.0005530843701478327,0.0005530843701478327,True
1295,ACTCTCG|7|71|181,0.0005530843701478327,0.0005530843701478327,True
1293,ACTCTGC|7|71|157,0.0005530843701478327,0.0005530843701478327,True
2032,ACTGCTA|7|199|225,0.0005530843701478327,0.0005530843701478327,True
588,ACTTACC|7|7|61,0.0005530843701478327,0.0005530843701478327,True
599,ACTTCAC|7|7|205,0.0005530843701478327,0.0005530843701478327,True
601,ACTTCCA|7|7|241,0.0005530843701478327,0.0005530843701478327,True
589,ACTTGAG|7|7|69,0.0005530843701478327,0.0005530843701478327,True
590,ACTTGGA|7|7|81,0.0005530843701478327,0.0005530843701478327,True
595,ACTTTTA|7|7|161,0.0005530843701478327,0.0005530843701478327,True
1975,AGAACGC|7|175|221,0.0005530843701478327,0.0005530843701478327,True
1974,AGAATCC|7|175|189,0.0005530843701478327,0.0005530843701478327,True
1621,AGACCGC|7|111|221,0.0005530843701478327,0.0005530843701478327,True
1070,AGATACC|7|47|61,0.0005530843701478327,0.0005530843701478327,True
1077,AGATCAC|7|47|205,0.0005530843701478327,0.0005530843701478327,True
1076,AGATCAG|7|47|197,0.0005530843701478327,0.0005530843701478327,True
1072,AGATGCG|7|47|117,0.0005530843701478327,0.0005530843701478327,True
1073,AGATTGG|7|47|149,0.0005530843701478327,0.0005530843701478327,True
1914,AGCACAA|7|159|193,0.0005530843701478327,0.0005530843701478327,True
1915,AGCACGG|7|159|213,0.0005530843701478327,0.0005530843701478327,True
1912,AGCATTA|7|159|161,0.0005530843701478327,0.0005530843701478327,True
1495,AGCCCAA|7|95|193,0.0005530843701478327,0.0005530843701478327,True
1485,AGCCGTT|7|95|105,0.0005530843701478327,0.0005530843701478327,True
1489,AGCCTAC|7|95|141,0.0005530843701478327,0.0005530843701478327,True
1488,AGCCTAT|7|95|137,0.0005530843701478327,0.0005530843701478327,True
1494,AGCCTCT|7|95|185,0.0005530843701478327,0.0005530843701478327,True
1490,AGCCTGA|7|95|145,0.0005530843701478327,0.0005530843701478327,True
1491,AGCCTGC|7|95|157,0.0005530843701478327,0.0005530843701478327,True
882,AGCTACC|7|31|61,0.0005530843701478327,0.0005530843701478327,True
884,AGCTGAC|7|31|77,0.0005530843701478327,0.0005530843701478327,True
886,AGCTGGG|7|31|85,0.0005530843701478327,0.0005530843701478327,True
895,AGCTTCA|7|31|177,0.0005530843701478327,0.0005530843701478327,True
890,AGCTTGA|7|31|145,0.0005530843701478327,0.0005530843701478327,True
894,AGCTTTC|7|31|173,0.0005530843701478327,0.0005530843701478327,True
1694,AGGCCTT|7|127|233,0.0005530843701478327,0.0005530843701478327,True
1689,AGGCTTA|7|127|161,0.0005530843701478327,0.0005530843701478327,True
1245,AGGTGCC|7|63|125,0.0005530843701478327,0.0005530843701478327,True
1246,AGGTTAG|7|63|133,0.0005530843701478327,0.0005530843701478327,True
1795,AGTACAA|7|143|193,0.0005530843701478327,0.0005530843701478327,True
1797,AGTACAC|7|143|205,0.0005530843701478327,0.0005530843701478327,True
1796,AGTACAG|7|143|197,0.0005530843701478327,0.0005530843701478327,True
1800,AGTACCC|7|143|253,0.0005530843701478327,0.0005530843701478327,True
1794,AGTATCC|7|143|189,0.0005530843701478327,0.0005530843701478327,True
1355,AGTCCAG|7|79|197,0.0005530843701478327,0.0005530843701478327,True
1359,AGTCCCC|7|79|253,0.0005530843701478327,0.0005530843701478327,True
1357,AGTCCGC|7|79|221,0.0005530843701478327,0.0005530843701478327,True
1358,AGTCCTG|7|79|229,0.0005530843701478327,0.0005530843701478327,True
1351,AGTCGCC|7|79|125,0.0005530843701478327,0.0005530843701478327,True
1354,AGTCTTC|7|79|173,0.0005530843701478327,0.0005530843701478327,True
684,AGTTCCT|7|15|249,0.0005530843701478327,0.0005530843701478327,True
679,AGTTTAC|7|15|141,0.0005530843701478327,0.0005530843701478327,True
1927,ATAATCG|7|163|181,0.0005530843701478327,0.0005530843701478327,True
1528,ATACGCG|7|99|117,0.0005530843701478327,0.0005530843701478327,True
1527,ATACGTC|7|99|109,0.0005530843701478327,0.0005530843701478327,True
1530,ATACTAC|7|99|141,0.0005530843701478327,0.0005530843701478327,True
944,ATATCGA|7|35|209,0.0005530843701478327,0.0005530843701478327,True
942,ATATTCA|7|35|177,0.0005530843701478327,0.0005530843701478327,True
943,ATATTCG|7|35|181,0.0005530843701478327,0.0005530843701478327,True
1395,ATCCTTA|7|83|161,0.0005530843701478327,0.0005530843701478327,True
725,ATCTCAC|7|19|205,0.0005530843701478327,0.0005530843701478327,True
726,ATCTCGG|7|19|213,0.0005530843701478327,0.0005530843701478327,True
727,ATCTCTG|7|19|229,0.0005530843701478327,0.0005530843701478327,True
1987,ATGATCT|7|179|185,0.0005530843701478327,0.0005530843701478327,True
2101,ATGGCCT|7|243|249,0.0005530843701478327,0.0005530843701478327,True
1129,ATGTCGC|7|51|221,0.0005530843701478327,0.0005530843701478327,True
1130,ATGTCTA|7|51|225,0.0005530843701478327,0.0005530843701478327,True
1120,ATGTGTA|7|51|97,0.0005530843701478327,0.0005530843701478327,True
1123,ATGTTAT|7|51|137,0.0005530843701478327,0.0005530843701478327,True
1127,ATGTTCA|7|51|177,0.0005530843701478327,0.0005530843701478327,True
1125,ATGTTGT|7|51|153,0.0005530843701478327,0.0005530843701478327,True
1724,ATTATGC|7|131|157,0.0005530843701478327,0.0005530843701478327,True
1723,ATTATGG|7|131|149,0.0005530843701478327,0.0005530843701478327,True
1253,ATTCCGT|7|67|217,0.0005530843701478327,0.0005530843701478327,True
2023,ATTGCCA|7|195|241,0.0005530843701478327,0.0005530843701478327,True
2024,ATTGCCT|7|195|249,0.0005530843701478327,0.0005530843701478327,True
539,ATTTAGC|7|3|29,0.0005530843701478327,0.0005530843701478327,True
541,ATTTATT|7|3|41,0.0005530843701478327,0.0005530843701478327,True
552,ATTTCGA|7|3|209,0.0005530843701478327,0.0005530843701478327,True
547,ATTTTGC|7|3|157,0.0005530843701478327,0.0005530843701478327,True
550,ATTTTTC|7|3|173,0.0005530843701478327,0.0005530843701478327,True
548,ATTTTTG|7|3|165,0.0005530843701478327,0.0005530843701478327,True
549,ATTTTTT|7|3|169,0.0005530843701478327,0.0005530843701478327,True
1947,CAAATTT|7|170|172,0.0005530843701478327,0.0005530843701478327,True
1593,CAACCGC|7|106|224,0.0005530843701478327,0.0005530843701478327,True
1592,CAACCGT|7|106|220,0.0005530843701478327,0.0005530843701478327,True
1589,CAACTCC|7|106|192,0.0005530843701478327,0.0005530843701478327,True
1585,CAACTGG|7|106|152,0.0005530843701478327,0.0005530843701478327,True
1586,CAACTGT|7|106|156,0.0005530843701478327,0.0005530843701478327,True
1587,CAACTTC|7|106|176,0.0005530843701478327,0.0005530843701478327,True
1013,CAATCGA|7|42|212,0.0005530843701478327,0.0005530843701478327,True
1015,CAATCTG|7|42|232,0.0005530843701478327,0.0005530843701478327,True
1016,CAATCTT|7|42|236,0.0005530843701478327,0.0005530843701478327,True
1012,CAATTCG|7|42|184,0.0005530843701478327,0.0005530843701478327,True
1009,CAATTGG|7|42|152,0.0005530843701478327,0.0005530843701478327,True
1887,CACACCT|7|154|252,0.0005530843701478327,0.0005530843701478327,True
1444,CACCCGC|7|90|224,0.0005530843701478327,0.0005530843701478327,True
1445,CACCCTT|7|90|236,0.0005530843701478327,0.0005530843701478327,True
1443,CACCTTA|7|90|164,0.0005530843701478327,0.0005530843701478327,True
816,CACTCCG|7|26|248,0.0005530843701478327,0.0005530843701478327,True
1658,CAGCCAT|7|122|204,0.0005530843701478327,0.0005530843701478327,True
1661,CAGCCCA|7|122|244,0.0005530843701478327,0.0005530843701478327,True
1663,CAGCCCC|7|122|256,0.0005530843701478327,0.0005530843701478327,True
1662,CAGCCCT|7|122|252,0.0005530843701478327,0.0005530843701478327,True
1660,CAGCCTC|7|122|240,0.0005530843701478327,0.0005530843701478327,True
1213,CAGTTGA|7|58|148,0.0005530843701478327,0.0005530843701478327,True
1214,CAGTTGG|7|58|152,0.0005530843701478327,0.0005530843701478327,True
1215,CAGTTGT|7|58|156,0.0005530843701478327,0.0005530843701478327,True
1218,CAGTTTC|7|58|176,0.0005530843701478327,0.0005530843701478327,True
1768,CATACGT|7|138|220,0.0005530843701478327,0.0005530843701478327,True
1762,CATATAC|7|138|144,0.0005530843701478327,0.0005530843701478327,True
1763,CATATGG|7|138|152,0.0005530843701478327,0.0005530843701478327,True
1310,CATCTAC|7|74|144,0.0005530843701478327,0.0005530843701478327,True
1312,CATCTCT|7|74|188,0.0005530843701478327,0.0005530843701478327,True
638,CATTCCT|7|10|252,0.0005530843701478327,0.0005530843701478327,True
633,CATTCGA|7|10|212,0.0005530843701478327,0.0005530843701478327,True
634,CATTCGG|7|10|216,0.0005530843701478327,0.0005530843701478327,True
636,CATTCTG|7|10|232,0.0005530843701478327,0.0005530843701478327,True
627,CATTGCA|7|10|116,0.0005530843701478327,0.0005530843701478327,True
625,CATTGGA|7|10|84,0.0005530843701478327,0.0005530843701478327,True
629,CATTTGA|7|10|148,0.0005530843701478327,0.0005530843701478327,True
1557,CCACCGA|7|102|212,0.0005530843701478327,0.0005530843701478327,True
1550,CCACTAA|7|102|132,0.0005530843701478327,0.0005530843701478327,True
1551,CCACTAG|7|102|136,0.0005530843701478327,0.0005530843701478327,True
1554,CCACTCA|7|102|180,0.0005530843701478327,0.0005530843701478327,True
1555,CCACTCG|7|102|184,0.0005530843701478327,0.0005530843701478327,True
1552,CCACTGG|7|102|152,0.0005530843701478327,0.0005530843701478327,True
971,CCATCCT|7|38|252,0.0005530843701478327,0.0005530843701478327,True
965,CCATGAA|7|38|68,0.0005530843701478327,0.0005530843701478327,True
967,CCATGCG|7|38|120,0.0005530843701478327,0.0005530843701478327,True
970,CCATTGG|7|38|152,0.0005530843701478327,0.0005530843701478327,True
1860,CCCACAG|7|150|200,0.0005530843701478327,0.0005530843701478327,True
2072,CCCGCCA|7|214|244,0.0005530843701478327,0.0005530843701478327,True
765,CCCTGAG|7|22|72,0.0005530843701478327,0.0005530843701478327,True
769,CCCTGCA|7|22|116,0.0005530843701478327,0.0005530843701478327,True
766,CCCTGGG|7|22|88,0.0005530843701478327,0.0005530843701478327,True
767,CCCTGGT|7|22|92,0.0005530843701478327,0.0005530843701478327,True
772,CCCTTAA|7|22|132,0.0005530843701478327,0.0005530843701478327,True
778,CCCTTCC|7|22|192,0.0005530843701478327,0.0005530843701478327,True
776,CCCTTCG|7|22|184,0.0005530843701478327,0.0005530843701478327,True
777,CCCTTCT|7|22|188,0.0005530843701478327,0.0005530843701478327,True
775,CCCTTTC|7|22|176,0.0005530843701478327,0.0005530843701478327,True
1172,CCGTCAC|7|54|208,0.0005530843701478327,0.0005530843701478327,True
1176,CCGTCTC|7|54|240,0.0005530843701478327,0.0005530843701478327,True
1174,CCGTCTG|7|54|232,0.0005530843701478327,0.0005530843701478327,True
1164,CCGTGCC|7|54|128,0.0005530843701478327,0.0005530843701478327,True
1162,CCGTGTC|7|54|112,0.0005530843701478327,0.0005530843701478327,True
1168,CCGTTGC|7|54|160,0.0005530843701478327,0.0005530843701478327,True
1747,CCTACCG|7|134|248,0.0005530843701478327,0.0005530843701478327,True
1736,CCTATAT|7|134|140,0.0005530843701478327,0.0005530843701478327,True
1284,CCTCCAG|7|70|200,0.0005530843701478327,0.0005530843701478327,True
1289,CCTCCCA|7|70|244,0.0005530843701478327,0.0005530843701478327,True
1276,CCTCGGC|7|70|96,0.0005530843701478327,0.0005530843701478327,True
1283,CCTCTCC|7|70|192,0.0005530843701478327,0.0005530843701478327,True
1282,CCTCTCT|7|70|188,0.0005530843701478327,0.0005530843701478327,True
1281,CCTCTTG|7|70|168,0.0005530843701478327,0.0005530843701478327,True
580,CCTTAGA|7|6|20,0.0005530843701478327,0.0005530843701478327,True
583,CCTTGAT|7|6|76,0.0005530843701478327,0.0005530843701478327,True
584,CCTTGGA|7|6|84,0.0005530843701478327,0.0005530843701478327,True
1970,CGAACGC|7|174|224,0.0005530843701478327,0.0005530843701478327,True
1971,CGAACTC|7|174|240,0.0005530843701478327,0.0005530843701478327,True
1615,CGACCGA|7|110|212,0.0005530843701478327,0.0005530843701478327,True
1614,CGACTGG|7|110|152,0.0005530843701478327,0.0005530843701478327,True
1060,CGATGCA|7|46|116,0.0005530843701478327,0.0005530843701478327,True
1061,CGATGCT|7|46|124,0.0005530843701478327,0.0005530843701478327,True
1058,CGATGTT|7|46|108,0.0005530843701478327,0.0005530843701478327,True
1064,CGATTAC|7|46|144,0.0005530843701478327,0.0005530843701478327,True
1063,CGATTAT|7|46|140,0.0005530843701478327,0.0005530843701478327,True
1068,CGATTCC|7|46|192,0.0005530843701478327,0.0005530843701478327,True
1067,CGATTCT|7|46|188,0.0005530843701478327,0.0005530843701478327,True
1482,CGCCCAA|7|94|196,0.0005530843701478327,0.0005530843701478327,True
1483,CGCCCTA|7|94|228,0.0005530843701478327,0.0005530843701478327,True
1471,CGCCGCA|7|94|116,0.0005530843701478327,0.0005530843701478327,True
1472,CGCCGCG|7|94|120,0.0005530843701478327,0.0005530843701478327,True
1475,CGCCTAG|7|94|136,0.0005530843701478327,0.0005530843701478327,True
1481,CGCCTCC|7|94|192,0.0005530843701478327,0.0005530843701478327,True
1476,CGCCTGC|7|94|160,0.0005530843701478327,0.0005530843701478327,True
1477,CGCCTTA|7|94|164,0.0005530843701478327,0.0005530843701478327,True
865,CGCTATA|7|30|36,0.0005530843701478327,0.0005530843701478327,True
868,CGCTGGA|7|30|84,0.0005530843701478327,0.0005530843701478327,True
869,CGCTGGT|7|30|92,0.0005530843701478327,0.0005530843701478327,True
871,CGCTGTC|7|30|112,0.0005530843701478327,0.0005530843701478327,True
873,CGCTTAA|7|30|132,0.0005530843701478327,0.0005530843701478327,True
875,CGCTTTA|7|30|164,0.0005530843701478327,0.0005530843701478327,True
1683,CGGCCAA|7|126|196,0.0005530843701478327,0.0005530843701478327,True
1682,CGGCTCT|7|126|188,0.0005530843701478327,0.0005530843701478327,True
1241,CGGTTTA|7|62|164,0.0005530843701478327,0.0005530843701478327,True
1793,CGTACCC|7|142|256,0.0005530843701478327,0.0005530843701478327,True
1792,CGTACCG|7|142|248,0.0005530843701478327,0.0005530843701478327,True
1790,CGTATGG|7|142|152,0.0005530843701478327,0.0005530843701478327,True
1340,CGTCGGT|7|78|92,0.0005530843701478327,0.0005530843701478327,True
1343,CGTCGTC|7|78|112,0.0005530843701478327,0.0005530843701478327,True
1344,CGTCTCA|7|78|180,0.0005530843701478327,0.0005530843701478327,True
2060,CGTGCTG|7|206|232,0.0005530843701478327,0.0005530843701478327,True
667,CGTTAGT|7|14|28,0.0005530843701478327,0.0005530843701478327,True
676,CGTTTCC|7|14|192,0.0005530843701478327,0.0005530843701478327,True
674,CGTTTTG|7|14|168,0.0005530843701478327,0.0005530843701478327,True
1922,CTAACTG|7|162|232,0.0005530843701478327,0.0005530843701478327,True
1525,CTACCTG|7|98|232,0.0005530843701478327,0.0005530843701478327,True
1521,CTACGCC|7|98|128,0.0005530843701478327,0.0005530843701478327,True
1520,CTACGCT|7|98|124,0.0005530843701478327,0.0005530843701478327,True
938,CTATCCA|7|34|244,0.0005530843701478327,0.0005530843701478327,True
930,CTATGCT|7|34|124,0.0005530843701478327,0.0005530843701478327,True
1824,CTCACTG|7|146|232,0.0005530843701478327,0.0005530843701478327,True
1821,CTCATGC|7|146|160,0.0005530843701478327,0.0005530843701478327,True
1387,CTCCCCG|7|82|248,0.0005530843701478327,0.0005530843701478327,True
1378,CTCCGGC|7|82|96,0.0005530843701478327,0.0005530843701478327,True
1385,CTCCTGC|7|82|160,0.0005530843701478327,0.0005530843701478327,True
1384,CTCCTGG|7|82|152,0.0005530843701478327,0.0005530843701478327,True
1985,CTGACGA|7|178|212,0.0005530843701478327,0.0005530843701478327,True
1118,CTGTCCA|7|50|244,0.0005530843701478327,0.0005530843701478327,True
1113,CTGTGCT|7|50|124,0.0005530843701478327,0.0005530843701478327,True
1112,CTGTGGC|7|50|96,0.0005530843701478327,0.0005530843701478327,True
1111,CTGTGGG|7|50|88,0.0005530843701478327,0.0005530843701478327,True
1717,CTTACGT|7|130|220,0.0005530843701478327,0.0005530843701478327,True
1719,CTTACTC|7|130|240,0.0005530843701478327,0.0005530843701478327,True
1712,CTTATGC|7|130|160,0.0005530843701478327,0.0005530843701478327,True
1713,CTTATTC|7|130|176,0.0005530843701478327,0.0005530843701478327,True
2022,CTTGCCT|7|194|252,0.0005530843701478327,0.0005530843701478327,True
2021,CTTGCTT|7|194|236,0.0005530843701478327,0.0005530843701478327,True
527,CTTTACC|7|2|64,0.0005530843701478327,0.0005530843701478327,True
526,CTTTATC|7|2|48,0.0005530843701478327,0.0005530843701478327,True
525,CTTTATG|7|2|40,0.0005530843701478327,0.0005530843701478327,True
528,CTTTGAA|7|2|68,0.0005530843701478327,0.0005530843701478327,True
532,CTTTGCG|7|2|120,0.0005530843701478327,0.0005530843701478327,True
530,CTTTGGG|7|2|88,0.0005530843701478327,0.0005530843701478327,True
1958,GAAACTT|7|172|234,0.0005530843701478327,0.0005530843701478327,True
1610,GAACCCG|7|108|246,0.0005530843701478327,0.0005530843701478327,True
1608,GAACCTA|7|108|226,0.0005530843701478327,0.0005530843701478327,True
1609,GAACCTG|7|108|230,0.0005530843701478327,0.0005530843701478327,True
1605,GAACGCT|7|108|122,0.0005530843701478327,0.0005530843701478327,True
1607,GAACTTA|7|108|162,0.0005530843701478327,0.0005530843701478327,True
1030,GAATACT|7|44|58,0.0005530843701478327,0.0005530843701478327,True
1043,GAATCGA|7|44|210,0.0005530843701478327,0.0005530843701478327,True
1031,GAATGAA|7|44|66,0.0005530843701478327,0.0005530843701478327,True
1032,GAATGGC|7|44|94,0.0005530843701478327,0.0005530843701478327,True
1033,GAATGTA|7|44|98,0.0005530843701478327,0.0005530843701478327,True
1039,GAATTGA|7|44|146,0.0005530843701478327,0.0005530843701478327,True
1895,GACACAA|7|156|194,0.0005530843701478327,0.0005530843701478327,True
1896,GACACAG|7|156|198,0.0005530843701478327,0.0005530843701478327,True
1900,GACACCA|7|156|242,0.0005530843701478327,0.0005530843701478327,True
1899,GACACTC|7|156|238,0.0005530843701478327,0.0005530843701478327,True
1898,GACACTT|7|156|234,0.0005530843701478327,0.0005530843701478327,True
1893,GACATTG|7|156|166,0.0005530843701478327,0.0005530843701478327,True
1464,GACCCTC|7|92|238,0.0005530843701478327,0.0005530843701478327,True
1454,GACCGGC|7|92|94,0.0005530843701478327,0.0005530843701478327,True
1455,GACCGTA|7|92|98,0.0005530843701478327,0.0005530843701478327,True
1456,GACCGTG|7|92|102,0.0005530843701478327,0.0005530843701478327,True
1457,GACCGTT|7|92|106,0.0005530843701478327,0.0005530843701478327,True
1459,GACCTTA|7|92|162,0.0005530843701478327,0.0005530843701478327,True
834,GACTATA|7|28|34,0.0005530843701478327,0.0005530843701478327,True
851,GACTCGC|7|28|222,0.0005530843701478327,0.0005530843701478327,True
850,GACTCGG|7|28|214,0.0005530843701478327,0.0005530843701478327,True
841,GACTGCA|7|28|114,0.0005530843701478327,0.0005530843701478327,True
843,GACTGCC|7|28|126,0.0005530843701478327,0.0005530843701478327,True
839,GACTGTA|7|28|98,0.0005530843701478327,0.0005530843701478327,True
840,GACTGTC|7|28|110,0.0005530843701478327,0.0005530843701478327,True
844,GACTTAA|7|28|130,0.0005530843701478327,0.0005530843701478327,True
846,GACTTAC|7|28|142,0.0005530843701478327,0.0005530843701478327,True
845,GACTTAT|7|28|138,0.0005530843701478327,0.0005530843701478327,True
2009,GAGACGC|7|188|222,0.0005530843701478327,0.0005530843701478327,True
1678,GAGCCGT|7|124|218,0.0005530843701478327,0.0005530843701478327,True
1676,GAGCTCC|7|124|190,0.0005530843701478327,0.0005530843701478327,True
1675,GAGCTTG|7|124|166,0.0005530843701478327,0.0005530843701478327,True
1230,GAGTCGC|7|60|222,0.0005530843701478327,0.0005530843701478327,True
1231,GAGTCTA|7|60|226,0.0005530843701478327,0.0005530843701478327,True
1223,GAGTGAC|7|60|78,0.0005530843701478327,0.0005530843701478327,True
1222,GAGTGAG|7|60|70,0.0005530843701478327,0.0005530843701478327,True
1224,GAGTGGA|7|60|82,0.0005530843701478327,0.0005530843701478327,True
1226,GAGTGGT|7|60|90,0.0005530843701478327,0.0005530843701478327,True
1227,GAGTGTA|7|60|98,0.0005530843701478327,0.0005530843701478327,True
1783,GATACCG|7|140|246,0.0005530843701478327,0.0005530843701478327,True
1779,GATACTA|7|140|226,0.0005530843701478327,0.0005530843701478327,True
1782,GATACTC|7|140|238,0.0005530843701478327,0.0005530843701478327,True
1781,GATACTT|7|140|234,0.0005530843701478327,0.0005530843701478327,True
1774,GATATAC|7|140|142,0.0005530843701478327,0.0005530843701478327,True
1775,GATATGA|7|140|146,0.0005530843701478327,0.0005530843701478327,True
1941,GCAACCC|7|168|254,0.0005530843701478327,0.0005530843701478327,True
1940,GCAACCT|7|168|250,0.0005530843701478327,0.0005530843701478327,True
1938,GCAACTA|7|168|226,0.0005530843701478327,0.0005530843701478327,True
1573,GCACCCC|7|104|254,0.0005530843701478327,0.0005530843701478327,True
1571,GCACCCG|7|104|246,0.0005530843701478327,0.0005530843701478327,True
1569,GCACTCG|7|104|182,0.0005530843701478327,0.0005530843701478327,True
988,GCATCGC|7|40|222,0.0005530843701478327,0.0005530843701478327,True
989,GCATCTA|7|40|226,0.0005530843701478327,0.0005530843701478327,True
1874,GCCACAA|7|152|194,0.0005530843701478327,0.0005530843701478327,True
1876,GCCACGG|7|152|214,0.0005530843701478327,0.0005530843701478327,True
1873,GCCATCG|7|152|182,0.0005530843701478327,0.0005530843701478327,True
1432,GCCCCCG|7|88|246,0.0005530843701478327,0.0005530843701478327,True
1429,GCCCGCG|7|88|118,0.0005530843701478327,0.0005530843701478327,True
1430,GCCCTTG|7|88|166,0.0005530843701478327,0.0005530843701478327,True
2073,GCCGCGT|7|216|218,0.0005530843701478327,0.0005530843701478327,True
803,GCCTCCC|7|24|254,0.0005530843701478327,0.0005530843701478327,True
802,GCCTCCT|7|24|250,0.0005530843701478327,0.0005530843701478327,True
798,GCCTTCG|7|24|182,0.0005530843701478327,0.0005530843701478327,True
1644,GCGCGCT|7|120|122,0.0005530843701478327,0.0005530843701478327,True
1205,GCGTCGT|7|56|218,0.0005530843701478327,0.0005530843701478327,True
1197,GCGTGCG|7|56|118,0.0005530843701478327,0.0005530843701478327,True
1198,GCGTGCT|7|56|122,0.0005530843701478327,0.0005530843701478327,True
1752,GCTATTG|7|136|166,0.0005530843701478327,0.0005530843701478327,True
1303,GCTCCAC|7|72|206,0.0005530843701478327,0.0005530843701478327,True
1304,GCTCCCC|7|72|254,0.0005530843701478327,0.0005530843701478327,True
1298,GCTCTAC|7|72|142,0.0005530843701478327,0.0005530843701478327,True
1297,GCTCTAG|7|72|134,0.0005530843701478327,0.0005530843701478327,True
1302,GCTCTCA|7|72|178,0.0005530843701478327,0.0005530843701478327,True
1299,GCTCTGA|7|72|146,0.0005530843701478327,0.0005530843701478327,True
1300,GCTCTGT|7|72|154,0.0005530843701478327,0.0005530843701478327,True
1301,GCTCTTT|7|72|170,0.0005530843701478327,0.0005530843701478327,True
2035,GCTGCGA|7|200|210,0.0005530843701478327,0.0005530843701478327,True
2036,GCTGCGG|7|200|214,0.0005530843701478327,0.0005530843701478327,True
2038,GCTGCTT|7|200|234,0.0005530843701478327,0.0005530843701478327,True
602,GCTTAGA|7|8|18,0.0005530843701478327,0.0005530843701478327,True
615,GCTTCAG|7|8|198,0.0005530843701478327,0.0005530843701478327,True
616,GCTTCGA|7|8|210,0.0005530843701478327,0.0005530843701478327,True
617,GCTTCGT|7|8|218,0.0005530843701478327,0.0005530843701478327,True
607,GCTTGAC|7|8|78,0.0005530843701478327,0.0005530843701478327,True
612,GCTTTTG|7|8|166,0.0005530843701478327,0.0005530843701478327,True
1978,GGAACGC|7|176|222,0.0005530843701478327,0.0005530843701478327,True
1079,GGATACA|7|48|50,0.0005530843701478327,0.0005530843701478327,True
1080,GGATACC|7|48|62,0.0005530843701478327,0.0005530843701478327,True
1091,GGATCCA|7|48|242,0.0005530843701478327,0.0005530843701478327,True
1087,GGATGCG|7|48|118,0.0005530843701478327,0.0005530843701478327,True
1084,GGATGTA|7|48|98,0.0005530843701478327,0.0005530843701478327,True
1088,GGATTAA|7|48|130,0.0005530843701478327,0.0005530843701478327,True
1508,GGCCCCA|7|96|242,0.0005530843701478327,0.0005530843701478327,True
1509,GGCCCCG|7|96|246,0.0005530843701478327,0.0005530843701478327,True
1506,GGCCCTA|7|96|226,0.0005530843701478327,0.0005530843701478327,True
1507,GGCCCTT|7|96|234,0.0005530843701478327,0.0005530843701478327,True
1504,GGCCTCA|7|96|178,0.0005530843701478327,0.0005530843701478327,True
1505,GGCCTCT|7|96|186,0.0005530843701478327,0.0005530843701478327,True
1501,GGCCTGG|7|96|150,0.0005530843701478327,0.0005530843701478327,True
914,GGCTCCA|7|32|242,0.0005530843701478327,0.0005530843701478327,True
906,GGCTTAG|7|32|134,0.0005530843701478327,0.0005530843701478327,True
910,GGCTTCA|7|32|178,0.0005530843701478327,0.0005530843701478327,True
909,GGCTTTC|7|32|174,0.0005530843701478327,0.0005530843701478327,True
2015,GGGACGT|7|192|218,0.0005530843701478327,0.0005530843701478327,True
1802,GGTATGC|7|144|158,0.0005530843701478327,0.0005530843701478327,True
1368,GGTCCCA|7|80|242,0.0005530843701478327,0.0005530843701478327,True
1360,GGTCGTC|7|80|110,0.0005530843701478327,0.0005530843701478327,True
1364,GGTCTGT|7|80|154,0.0005530843701478327,0.0005530843701478327,True
1365,GGTCTTA|7|80|162,0.0005530843701478327,0.0005530843701478327,True
688,GGTTACA|7|16|50,0.0005530843701478327,0.0005530843701478327,True
685,GGTTAGG|7|16|22,0.0005530843701478327,0.0005530843701478327,True
687,GGTTATA|7|16|34,0.0005530843701478327,0.0005530843701478327,True
695,GGTTCAG|7|16|198,0.0005530843701478327,0.0005530843701478327,True
689,GGTTGAT|7|16|74,0.0005530843701478327,0.0005530843701478327,True
694,GGTTTCT|7|16|186,0.0005530843701478327,0.0005530843701478327,True
1537,GTACCGA|7|100|210,0.0005530843701478327,0.0005530843701478327,True
1538,GTACCGG|7|100|214,0.0005530843701478327,0.0005530843701478327,True
1539,GTACCTC|7|100|238,0.0005530843701478327,0.0005530843701478327,True
1535,GTACTCC|7|100|190,0.0005530843701478327,0.0005530843701478327,True
954,GTATCCG|7|36|246,0.0005530843701478327,0.0005530843701478327,True
946,GTATGAC|7|36|78,0.0005530843701478327,0.0005530843701478327,True
945,GTATGAT|7|36|74,0.0005530843701478327,0.0005530843701478327,True
951,GTATGCA|7|36|114,0.0005530843701478327,0.0005530843701478327,True
947,GTATGGA|7|36|82,0.0005530843701478327,0.0005530843701478327,True
948,GTATGTA|7|36|98,0.0005530843701478327,0.0005530843701478327,True
949,GTATGTT|7|36|106,0.0005530843701478327,0.0005530843701478327,True
1846,GTCACCG|7|148|246,0.0005530843701478327,0.0005530843701478327,True
1403,GTCCTTC|7|84|174,0.0005530843701478327,0.0005530843701478327,True
2065,GTCGCGT|7|212|218,0.0005530843701478327,0.0005530843701478327,True
731,GTCTATC|7|20|46,0.0005530843701478327,0.0005530843701478327,True
739,GTCTCAA|7|20|194,0.0005530843701478327,0.0005530843701478327,True
743,GTCTCCG|7|20|246,0.0005530843701478327,0.0005530843701478327,True
744,GTCTCCT|7|20|250,0.0005530843701478327,0.0005530843701478327,True
733,GTCTGAG|7|20|70,0.0005530843701478327,0.0005530843701478327,True
734,GTCTTAC|7|20|142,0.0005530843701478327,0.0005530843701478327,True
735,GTCTTGC|7|20|158,0.0005530843701478327,0.0005530843701478327,True
736,GTCTTTA|7|20|162,0.0005530843701478327,0.0005530843701478327,True
737,GTCTTTT|7|20|170,0.0005530843701478327,0.0005530843701478327,True
1134,GTGTACC|7|52|62,0.0005530843701478327,0.0005530843701478327,True
1133,GTGTACT|7|52|58,0.0005530843701478327,0.0005530843701478327,True
1147,GTGTCTG|7|52|230,0.0005530843701478327,0.0005530843701478327,True
1135,GTGTGAA|7|52|66,0.0005530843701478327,0.0005530843701478327,True
1136,GTGTGAT|7|52|74,0.0005530843701478327,0.0005530843701478327,True
1143,GTGTGCT|7|52|122,0.0005530843701478327,0.0005530843701478327,True
1139,GTGTGGC|7|52|94,0.0005530843701478327,0.0005530843701478327,True
1137,GTGTGGG|7|52|86,0.0005530843701478327,0.0005530843701478327,True
1138,GTGTGGT|7|52|90,0.0005530843701478327,0.0005530843701478327,True
1140,GTGTGTA|7|52|98,0.0005530843701478327,0.0005530843701478327,True
1145,GTGTTGG|7|52|150,0.0005530843701478327,0.0005530843701478327,True
1729,GTTATCA|7|132|178,0.0005530843701478327,0.0005530843701478327,True
1728,GTTATTT|7|132|170,0.0005530843701478327,0.0005530843701478327,True
1263,GTTCCTC|7|68|238,0.0005530843701478327,0.0005530843701478327,True
1255,GTTCGGG|7|68|86,0.0005530843701478327,0.0005530843701478327,True
1256,GTTCTAC|7|68|142,0.0005530843701478327,0.0005530843701478327,True
2025,GTTGCAC|7|196|206,0.0005530843701478327,0.0005530843701478327,True
1946,TAAACCC|7|169|255,0.0005530843701478327,0.0005530843701478327,True
1945,TAAACCG|7|169|247,0.0005530843701478327,0.0005530843701478327,True
1942,TAAATCC|7|169|191,0.0005530843701478327,0.0005530843701478327,True
1582,TAACCCT|7|105|251,0.0005530843701478327,0.0005530843701478327,True
1574,TAACTTA|7|105|163,0.0005530843701478327,0.0005530843701478327,True
992,TAATACA|7|41|51,0.0005530843701478327,0.0005530843701478327,True
993,TAATACG|7|41|55,0.0005530843701478327,0.0005530843701478327,True
991,TAATATT|7|41|43,0.0005530843701478327,0.0005530843701478327,True
1000,TAATCAC|7|41|207,0.0005530843701478327,0.0005530843701478327,True
994,TAATGGG|7|41|87,0.0005530843701478327,0.0005530843701478327,True
1878,TACATGT|7|153|155,0.0005530843701478327,0.0005530843701478327,True
1438,TACCCAC|7|89|207,0.0005530843701478327,0.0005530843701478327,True
1437,TACCCAT|7|89|203,0.0005530843701478327,0.0005530843701478327,True
1439,TACCCGA|7|89|211,0.0005530843701478327,0.0005530843701478327,True
1433,TACCGCA|7|89|115,0.0005530843701478327,0.0005530843701478327,True
1434,TACCTGA|7|89|147,0.0005530843701478327,0.0005530843701478327,True
2076,TACGCGC|7|217|223,0.0005530843701478327,0.0005530843701478327,True
2077,TACGCTG|7|217|231,0.0005530843701478327,0.0005530843701478327,True
806,TACTACC|7|25|63,0.0005530843701478327,0.0005530843701478327,True
809,TACTTGG|7|25|151,0.0005530843701478327,0.0005530843701478327,True
1653,TAGCTGG|7|121|151,0.0005530843701478327,0.0005530843701478327,True
1760,TATACGA|7|137|211,0.0005530843701478327,0.0005530843701478327,True
1759,TATATGG|7|137|151,0.0005530843701478327,0.0005530843701478327,True
1308,TATCTTA|7|73|163,0.0005530843701478327,0.0005530843701478327,True
1309,TATCTTG|7|73|167,0.0005530843701478327,0.0005530843701478327,True
2040,TATGCAC|7|201|207,0.0005530843701478327,0.0005530843701478327,True
2043,TATGCCA|7|201|243,0.0005530843701478327,0.0005530843701478327,True
2041,TATGCGA|7|201|211,0.0005530843701478327,0.0005530843701478327,True
618,TATTAAC|7|9|15,0.0005530843701478327,0.0005530843701478327,True
619,TATTATA|7|9|35,0.0005530843701478327,0.0005530843701478327,True
622,TATTCCC|7|9|255,0.0005530843701478327,0.0005530843701478327,True
620,TATTGCT|7|9|123,0.0005530843701478327,0.0005530843701478327,True
621,TATTTGT|7|9|155,0.0005530843701478327,0.0005530843701478327,True
1935,TCAACTG|7|165|231,0.0005530843701478327,0.0005530843701478327,True
1933,TCAATTC|7|165|175,0.0005530843701478327,0.0005530843701478327,True
1932,TCAATTT|7|165|171,0.0005530843701478327,0.0005530843701478327,True
1546,TCACCGG|7|101|215,0.0005530843701478327,0.0005530843701478327,True
1541,TCACGCT|7|101|123,0.0005530843701478327,0.0005530843701478327,True
1543,TCACTTG|7|101|167,0.0005530843701478327,0.0005530843701478327,True
961,TCATCAC|7|37|207,0.0005530843701478327,0.0005530843701478327,True
962,TCATCGA|7|37|211,0.0005530843701478327,0.0005530843701478327,True
955,TCATGAA|7|37|67,0.0005530843701478327,0.0005530843701478327,True
957,TCATTGG|7|37|151,0.0005530843701478327,0.0005530843701478327,True
1854,TCCACGA|7|149|211,0.0005530843701478327,0.0005530843701478327,True
1851,TCCATCG|7|149|183,0.0005530843701478327,0.0005530843701478327,True
1848,TCCATGG|7|149|151,0.0005530843701478327,0.0005530843701478327,True
1411,TCCCCAC|7|85|207,0.0005530843701478327,0.0005530843701478327,True
745,TCCTAGT|7|21|27,0.0005530843701478327,0.0005530843701478327,True
748,TCCTATC|7|21|47,0.0005530843701478327,0.0005530843701478327,True
747,TCCTATT|7|21|43,0.0005530843701478327,0.0005530843701478327,True
762,TCCTCGC|7|21|223,0.0005530843701478327,0.0005530843701478327,True
760,TCCTCGG|7|21|215,0.0005530843701478327,0.0005530843701478327,True
761,TCCTCGT|7|21|219,0.0005530843701478327,0.0005530843701478327,True
750,TCCTGCA|7|21|115,0.0005530843701478327,0.0005530843701478327,True
752,TCCTGCC|7|21|127,0.0005530843701478327,0.0005530843701478327,True
751,TCCTGCG|7|21|119,0.0005530843701478327,0.0005530843701478327,True
749,TCCTGTT|7|21|107,0.0005530843701478327,0.0005530843701478327,True
753,TCCTTAA|7|21|131,0.0005530843701478327,0.0005530843701478327,True
755,TCCTTGC|7|21|159,0.0005530843701478327,0.0005530843701478327,True
756,TCCTTTA|7|21|163,0.0005530843701478327,0.0005530843701478327,True
1150,TCGTACT|7|53|59,0.0005530843701478327,0.0005530843701478327,True
1151,TCGTGGT|7|53|91,0.0005530843701478327,0.0005530843701478327,True
1153,TCGTGTG|7|53|103,0.0005530843701478327,0.0005530843701478327,True
1158,TCGTTCA|7|53|179,0.0005530843701478327,0.0005530843701478327,True
1156,TCGTTGG|7|53|151,0.0005530843701478327,0.0005530843701478327,True
1735,TCTACTG|7|133|231,0.0005530843701478327,0.0005530843701478327,True
1272,TCTCCGT|7|69|219,0.0005530843701478327,0.0005530843701478327,True
1265,TCTCGGA|7|69|83,0.0005530843701478327,0.0005530843701478327,True
1267,TCTCGGC|7|69|95,0.0005530843701478327,0.0005530843701478327,True
1268,TCTCGTG|7|69|103,0.0005530843701478327,0.0005530843701478327,True
1270,TCTCTTG|7|69|167,0.0005530843701478327,0.0005530843701478327,True
2027,TCTGCGA|7|197|211,0.0005530843701478327,0.0005530843701478327,True
2028,TCTGCGC|7|197|223,0.0005530843701478327,0.0005530843701478327,True
574,TCTTCAA|7|5|195,0.0005530843701478327,0.0005530843701478327,True
575,TCTTCAT|7|5|203,0.0005530843701478327,0.0005530843701478327,True
578,TCTTCCC|7|5|255,0.0005530843701478327,0.0005530843701478327,True
577,TCTTCCT|7|5|251,0.0005530843701478327,0.0005530843701478327,True
573,TCTTTCA|7|5|179,0.0005530843701478327,0.0005530843701478327,True
569,TCTTTGC|7|5|159,0.0005530843701478327,0.0005530843701478327,True
570,TCTTTTA|7|5|163,0.0005530843701478327,0.0005530843701478327,True
571,TCTTTTG|7|5|167,0.0005530843701478327,0.0005530843701478327,True
1611,TGACGCG|7|109|119,0.0005530843701478327,0.0005530843701478327,True
1052,TGATCAA|7|45|195,0.0005530843701478327,0.0005530843701478327,True
1055,TGATCCT|7|45|251,0.0005530843701478327,0.0005530843701478327,True
1054,TGATCTA|7|45|227,0.0005530843701478327,0.0005530843701478327,True
1051,TGATTCT|7|45|187,0.0005530843701478327,0.0005530843701478327,True
1904,TGCACAT|7|157|203,0.0005530843701478327,0.0005530843701478327,True
1906,TGCACGT|7|157|219,0.0005530843701478327,0.0005530843701478327,True
1902,TGCATGC|7|157|159,0.0005530843701478327,0.0005530843701478327,True
1466,TGCCTAA|7|93|131,0.0005530843701478327,0.0005530843701478327,True
1469,TGCCTCC|7|93|191,0.0005530843701478327,0.0005530843701478327,True
1467,TGCCTGT|7|93|155,0.0005530843701478327,0.0005530843701478327,True
864,TGCTCCG|7|29|247,0.0005530843701478327,0.0005530843701478327,True
860,TGCTCGT|7|29|219,0.0005530843701478327,0.0005530843701478327,True
861,TGCTCTA|7|29|227,0.0005530843701478327,0.0005530843701478327,True
1235,TGGTCAG|7|61|199,0.0005530843701478327,0.0005530843701478327,True
1236,TGGTCAT|7|61|203,0.0005530843701478327,0.0005530843701478327,True
1234,TGGTTCC|7|61|191,0.0005530843701478327,0.0005530843701478327,True
1788,TGTACGT|7|141|219,0.0005530843701478327,0.0005530843701478327,True
1784,TGTATAC|7|141|143,0.0005530843701478327,0.0005530843701478327,True
1335,TGTCCGA|7|77|211,0.0005530843701478327,0.0005530843701478327,True
1336,TGTCCGC|7|77|223,0.0005530843701478327,0.0005530843701478327,True
1327,TGTCGGA|7|77|83,0.0005530843701478327,0.0005530843701478327,True
1329,TGTCGTA|7|77|99,0.0005530843701478327,0.0005530843701478327,True
1330,TGTCGTT|7|77|107,0.0005530843701478327,0.0005530843701478327,True
1332,TGTCTAG|7|77|135,0.0005530843701478327,0.0005530843701478327,True
2058,TGTGCCC|7|205|255,0.0005530843701478327,0.0005530843701478327,True
661,TGTTCAA|7|13|195,0.0005530843701478327,0.0005530843701478327,True
655,TGTTGAG|7|13|71,0.0005530843701478327,0.0005530843701478327,True
657,TGTTGTC|7|13|111,0.0005530843701478327,0.0005530843701478327,True
660,TGTTTTT|7|13|171,0.0005530843701478327,0.0005530843701478327,True
1918,TTAACGG|7|161|215,0.0005530843701478327,0.0005530843701478327,True
1516,TTACCGG|7|97|215,0.0005530843701478327,0.0005530843701478327,True
1511,TTACGCA|7|97|115,0.0005530843701478327,0.0005530843701478327,True
1513,TTACTGA|7|97|147,0.0005530843701478327,0.0005530843701478327,True
922,TTATGTC|7|33|111,0.0005530843701478327,0.0005530843701478327,True
923,TTATTAC|7|33|143,0.0005530843701478327,0.0005530843701478327,True
1818,TTCACCG|7|145|247,0.0005530843701478327,0.0005530843701478327,True
1819,TTCACCT|7|145|251,0.0005530843701478327,0.0005530843701478327,True
1812,TTCATCC|7|145|191,0.0005530843701478327,0.0005530843701478327,True
1375,TTCCCAA|7|81|195,0.0005530843701478327,0.0005530843701478327,True
1377,TTCCCTC|7|81|239,0.0005530843701478327,0.0005530843701478327,True
1370,TTCCTGG|7|81|151,0.0005530843701478327,0.0005530843701478327,True
698,TTCTAGT|7|17|27,0.0005530843701478327,0.0005530843701478327,True
705,TTCTCTA|7|17|227,0.0005530843701478327,0.0005530843701478327,True
707,TTCTCTC|7|17|239,0.0005530843701478327,0.0005530843701478327,True
706,TTCTCTT|7|17|235,0.0005530843701478327,0.0005530843701478327,True
703,TTCTTGG|7|17|151,0.0005530843701478327,0.0005530843701478327,True
1625,TTGCTAT|7|113|139,0.0005530843701478327,0.0005530843701478327,True
1627,TTGCTTG|7|113|167,0.0005530843701478327,0.0005530843701478327,True
2099,TTGGCCT|7|241|251,0.0005530843701478327,0.0005530843701478327,True
1105,TTGTCGG|7|49|215,0.0005530843701478327,0.0005530843701478327,True
1106,TTGTCGT|7|49|219,0.0005530843701478327,0.0005530843701478327,True
1107,TTGTCTG|7|49|231,0.0005530843701478327,0.0005530843701478327,True
1095,TTGTGAC|7|49|79,0.0005530843701478327,0.0005530843701478327,True
1097,TTGTGCG|7|49|119,0.0005530843701478327,0.0005530843701478327,True
1103,TTGTTCG|7|49|183,0.0005530843701478327,0.0005530843701478327,True
1101,TTGTTGC|7|49|159,0.0005530843701478327,0.0005530843701478327,True
1100,TTGTTGT|7|49|155,0.0005530843701478327,0.0005530843701478327,True
1709,TTTACCT|7|129|251,0.0005530843701478327,0.0005530843701478327,True
1700,TTTATTG|7|129|167,0.0005530843701478327,0.0005530843701478327,True
1249,TTTCGCG|7|65|119,0.0005530843701478327,0.0005530843701478327,True
2019,TTTGCTT|7|193|235,0.0005530843701478327,0.0005530843701478327,True
516,TTTTGCG|7|1|119,0.0005530843701478327,0.0005530843701478327,True
515,TTTTGTG|7|1|103,0.0005530843701478327,0.0005530843701478327,True
519,TTTTTAC|7|1|143,0.0005530843701478327,0.0005530843701478327,True
518,TTTTTAG|7|1|135,0.0005530843701478327,0.0005530843701478327,True
520,TTTTTGG|7|1|151,0.0005530843701478327,0.0005530843701478327,True
521,TTTTTGT|7|1|155,0.0005530843701478327,0.0005530843701478327,True
522,TTTTTTG|7|1|167,0.0005530843701478327,0.0005530843701478327,True
