Column,Location,p-value,FDR p-value,Significant (FDR<0.05)
14,GATCC|5|12|62,0.001398767679796457,0.007697380048605108,True
232,AAACAC|6|43|52,0.001398767679796457,0.007697380048605108,True
86,AATCTA|6|11|57,0.001398767679796457,0.007697380048605108,True
225,ACATGT|6|39|39,0.001398767679796457,0.007697380048605108,True
179,ACCTCT|6|23|47,0.001398767679796457,0.007697380048605108,True
63,ACTACA|6|7|13,0.001398767679796457,0.007697380048605108,True
118,AGTCAC|6|15|52,0.001398767679796457,0.007697380048605108,True
119,AGTCTG|6|15|58,0.001398767679796457,0.007697380048605108,True
211,ATACGG|6|35|54,0.001398767679796457,0.007697380048605108,True
152,ATCCAA|6|19|49,0.001398767679796457,0.007697380048605108,True
145,ATCGAT|6|19|19,0.001398767679796457,0.007697380048605108,True
146,ATCGGA|6|19|21,0.001398767679796457,0.007697380048605108,True
150,ATCTCT|6|19|47,0.001398767679796457,0.007697380048605108,True
195,CACGCA|6|26|29,0.001398767679796457,0.007697380048605108,True
75,CATTTG|6|10|42,0.001398767679796457,0.007697380048605108,True
173,CCCTCC|6|22|48,0.001398767679796457,0.007697380048605108,True
57,CCTACG|6|6|14,0.001398767679796457,0.007697380048605108,True
112,CGTTAG|6|14|34,0.001398767679796457,0.007697380048605108,True
140,CTCCTA|6|18|57,0.001398767679796457,0.007697380048605108,True
142,CTCCTC|6|18|60,0.001398767679796457,0.007697380048605108,True
135,CTCGAG|6|18|18,0.001398767679796457,0.007697380048605108,True
137,CTCGCA|6|18|29,0.001398767679796457,0.007697380048605108,True
43,CTTTGA|6|2|37,0.001398767679796457,0.007697380048605108,True
97,GATCAA|6|12|49,0.001398767679796457,0.007697380048605108,True
90,GATGCG|6|12|30,0.001398767679796457,0.007697380048605108,True
91,GATTGG|6|12|38,0.001398767679796457,0.007697380048605108,True
229,GCACGT|6|40|55,0.001398767679796457,0.007697380048605108,True
182,GCCGCG|6|24|30,0.001398767679796457,0.007697380048605108,True
125,GGTCAG|6|16|50,0.001398767679796457,0.007697380048605108,True
128,GGTCTC|6|16|60,0.001398767679796457,0.007697380048605108,True
121,GGTGCT|6|16|31,0.001398767679796457,0.007697380048605108,True
157,GTCCCG|6|20|62,0.001398767679796457,0.007697380048605108,True
153,GTCTTG|6|20|42,0.001398767679796457,0.007697380048605108,True
190,TACCAC|6|25|52,0.001398767679796457,0.007697380048605108,True
192,TACCGC|6|25|56,0.001398767679796457,0.007697380048605108,True
188,TACTTC|6|25|44,0.001398767679796457,0.007697380048605108,True
68,TATCTG|6|9|58,0.001398767679796457,0.007697380048605108,True
219,TCACTG|6|37|58,0.001398767679796457,0.007697380048605108,True
167,TCCCAT|6|21|51,0.001398767679796457,0.007697380048605108,True
170,TCCCCA|6|21|61,0.001398767679796457,0.007697380048605108,True
169,TCCCTT|6|21|59,0.001398767679796457,0.007697380048605108,True
160,TCCGGC|6|21|24,0.001398767679796457,0.007697380048605108,True
164,TCCTCC|6|21|48,0.001398767679796457,0.007697380048605108,True
163,TCCTGG|6|21|38,0.001398767679796457,0.007697380048605108,True
106,TGTCCA|6|13|61,0.001398767679796457,0.007697380048605108,True
130,TTCTAT|6|17|35,0.001398767679796457,0.007697380048605108,True
1442,AAAACCG|7|171|245,0.001398767679796457,0.007697380048605108,True
1441,AAAACTC|7|171|237,0.001398767679796457,0.007697380048605108,True
1249,AAACCCC|7|107|253,0.001398767679796457,0.007697380048605108,True
1400,AACACAG|7|155|197,0.001398767679796457,0.007697380048605108,True
1401,AACACTC|7|155|237,0.001398767679796457,0.007697380048605108,True
1399,AACATCC|7|155|189,0.001398767679796457,0.007697380048605108,True
1398,AACATCG|7|155|181,0.001398767679796457,0.007697380048605108,True
1397,AACATTC|7|155|173,0.001398767679796457,0.007697380048605108,True
1396,AACATTT|7|155|169,0.001398767679796457,0.007697380048605108,True
772,AAGTCAC|7|59|205,0.001398767679796457,0.007697380048605108,True
1480,AATGCGC|7|203|221,0.001398767679796457,0.007697380048605108,True
300,AATTCGA|7|11|209,0.001398767679796457,0.007697380048605108,True
297,AATTTTT|7|11|169,0.001398767679796457,0.007697380048605108,True
1426,ACAACGT|7|167|217,0.001398767679796457,0.007697380048605108,True
513,ACATCAA|7|39|193,0.001398767679796457,0.007697380048605108,True
512,ACATTCG|7|39|181,0.001398767679796457,0.007697380048605108,True
1081,ACCCCAC|7|87|205,0.001398767679796457,0.007697380048605108,True
1080,ACCCCAG|7|87|197,0.001398767679796457,0.007697380048605108,True
1082,ACCCCGG|7|87|213,0.001398767679796457,0.007697380048605108,True
1083,ACCCCGT|7|87|217,0.001398767679796457,0.007697380048605108,True
1079,ACCCTTT|7|87|169,0.001398767679796457,0.007697380048605108,True
372,ACCTGCA|7|23|113,0.001398767679796457,0.007697380048605108,True
1262,ACGCCCG|7|119|245,0.001398767679796457,0.007697380048605108,True
1260,ACGCCGT|7|119|217,0.001398767679796457,0.007697380048605108,True
975,ACTCCCC|7|71|253,0.001398767679796457,0.007697380048605108,True
970,ACTCTGA|7|71|145,0.001398767679796457,0.007697380048605108,True
273,ACTTTAA|7|7|129,0.001398767679796457,0.007697380048605108,True
1452,AGAACAT|7|175|201,0.001398767679796457,0.007697380048605108,True
1453,AGAACCT|7|175|249,0.001398767679796457,0.007697380048605108,True
1254,AGACTCA|7|111|177,0.001398767679796457,0.007697380048605108,True
848,AGGTCAG|7|63|197,0.001398767679796457,0.007697380048605108,True
846,AGGTTCC|7|63|189,0.001398767679796457,0.007697380048605108,True
1014,AGTCTTT|7|79|169,0.001398767679796457,0.007697380048605108,True
315,AGTTGGT|7|15|89,0.001398767679796457,0.007697380048605108,True
1412,ATAACTC|7|163|237,0.001398767679796457,0.007697380048605108,True
1411,ATAACTG|7|163|229,0.001398767679796457,0.007697380048605108,True
1197,ATACCTA|7|99|225,0.001398767679796457,0.007697380048605108,True
1198,ATACCTG|7|99|229,0.001398767679796457,0.007697380048605108,True
1193,ATACTGT|7|99|153,0.001398767679796457,0.007697380048605108,True
431,ATATCGT|7|35|217,0.001398767679796457,0.007697380048605108,True
1352,ATCACAC|7|147|205,0.001398767679796457,0.007697380048605108,True
345,ATCTCCG|7|19|245,0.001398767679796457,0.007697380048605108,True
686,ATGTCTC|7|51|237,0.001398767679796457,0.007697380048605108,True
905,ATTCCAG|7|67|197,0.001398767679796457,0.007697380048605108,True
892,ATTCGCT|7|67|121,0.001398767679796457,0.007697380048605108,True
902,ATTCTCT|7|67|185,0.001398767679796457,0.007697380048605108,True
895,ATTCTGA|7|67|145,0.001398767679796457,0.007697380048605108,True
899,ATTCTTG|7|67|165,0.001398767679796457,0.007697380048605108,True
1464,ATTGCAG|7|195|197,0.001398767679796457,0.007697380048605108,True
1468,ATTGCCG|7|195|245,0.001398767679796457,0.007697380048605108,True
1465,ATTGCTT|7|195|233,0.001398767679796457,0.007697380048605108,True
1435,CAAACAA|7|170|196,0.001398767679796457,0.007697380048605108,True
1439,CAAACTA|7|170|228,0.001398767679796457,0.007697380048605108,True
1247,CAACGCT|7|106|124,0.001398767679796457,0.007697380048605108,True
563,CAATCAA|7|42|196,0.001398767679796457,0.007697380048605108,True
565,CAATCAC|7|42|208,0.001398767679796457,0.007697380048605108,True
572,CAATCCC|7|42|256,0.001398767679796457,0.007697380048605108,True
1391,CACATTG|7|154|168,0.001398767679796457,0.007697380048605108,True
1111,CACCGTA|7|90|100,0.001398767679796457,0.007697380048605108,True
1112,CACCGTG|7|90|104,0.001398767679796457,0.007697380048605108,True
1115,CACCTAC|7|90|144,0.001398767679796457,0.007697380048605108,True
1114,CACCTAT|7|90|140,0.001398767679796457,0.007697380048605108,True
397,CACTCCT|7|26|252,0.001398767679796457,0.007697380048605108,True
1267,CAGCTGG|7|122|152,0.001398767679796457,0.007697380048605108,True
755,CAGTGCA|7|58|116,0.001398767679796457,0.007697380048605108,True
756,CAGTGCG|7|58|120,0.001398767679796457,0.007697380048605108,True
1317,CATACGT|7|138|220,0.001398767679796457,0.007697380048605108,True
1476,CATGCAT|7|202|204,0.001398767679796457,0.007697380048605108,True
1477,CATGCGT|7|202|220,0.001398767679796457,0.007697380048605108,True
1478,CATGCTA|7|202|228,0.001398767679796457,0.007697380048605108,True
295,CATTCAA|7|10|196,0.001398767679796457,0.007697380048605108,True
294,CATTGAA|7|10|68,0.001398767679796457,0.007697380048605108,True
1421,CCAACAA|7|166|196,0.001398767679796457,0.007697380048605108,True
1423,CCAACAT|7|166|204,0.001398767679796457,0.007697380048605108,True
1424,CCAACTA|7|166|228,0.001398767679796457,0.007697380048605108,True
496,CCATCTC|7|38|240,0.001398767679796457,0.007697380048605108,True
494,CCATCTG|7|38|232,0.001398767679796457,0.007697380048605108,True
492,CCATTGG|7|38|152,0.001398767679796457,0.007697380048605108,True
958,CCTCCAA|7|70|196,0.001398767679796457,0.007697380048605108,True
944,CCTCGGG|7|70|88,0.001398767679796457,0.007697380048605108,True
952,CCTCTGT|7|70|156,0.001398767679796457,0.007697380048605108,True
955,CCTCTTG|7|70|168,0.001398767679796457,0.007697380048605108,True
956,CCTCTTT|7|70|172,0.001398767679796457,0.007697380048605108,True
1448,CGAACTA|7|174|228,0.001398767679796457,0.007697380048605108,True
1450,CGAACTT|7|174|236,0.001398767679796457,0.007697380048605108,True
627,CGATCGG|7|46|216,0.001398767679796457,0.007697380048605108,True
1408,CGCACCA|7|158|244,0.001398767679796457,0.007697380048605108,True
1407,CGCACTT|7|158|236,0.001398767679796457,0.007697380048605108,True
1406,CGCATCA|7|158|180,0.001398767679796457,0.007697380048605108,True
821,CGGTGCT|7|62|124,0.001398767679796457,0.007697380048605108,True
1336,CGTACAC|7|142|208,0.001398767679796457,0.007697380048605108,True
307,CGTTAAC|7|14|16,0.001398767679796457,0.007697380048605108,True
309,CGTTTAC|7|14|144,0.001398767679796457,0.007697380048605108,True
310,CGTTTGA|7|14|148,0.001398767679796457,0.007697380048605108,True
312,CGTTTGC|7|14|160,0.001398767679796457,0.007697380048605108,True
311,CGTTTGT|7|14|156,0.001398767679796457,0.007697380048605108,True
313,CGTTTTG|7|14|168,0.001398767679796457,0.007697380048605108,True
1179,CTACTAC|7|98|144,0.001398767679796457,0.007697380048605108,True
1183,CTACTTG|7|98|168,0.001398767679796457,0.007697380048605108,True
1350,CTCACGT|7|146|220,0.001398767679796457,0.007697380048605108,True
1457,CTGACGC|7|178|224,0.001398767679796457,0.007697380048605108,True
1456,CTGATCG|7|178|184,0.001398767679796457,0.007697380048605108,True
673,CTGTCCA|7|50|244,0.001398767679796457,0.007697380048605108,True
887,CTTCCCG|7|66|248,0.001398767679796457,0.007697380048605108,True
885,CTTCCGT|7|66|220,0.001398767679796457,0.007697380048605108,True
882,CTTCTCT|7|66|188,0.001398767679796457,0.007697380048605108,True
257,CTTTCTT|7|2|236,0.001398767679796457,0.007697380048605108,True
1444,GAAACTA|7|172|226,0.001398767679796457,0.007697380048605108,True
1251,GAACCGG|7|108|214,0.001398767679796457,0.007697380048605108,True
608,GAATCCT|7|44|250,0.001398767679796457,0.007697380048605108,True
1402,GACACAC|7|156|206,0.001398767679796457,0.007697380048605108,True
783,GAGTTTA|7|60|162,0.001398767679796457,0.007697380048605108,True
1481,GATGCGT|7|204|218,0.001398767679796457,0.007697380048605108,True
1483,GATGCTT|7|204|234,0.001398767679796457,0.007697380048605108,True
301,GATTTGA|7|12|146,0.001398767679796457,0.007697380048605108,True
302,GATTTGT|7|12|154,0.001398767679796457,0.007697380048605108,True
1427,GCAATTT|7|168|170,0.001398767679796457,0.007697380048605108,True
529,GCATCCC|7|40|254,0.001398767679796457,0.007697380048605108,True
527,GCATCGC|7|40|222,0.001398767679796457,0.007697380048605108,True
1383,GCCACCA|7|152|242,0.001398767679796457,0.007697380048605108,True
1090,GCCCTAG|7|88|134,0.001398767679796457,0.007697380048605108,True
380,GCCTATG|7|24|38,0.001398767679796457,0.007697380048605108,True
1299,GCTACAA|7|136|194,0.001398767679796457,0.007697380048605108,True
983,GCTCCCG|7|72|246,0.001398767679796457,0.007697380048605108,True
278,GCTTAGT|7|8|26,0.001398767679796457,0.007697380048605108,True
1454,GGAACAA|7|176|194,0.001398767679796457,0.007697380048605108,True
1455,GGAACGC|7|176|222,0.001398767679796457,0.007697380048605108,True
644,GGATACC|7|48|62,0.001398767679796457,0.007697380048605108,True
649,GGATCAC|7|48|206,0.001398767679796457,0.007697380048605108,True
650,GGATCGT|7|48|218,0.001398767679796457,0.007697380048605108,True
647,GGATGTA|7|48|98,0.001398767679796457,0.007697380048605108,True
1410,GGCATTT|7|160|170,0.001398767679796457,0.007697380048605108,True
863,GGGTCCT|7|64|250,0.001398767679796457,0.007697380048605108,True
320,GGTTCAC|7|16|206,0.001398767679796457,0.007697380048605108,True
317,GGTTTTG|7|16|166,0.001398767679796457,0.007697380048605108,True
1415,GTAACCA|7|164|242,0.001398767679796457,0.007697380048605108,True
1413,GTAACGA|7|164|210,0.001398767679796457,0.007697380048605108,True
1213,GTACCAG|7|100|198,0.001398767679796457,0.007697380048605108,True
1214,GTACCAT|7|100|202,0.001398767679796457,0.007697380048605108,True
1220,GTACCCA|7|100|242,0.001398767679796457,0.007697380048605108,True
1218,GTACCTG|7|100|230,0.001398767679796457,0.007697380048605108,True
1204,GTACTAG|7|100|134,0.001398767679796457,0.007697380048605108,True
1205,GTACTAT|7|100|138,0.001398767679796457,0.007697380048605108,True
1208,GTACTTG|7|100|166,0.001398767679796457,0.007697380048605108,True
437,GTATACC|7|36|62,0.001398767679796457,0.007697380048605108,True
438,GTATGAG|7|36|70,0.001398767679796457,0.007697380048605108,True
1355,GTCACAA|7|148|194,0.001398767679796457,0.007697380048605108,True
1356,GTCACAT|7|148|202,0.001398767679796457,0.007697380048605108,True
1357,GTCACTA|7|148|226,0.001398767679796457,0.007697380048605108,True
1354,GTCATTA|7|148|162,0.001398767679796457,0.007697380048605108,True
354,GTCTCTC|7|20|238,0.001398767679796457,0.007697380048605108,True
688,GTGTTAC|7|52|142,0.001398767679796457,0.007697380048605108,True
925,GTTCCCG|7|68|246,0.001398767679796457,0.007697380048605108,True
916,GTTCGTC|7|68|110,0.001398767679796457,0.007697380048605108,True
1473,GTTGCCC|7|196|254,0.001398767679796457,0.007697380048605108,True
259,GTTTAGA|7|4|18,0.001398767679796457,0.007697380048605108,True
261,GTTTCAA|7|4|194,0.001398767679796457,0.007697380048605108,True
1432,TAAACGC|7|169|223,0.001398767679796457,0.007697380048605108,True
1430,TAAACGG|7|169|215,0.001398767679796457,0.007697380048605108,True
1428,TAAATCA|7|169|179,0.001398767679796457,0.007697380048605108,True
1245,TAACCCG|7|105|247,0.001398767679796457,0.007697380048605108,True
1243,TAACCGA|7|105|211,0.001398767679796457,0.007697380048605108,True
1242,TAACTCA|7|105|179,0.001398767679796457,0.007697380048605108,True
544,TAATCCG|7|41|247,0.001398767679796457,0.007697380048605108,True
543,TAATCTC|7|41|239,0.001398767679796457,0.007697380048605108,True
535,TAATGTA|7|41|99,0.001398767679796457,0.007697380048605108,True
1388,TACACGG|7|153|215,0.001398767679796457,0.007697380048605108,True
1390,TACACTA|7|153|227,0.001398767679796457,0.007697380048605108,True
1385,TACATTA|7|153|163,0.001398767679796457,0.007697380048605108,True
1386,TACATTG|7|153|167,0.001398767679796457,0.007697380048605108,True
1108,TACCCGC|7|89|223,0.001398767679796457,0.007697380048605108,True
753,TAGTCAC|7|57|207,0.001398767679796457,0.007697380048605108,True
1307,TATATTT|7|137|171,0.001398767679796457,0.007697380048605108,True
996,TATCCCC|7|73|255,0.001398767679796457,0.007697380048605108,True
993,TATCCGC|7|73|223,0.001398767679796457,0.007697380048605108,True
291,TATTCTG|7|9|231,0.001398767679796457,0.007697380048605108,True
290,TATTTAC|7|9|143,0.001398767679796457,0.007697380048605108,True
1419,TCAATCG|7|165|183,0.001398767679796457,0.007697380048605108,True
1225,TCACTAC|7|101|143,0.001398767679796457,0.007697380048605108,True
451,TCATATT|7|37|43,0.001398767679796457,0.007697380048605108,True
477,TCATCTA|7|37|227,0.001398767679796457,0.007697380048605108,True
469,TCATTTG|7|37|167,0.001398767679796457,0.007697380048605108,True
936,TCTCCAG|7|69|199,0.001398767679796457,0.007697380048605108,True
943,TCTCCCC|7|69|255,0.001398767679796457,0.007697380048605108,True
927,TCTCGTT|7|69|107,0.001398767679796457,0.007697380048605108,True
930,TCTCTAT|7|69|139,0.001398767679796457,0.007697380048605108,True
262,TCTTGTA|7|5|99,0.001398767679796457,0.007697380048605108,True
263,TCTTGTT|7|5|107,0.001398767679796457,0.007697380048605108,True
1445,TGAACGT|7|173|219,0.001398767679796457,0.007697380048605108,True
1446,TGAACTG|7|173|231,0.001398767679796457,0.007697380048605108,True
1404,TGCACAC|7|157|207,0.001398767679796457,0.007697380048605108,True
1405,TGCACCG|7|157|247,0.001398767679796457,0.007697380048605108,True
809,TGGTTTC|7|61|175,0.001398767679796457,0.007697380048605108,True
808,TGGTTTG|7|61|167,0.001398767679796457,0.007697380048605108,True
1330,TGTATCC|7|141|191,0.001398767679796457,0.007697380048605108,True
1006,TGTCGTC|7|77|111,0.001398767679796457,0.007697380048605108,True
305,TGTTCTC|7|13|239,0.001398767679796457,0.007697380048605108,True
1164,TTACCAG|7|97|199,0.001398767679796457,0.007697380048605108,True
1170,TTACCTC|7|97|239,0.001398767679796457,0.007697380048605108,True
1157,TTACTGA|7|97|147,0.001398767679796457,0.007697380048605108,True
1159,TTACTGC|7|97|159,0.001398767679796457,0.007697380048605108,True
1039,TTCCCGA|7|81|211,0.001398767679796457,0.007697380048605108,True
1040,TTCCCGT|7|81|219,0.001398767679796457,0.007697380048605108,True
327,TTCTGCA|7|17|115,0.001398767679796457,0.007697380048605108,True
329,TTCTGCC|7|17|127,0.001398767679796457,0.007697380048605108,True
326,TTCTGTG|7|17|103,0.001398767679796457,0.007697380048605108,True
661,TTGTCAG|7|49|199,0.001398767679796457,0.007697380048605108,True
662,TTGTCAT|7|49|203,0.001398767679796457,0.007697380048605108,True
654,TTGTTAC|7|49|143,0.001398767679796457,0.007697380048605108,True
657,TTGTTTG|7|49|167,0.001398767679796457,0.007697380048605108,True
876,TTTCCCC|7|65|255,0.001398767679796457,0.007697380048605108,True
874,TTTCTTA|7|65|163,0.001398767679796457,0.007697380048605108,True
6,CTTTG|5|2|40,0.006232195106377305,0.007697380048605108,True
11,GCTTT|5|8|42,0.006232195106377305,0.007697380048605108,True
17,TTCGC|5|17|31,0.006232195106377305,0.007697380048605108,True
4,TTTTC|5|1|47,0.006232195106377305,0.007697380048605108,True
83,AATCAA|6|11|49,0.006232195106377305,0.007697380048605108,True
151,ATCTCC|6|19|48,0.006232195106377305,0.007697380048605108,True
196,CACTAC|6|26|36,0.006232195106377305,0.007697380048605108,True
143,CTCCCG|6|18|62,0.006232195106377305,0.007697380048605108,True
40,CTTAGA|6|2|5,0.006232195106377305,0.007697380048605108,True
41,CTTAGT|6|2|7,0.006232195106377305,0.007697380048605108,True
45,CTTCGT|6|2|55,0.006232195106377305,0.007697380048605108,True
184,GCCCGG|6|24|54,0.006232195106377305,0.007697380048605108,True
214,GTATAC|6|36|36,0.006232195106377305,0.007697380048605108,True
215,GTATTT|6|36|43,0.006232195106377305,0.007697380048605108,True
220,TCACCC|6|37|64,0.006232195106377305,0.007697380048605108,True
166,TCCCAG|6|21|50,0.006232195106377305,0.007697380048605108,True
161,TCCGTG|6|21|26,0.006232195106377305,0.007697380048605108,True
37,TTTTCT|6|1|47,0.006232195106377305,0.007697380048605108,True
768,AAGTGCT|7|59|121,0.006232195106377305,0.007697380048605108,True
764,AAGTGGT|7|59|89,0.006232195106377305,0.007697380048605108,True
276,ACTTCAG|7|7|197,0.006232195106377305,0.007697380048605108,True
271,ACTTGGG|7|7|85,0.006232195106377305,0.007697380048605108,True
413,AGCTATC|7|31|45,0.006232195106377305,0.007697380048605108,True
891,ATTCGCA|7|67|113,0.006232195106377305,0.007697380048605108,True
897,ATTCTGC|7|67|157,0.006232195106377305,0.007697380048605108,True
1291,CCTACGC|7|134|224,0.006232195106377305,0.007697380048605108,True
1334,CGTATCA|7|142|180,0.006232195106377305,0.007697380048605108,True
286,GCTTCGT|7|8|218,0.006232195106377305,0.007697380048605108,True
281,GCTTGGG|7|8|86,0.006232195106377305,0.007697380048605108,True
284,GCTTTAC|7|8|142,0.006232195106377305,0.007697380048605108,True
1031,GGTCCTG|7|80|230,0.006232195106377305,0.007697380048605108,True
319,GGTTCAG|7|16|198,0.006232195106377305,0.007697380048605108,True
321,GGTTCGA|7|16|210,0.006232195106377305,0.007697380048605108,True
347,GTCTATC|7|20|46,0.006232195106377305,0.007697380048605108,True
687,GTGTTAA|7|52|130,0.006232195106377305,0.007697380048605108,True
932,TCTCTGC|7|69|159,0.006232195106377305,0.007697380048605108,True
1171,TTACCCA|7|97|243,0.006232195106377305,0.007697380048605108,True
1345,TTCACAA|7|145|195,0.006232195106377305,0.007697380048605108,True
330,TTCTTAG|7|17|135,0.006232195106377305,0.007697380048605108,True
244,TTTTGGC|7|1|95,0.006232195106377305,0.007697380048605108,True
32,AAATC|5|43|45,0.006232195106377316,0.007697380048605108,True
22,ACCGT|5|23|25,0.006232195106377316,0.007697380048605108,True
21,CCCTT|5|22|44,0.006232195106377316,0.007697380048605108,True
19,CTCTA|5|18|36,0.006232195106377316,0.007697380048605108,True
8,CTTCA|5|2|52,0.006232195106377316,0.007697380048605108,True
9,GTTGA|5|4|18,0.006232195106377316,0.007697380048605108,True
200,AACCGG|6|27|54,0.006232195106377316,0.007697380048605108,True
85,AATCAC|6|11|52,0.006232195106377316,0.007697380048605108,True
88,AATCTC|6|11|60,0.006232195106377316,0.007697380048605108,True
87,AATCTG|6|11|58,0.006232195106377316,0.007697380048605108,True
82,AATGCG|6|11|30,0.006232195106377316,0.007697380048605108,True
177,ACCTGG|6|23|38,0.006232195106377316,0.007697380048605108,True
117,AGTCAG|6|15|50,0.006232195106377316,0.007697380048605108,True
213,ATACTC|6|35|60,0.006232195106377316,0.007697380048605108,True
212,ATACTT|6|35|59,0.006232195106377316,0.007697380048605108,True
209,ATATTG|6|35|42,0.006232195106377316,0.007697380048605108,True
148,ATCTAG|6|19|34,0.006232195106377316,0.007697380048605108,True
231,CAATCC|6|42|48,0.006232195106377316,0.007697380048605108,True
194,CACGTG|6|26|26,0.006232195106377316,0.007697380048605108,True
69,CATACA|6|10|13,0.006232195106377316,0.007697380048605108,True
70,CATGAA|6|10|17,0.006232195106377316,0.007697380048605108,True
71,CATGTA|6|10|25,0.006232195106377316,0.007697380048605108,True
77,CATTCA|6|10|45,0.006232195106377316,0.007697380048605108,True
76,CATTTT|6|10|43,0.006232195106377316,0.007697380048605108,True
223,CCACCA|6|38|61,0.006232195106377316,0.007697380048605108,True
224,CCACCT|6|38|63,0.006232195106377316,0.007697380048605108,True
109,CGTACT|6|14|15,0.006232195106377316,0.007697380048605108,True
114,CGTCAA|6|14|49,0.006232195106377316,0.007697380048605108,True
207,CTACGA|6|34|53,0.006232195106377316,0.007697380048605108,True
144,CTCCCT|6|18|63,0.006232195106377316,0.007697380048605108,True
139,CTCCGA|6|18|53,0.006232195106377316,0.007697380048605108,True
234,GAACCT|6|44|63,0.006232195106377316,0.007697380048605108,True
100,GATCCC|6|12|64,0.006232195106377316,0.007697380048605108,True
96,GATTCT|6|12|47,0.006232195106377316,0.007697380048605108,True
93,GATTTA|6|12|41,0.006232195106377316,0.007697380048605108,True
94,GATTTT|6|12|43,0.006232195106377316,0.007697380048605108,True
181,GCCGCA|6|24|29,0.006232195106377316,0.007697380048605108,True
180,GCCGGC|6|24|24,0.006232195106377316,0.007697380048605108,True
67,GCTCGT|6|8|55,0.006232195106377316,0.007697380048605108,True
65,GCTTCT|6|8|47,0.006232195106377316,0.007697380048605108,True
129,GGTCCT|6|16|63,0.006232195106377316,0.007697380048605108,True
156,GTCCCA|6|20|61,0.006232195106377316,0.007697380048605108,True
218,TCACGC|6|37|56,0.006232195106377316,0.007697380048605108,True
105,TGTCGA|6|13|53,0.006232195106377316,0.007697380048605108,True
104,TGTTCT|6|13|47,0.006232195106377316,0.007697380048605108,True
131,TTCTTA|6|17|41,0.006232195106377316,0.007697380048605108,True
35,TTTACG|6|1|14,0.006232195106377316,0.007697380048605108,True
573,AAATATC|7|43|45,0.006232195106377316,0.007697380048605108,True
586,AAATCAC|7|43|205,0.006232195106377316,0.007697380048605108,True
585,AAATCAG|7|43|197,0.006232195106377316,0.007697380048605108,True
575,AAATGAC|7|43|77,0.006232195106377316,0.007697380048605108,True
580,AAATTAC|7|43|141,0.006232195106377316,0.007697380048605108,True
579,AAATTAT|7|43|137,0.006232195106377316,0.007697380048605108,True
583,AAATTGC|7|43|157,0.006232195106377316,0.007697380048605108,True
582,AAATTGT|7|43|153,0.006232195106377316,0.007697380048605108,True
584,AAATTTC|7|43|173,0.006232195106377316,0.007697380048605108,True
1395,AACATTA|7|155|161,0.006232195106377316,0.007697380048605108,True
1127,AACCCCT|7|91|249,0.006232195106377316,0.007697380048605108,True
1123,AACCTGA|7|91|145,0.006232195106377316,0.007697380048605108,True
1124,AACCTGT|7|91|153,0.006232195106377316,0.007697380048605108,True
400,AACTCAG|7|27|197,0.006232195106377316,0.007697380048605108,True
775,AAGTCCT|7|59|249,0.006232195106377316,0.007697380048605108,True
774,AAGTCTC|7|59|237,0.006232195106377316,0.007697380048605108,True
769,AAGTGCC|7|59|125,0.006232195106377316,0.007697380048605108,True
763,AAGTGGG|7|59|85,0.006232195106377316,0.007697380048605108,True
770,AAGTTAA|7|59|129,0.006232195106377316,0.007697380048605108,True
1323,AATACTC|7|139|237,0.006232195106377316,0.007697380048605108,True
1322,AATACTG|7|139|229,0.006232195106377316,0.007697380048605108,True
299,AATTCAT|7|11|201,0.006232195106377316,0.007697380048605108,True
298,AATTTCA|7|11|177,0.006232195106377316,0.007697380048605108,True
499,ACATACA|7|39|49,0.006232195106377316,0.007697380048605108,True
501,ACATACT|7|39|57,0.006232195106377316,0.007697380048605108,True
503,ACATGTA|7|39|97,0.006232195106377316,0.007697380048605108,True
509,ACATTTG|7|39|165,0.006232195106377316,0.007697380048605108,True
1084,ACCCCGC|7|87|221,0.006232195106377316,0.007697380048605108,True
1078,ACCCTTG|7|87|165,0.006232195106377316,0.007697380048605108,True
1490,ACCGCCA|7|215|241,0.006232195106377316,0.007697380048605108,True
1489,ACCGCGT|7|215|217,0.006232195106377316,0.007697380048605108,True
366,ACCTACT|7|23|57,0.006232195106377316,0.007697380048605108,True
730,ACGTCAA|7|55|193,0.006232195106377316,0.007697380048605108,True
735,ACGTCCA|7|55|241,0.006232195106377316,0.007697380048605108,True
733,ACGTCTA|7|55|225,0.006232195106377316,0.007697380048605108,True
734,ACGTCTT|7|55|233,0.006232195106377316,0.007697380048605108,True
728,ACGTTCT|7|55|185,0.006232195106377316,0.007697380048605108,True
725,ACGTTTC|7|55|173,0.006232195106377316,0.007697380048605108,True
1295,ACTACCC|7|135|253,0.006232195106377316,0.007697380048605108,True
1292,ACTATGT|7|135|153,0.006232195106377316,0.007697380048605108,True
965,ACTCGAC|7|71|77,0.006232195106377316,0.007697380048605108,True
973,ACTCTCT|7|71|185,0.006232195106377316,0.007697380048605108,True
1474,ACTGCCA|7|199|241,0.006232195106377316,0.007697380048605108,True
1475,ACTGCCT|7|199|249,0.006232195106377316,0.007697380048605108,True
269,ACTTAAT|7|7|9,0.006232195106377316,0.007697380048605108,True
1451,AGAATCC|7|175|189,0.006232195106377316,0.007697380048605108,True
1255,AGACTCT|7|111|185,0.006232195106377316,0.007697380048605108,True
642,AGATCCT|7|47|249,0.006232195106377316,0.007697380048605108,True
638,AGATGCC|7|47|125,0.006232195106377316,0.007697380048605108,True
641,AGATTTT|7|47|169,0.006232195106377316,0.007697380048605108,True
1409,AGCACCA|7|159|241,0.006232195106377316,0.007697380048605108,True
1151,AGCCTCT|7|95|185,0.006232195106377316,0.007697380048605108,True
1149,AGCCTGT|7|95|153,0.006232195106377316,0.007697380048605108,True
414,AGCTGCT|7|31|121,0.006232195106377316,0.007697380048605108,True
415,AGCTTAA|7|31|129,0.006232195106377316,0.007697380048605108,True
843,AGGTTGC|7|63|157,0.006232195106377316,0.007697380048605108,True
844,AGGTTTC|7|63|173,0.006232195106377316,0.007697380048605108,True
1339,AGTACGC|7|143|221,0.006232195106377316,0.007697380048605108,True
1022,AGTCCCC|7|79|253,0.006232195106377316,0.007697380048605108,True
1195,ATACCAA|7|99|193,0.006232195106377316,0.007697380048605108,True
1199,ATACCTT|7|99|233,0.006232195106377316,0.007697380048605108,True
1190,ATACTAA|7|99|129,0.006232195106377316,0.007697380048605108,True
1191,ATACTAC|7|99|141,0.006232195106377316,0.007697380048605108,True
1192,ATACTGG|7|99|149,0.006232195106377316,0.007697380048605108,True
430,ATATCAC|7|35|205,0.006232195106377316,0.007697380048605108,True
434,ATATCCT|7|35|249,0.006232195106377316,0.007697380048605108,True
1061,ATCCCGC|7|83|221,0.006232195106377316,0.007697380048605108,True
1055,ATCCGCT|7|83|121,0.006232195106377316,0.007697380048605108,True
1057,ATCCTAC|7|83|141,0.006232195106377316,0.007697380048605108,True
1058,ATCCTGT|7|83|153,0.006232195106377316,0.007697380048605108,True
1059,ATCCTTA|7|83|161,0.006232195106377316,0.007697380048605108,True
341,ATCTCAT|7|19|201,0.006232195106377316,0.007697380048605108,True
346,ATCTCCC|7|19|253,0.006232195106377316,0.007697380048605108,True
338,ATCTTTC|7|19|173,0.006232195106377316,0.007697380048605108,True
684,ATGTCAG|7|51|197,0.006232195106377316,0.007697380048605108,True
674,ATGTGAT|7|51|73,0.006232195106377316,0.007697380048605108,True
678,ATGTGCG|7|51|117,0.006232195106377316,0.007697380048605108,True
675,ATGTGGA|7|51|81,0.006232195106377316,0.007697380048605108,True
676,ATGTGTA|7|51|97,0.006232195106377316,0.007697380048605108,True
677,ATGTGTC|7|51|109,0.006232195106377316,0.007697380048605108,True
680,ATGTTAC|7|51|141,0.006232195106377316,0.007697380048605108,True
682,ATGTTGC|7|51|157,0.006232195106377316,0.007697380048605108,True
906,ATTCCAC|7|67|205,0.006232195106377316,0.007697380048605108,True
912,ATTCCCC|7|67|253,0.006232195106377316,0.007697380048605108,True
907,ATTCCGA|7|67|209,0.006232195106377316,0.007697380048605108,True
903,ATTCTCC|7|67|189,0.006232195106377316,0.007697380048605108,True
900,ATTCTTT|7|67|169,0.006232195106377316,0.007697380048605108,True
1467,ATTGCCA|7|195|241,0.006232195106377316,0.007697380048605108,True
1469,ATTGCCC|7|195|253,0.006232195106377316,0.007697380048605108,True
1466,ATTGCTC|7|195|237,0.006232195106377316,0.007697380048605108,True
258,ATTTACT|7|3|57,0.006232195106377316,0.007697380048605108,True
1436,CAAACAT|7|170|204,0.006232195106377316,0.007697380048605108,True
1437,CAAACGA|7|170|212,0.006232195106377316,0.007697380048605108,True
1438,CAAACGT|7|170|220,0.006232195106377316,0.007697380048605108,True
1440,CAAACTT|7|170|236,0.006232195106377316,0.007697380048605108,True
1248,CAACCAA|7|106|196,0.006232195106377316,0.007697380048605108,True
570,CAATCCG|7|42|248,0.006232195106377316,0.007697380048605108,True
571,CAATCCT|7|42|252,0.006232195106377316,0.007697380048605108,True
567,CAATCTA|7|42|228,0.006232195106377316,0.007697380048605108,True
552,CAATGCG|7|42|120,0.006232195106377316,0.007697380048605108,True
555,CAATTAT|7|42|140,0.006232195106377316,0.007697380048605108,True
1394,CACACCA|7|154|244,0.006232195106377316,0.007697380048605108,True
1392,CACACGA|7|154|212,0.006232195106377316,0.007697380048605108,True
1393,CACACTC|7|154|240,0.006232195106377316,0.007697380048605108,True
1120,CACCCCG|7|90|248,0.006232195106377316,0.007697380048605108,True
1117,CACCCGG|7|90|216,0.006232195106377316,0.007697380048605108,True
758,CAGTTAC|7|58|144,0.006232195106377316,0.007697380048605108,True
757,CAGTTAG|7|58|136,0.006232195106377316,0.007697380048605108,True
1316,CATACGA|7|138|212,0.006232195106377316,0.007697380048605108,True
1314,CATATTT|7|138|172,0.006232195106377316,0.007697380048605108,True
1003,CATCCTC|7|74|240,0.006232195106377316,0.007697380048605108,True
997,CATCGAC|7|74|80,0.006232195106377316,0.007697380048605108,True
999,CATCGTG|7|74|104,0.006232195106377316,0.007697380048605108,True
1479,CATGCTT|7|202|236,0.006232195106377316,0.007697380048605108,True
293,CATTACT|7|10|60,0.006232195106377316,0.007697380048605108,True
1422,CCAACAG|7|166|200,0.006232195106377316,0.007697380048605108,True
1425,CCAACTT|7|166|236,0.006232195106377316,0.007697380048605108,True
1231,CCACGCG|7|102|120,0.006232195106377316,0.007697380048605108,True
1234,CCACTCA|7|102|180,0.006232195106377316,0.007697380048605108,True
483,CCATACT|7|38|60,0.006232195106377316,0.007697380048605108,True
497,CCATCCG|7|38|248,0.006232195106377316,0.007697380048605108,True
484,CCATGAA|7|38|68,0.006232195106377316,0.007697380048605108,True
1370,CCCATTT|7|150|172,0.006232195106377316,0.007697380048605108,True
1488,CCCGCCT|7|214|252,0.006232195106377316,0.007697380048605108,True
709,CCGTACT|7|54|60,0.006232195106377316,0.007697380048605108,True
718,CCGTCAA|7|54|196,0.006232195106377316,0.007697380048605108,True
720,CCGTCCG|7|54|248,0.006232195106377316,0.007697380048605108,True
710,CCGTGAA|7|54|68,0.006232195106377316,0.007697380048605108,True
714,CCGTGTA|7|54|100,0.006232195106377316,0.007697380048605108,True
1287,CCTATTC|7|134|176,0.006232195106377316,0.007697380048605108,True
1285,CCTATTG|7|134|168,0.006232195106377316,0.007697380048605108,True
963,CCTCCCC|7|70|256,0.006232195106377316,0.007697380048605108,True
960,CCTCCGG|7|70|216,0.006232195106377316,0.007697380048605108,True
948,CCTCGCG|7|70|120,0.006232195106377316,0.007697380048605108,True
947,CCTCGTC|7|70|112,0.006232195106377316,0.007697380048605108,True
950,CCTCTAT|7|70|140,0.006232195106377316,0.007697380048605108,True
953,CCTCTGC|7|70|160,0.006232195106377316,0.007697380048605108,True
951,CCTCTGG|7|70|152,0.006232195106377316,0.007697380048605108,True
954,CCTCTTA|7|70|164,0.006232195106377316,0.007697380048605108,True
1449,CGAACTG|7|174|232,0.006232195106377316,0.007697380048605108,True
1253,CGACCTA|7|110|228,0.006232195106377316,0.007697380048605108,True
628,CGATCGC|7|46|224,0.006232195106377316,0.007697380048605108,True
623,CGATGGG|7|46|88,0.006232195106377316,0.007697380048605108,True
1145,CGCCCCA|7|94|244,0.006232195106377316,0.007697380048605108,True
1142,CGCCCGA|7|94|212,0.006232195106377316,0.007697380048605108,True
1143,CGCCCGG|7|94|216,0.006232195106377316,0.007697380048605108,True
411,CGCTCCT|7|30|252,0.006232195106377316,0.007697380048605108,True
409,CGCTCTC|7|30|240,0.006232195106377316,0.007697380048605108,True
828,CGGTTCA|7|62|180,0.006232195106377316,0.007697380048605108,True
823,CGGTTGA|7|62|148,0.006232195106377316,0.007697380048605108,True
1337,CGTACTC|7|142|240,0.006232195106377316,0.007697380048605108,True
1011,CGTCCCC|7|78|256,0.006232195106377316,0.007697380048605108,True
314,CGTTTTC|7|14|176,0.006232195106377316,0.007697380048605108,True
1187,CTACCAC|7|98|208,0.006232195106377316,0.007697380048605108,True
1186,CTACCAT|7|98|204,0.006232195106377316,0.007697380048605108,True
1188,CTACCGA|7|98|212,0.006232195106377316,0.007697380048605108,True
1185,CTACTCA|7|98|180,0.006232195106377316,0.007697380048605108,True
1184,CTACTTC|7|98|176,0.006232195106377316,0.007697380048605108,True
1052,CTCCCCG|7|82|248,0.006232195106377316,0.007697380048605108,True
1051,CTCCCTG|7|82|232,0.006232195106377316,0.007697380048605108,True
1048,CTCCTGG|7|82|152,0.006232195106377316,0.007697380048605108,True
1050,CTCCTTC|7|82|176,0.006232195106377316,0.007697380048605108,True
666,CTGTACT|7|50|60,0.006232195106377316,0.007697380048605108,True
672,CTGTCTT|7|50|236,0.006232195106377316,0.007697380048605108,True
669,CTGTGGC|7|50|96,0.006232195106377316,0.007697380048605108,True
668,CTGTGGT|7|50|92,0.006232195106377316,0.007697380048605108,True
670,CTGTTAT|7|50|140,0.006232195106377316,0.007697380048605108,True
886,CTTCCTA|7|66|228,0.006232195106377316,0.007697380048605108,True
877,CTTCGAA|7|66|68,0.006232195106377316,0.007697380048605108,True
880,CTTCGTC|7|66|112,0.006232195106377316,0.007697380048605108,True
1461,CTTGCAA|7|194|196,0.006232195106377316,0.007697380048605108,True
1463,CTTGCAC|7|194|208,0.006232195106377316,0.007697380048605108,True
1462,CTTGCAT|7|194|204,0.006232195106377316,0.007697380048605108,True
252,CTTTGGG|7|2|88,0.006232195106377316,0.007697380048605108,True
1443,GAAACAA|7|172|194,0.006232195106377316,0.007697380048605108,True
591,GAATACC|7|44|62,0.006232195106377316,0.007697380048605108,True
598,GAATTAT|7|44|138,0.006232195106377316,0.007697380048605108,True
600,GAATTGA|7|44|146,0.006232195106377316,0.007697380048605108,True
601,GAATTTT|7|44|170,0.006232195106377316,0.007697380048605108,True
1135,GACCCCA|7|92|242,0.006232195106377316,0.007697380048605108,True
1136,GACCCCT|7|92|250,0.006232195106377316,0.007697380048605108,True
1134,GACCCGT|7|92|218,0.006232195106377316,0.007697380048605108,True
1130,GACCTAC|7|92|142,0.006232195106377316,0.007697380048605108,True
1132,GACCTCA|7|92|178,0.006232195106377316,0.007697380048605108,True
1131,GACCTGA|7|92|146,0.006232195106377316,0.007697380048605108,True
797,GAGTCCT|7|60|250,0.006232195106377316,0.007697380048605108,True
777,GAGTGAA|7|60|66,0.006232195106377316,0.007697380048605108,True
779,GAGTGGG|7|60|86,0.006232195106377316,0.007697380048605108,True
788,GAGTTCC|7|60|190,0.006232195106377316,0.007697380048605108,True
786,GAGTTCG|7|60|182,0.006232195106377316,0.007697380048605108,True
787,GAGTTCT|7|60|186,0.006232195106377316,0.007697380048605108,True
784,GAGTTTG|7|60|166,0.006232195106377316,0.007697380048605108,True
1327,GATACAC|7|140|206,0.006232195106377316,0.007697380048605108,True
1326,GATATCA|7|140|178,0.006232195106377316,0.007697380048605108,True
1484,GATGCCT|7|204|250,0.006232195106377316,0.007697380048605108,True
1482,GATGCTA|7|204|226,0.006232195106377316,0.007697380048605108,True
525,GCATCGA|7|40|210,0.006232195106377316,0.007697380048605108,True
523,GCATTCA|7|40|178,0.006232195106377316,0.007697380048605108,True
519,GCATTGA|7|40|146,0.006232195106377316,0.007697380048605108,True
520,GCATTGG|7|40|150,0.006232195106377316,0.007697380048605108,True
1379,GCCACAC|7|152|206,0.006232195106377316,0.007697380048605108,True
1384,GCCACCG|7|152|246,0.006232195106377316,0.007697380048605108,True
1380,GCCACGA|7|152|210,0.006232195106377316,0.007697380048605108,True
1382,GCCACTC|7|152|238,0.006232195106377316,0.007697380048605108,True
1381,GCCACTT|7|152|234,0.006232195106377316,0.007697380048605108,True
1095,GCCCCAG|7|88|198,0.006232195106377316,0.007697380048605108,True
1099,GCCCCTT|7|88|234,0.006232195106377316,0.007697380048605108,True
1087,GCCCGTG|7|88|102,0.006232195106377316,0.007697380048605108,True
1088,GCCCGTT|7|88|106,0.006232195106377316,0.007697380048605108,True
383,GCCTACT|7|24|58,0.006232195106377316,0.007697380048605108,True
386,GCCTGGA|7|24|82,0.006232195106377316,0.007697380048605108,True
387,GCCTGGT|7|24|90,0.006232195106377316,0.007697380048605108,True
1263,GCGCCGC|7|120|222,0.006232195106377316,0.007697380048605108,True
747,GCGTCCC|7|56|254,0.006232195106377316,0.007697380048605108,True
746,GCGTCCG|7|56|246,0.006232195106377316,0.007697380048605108,True
744,GCGTCGG|7|56|214,0.006232195106377316,0.007697380048605108,True
736,GCGTGAA|7|56|66,0.006232195106377316,0.007697380048605108,True
742,GCGTTCG|7|56|182,0.006232195106377316,0.007697380048605108,True
741,GCGTTTA|7|56|162,0.006232195106377316,0.007697380048605108,True
1300,GCTACAG|7|136|198,0.006232195106377316,0.007697380048605108,True
1302,GCTACGT|7|136|218,0.006232195106377316,0.007697380048605108,True
979,GCTCCAC|7|72|206,0.006232195106377316,0.007697380048605108,True
280,GCTTGAA|7|8|66,0.006232195106377316,0.007697380048605108,True
282,GCTTGTG|7|8|102,0.006232195106377316,0.007697380048605108,True
283,GCTTTAG|7|8|134,0.006232195106377316,0.007697380048605108,True
645,GGATGAT|7|48|74,0.006232195106377316,0.007697380048605108,True
646,GGATGGA|7|48|82,0.006232195106377316,0.007697380048605108,True
422,GGCTACC|7|32|62,0.006232195106377316,0.007697380048605108,True
418,GGCTATA|7|32|34,0.006232195106377316,0.007697380048605108,True
423,GGCTTGG|7|32|150,0.006232195106377316,0.007697380048605108,True
862,GGGTCCA|7|64|242,0.006232195106377316,0.007697380048605108,True
853,GGGTGCA|7|64|114,0.006232195106377316,0.007697380048605108,True
852,GGGTGTT|7|64|106,0.006232195106377316,0.007697380048605108,True
856,GGGTTAT|7|64|138,0.006232195106377316,0.007697380048605108,True
858,GGGTTGC|7|64|158,0.006232195106377316,0.007697380048605108,True
1027,GGTCCAT|7|80|202,0.006232195106377316,0.007697380048605108,True
1029,GGTCCGT|7|80|218,0.006232195106377316,0.007697380048605108,True
1024,GGTCGGC|7|80|94,0.006232195106377316,0.007697380048605108,True
1023,GGTCGGG|7|80|86,0.006232195106377316,0.007697380048605108,True
1025,GGTCGTA|7|80|98,0.006232195106377316,0.007697380048605108,True
1416,GTAACCT|7|164|250,0.006232195106377316,0.007697380048605108,True
1414,GTAACTT|7|164|234,0.006232195106377316,0.007697380048605108,True
1212,GTACCAA|7|100|194,0.006232195106377316,0.007697380048605108,True
1206,GTACTGA|7|100|146,0.006232195106377316,0.007697380048605108,True
435,GTATATG|7|36|38,0.006232195106377316,0.007697380048605108,True
440,GTATGGC|7|36|94,0.006232195106377316,0.007697380048605108,True
348,GTCTACA|7|20|50,0.006232195106377316,0.007697380048605108,True
355,GTCTCCA|7|20|242,0.006232195106377316,0.007697380048605108,True
353,GTCTTCT|7|20|186,0.006232195106377316,0.007697380048605108,True
699,GTGTCTC|7|52|238,0.006232195106377316,0.007697380048605108,True
923,GTTCCGT|7|68|218,0.006232195106377316,0.007697380048605108,True
915,GTTCGTT|7|68|106,0.006232195106377316,0.007697380048605108,True
918,GTTCTGA|7|68|146,0.006232195106377316,0.007697380048605108,True
1470,GTTGCAT|7|196|202,0.006232195106377316,0.007697380048605108,True
1472,GTTGCCG|7|196|246,0.006232195106377316,0.007697380048605108,True
1471,GTTGCGA|7|196|210,0.006232195106377316,0.007697380048605108,True
260,GTTTATG|7|4|38,0.006232195106377316,0.007697380048605108,True
1429,TAAACAC|7|169|207,0.006232195106377316,0.007697380048605108,True
1434,TAAACCG|7|169|247,0.006232195106377316,0.007697380048605108,True
1431,TAAACGT|7|169|219,0.006232195106377316,0.007697380048605108,True
1433,TAAACTA|7|169|227,0.006232195106377316,0.007697380048605108,True
1238,TAACGCA|7|105|115,0.006232195106377316,0.007697380048605108,True
1237,TAACGTT|7|105|107,0.006232195106377316,0.007697380048605108,True
1239,TAACTAT|7|105|139,0.006232195106377316,0.007697380048605108,True
531,TAATACC|7|41|63,0.006232195106377316,0.007697380048605108,True
530,TAATACG|7|41|55,0.006232195106377316,0.007697380048605108,True
539,TAATCAC|7|41|207,0.006232195106377316,0.007697380048605108,True
533,TAATGAC|7|41|79,0.006232195106377316,0.007697380048605108,True
537,TAATGTC|7|41|111,0.006232195106377316,0.007697380048605108,True
1387,TACACAG|7|153|199,0.006232195106377316,0.007697380048605108,True
1389,TACACGT|7|153|219,0.006232195106377316,0.007697380048605108,True
1109,TACCCTA|7|89|227,0.006232195106377316,0.007697380048605108,True
1100,TACCGGT|7|89|91,0.006232195106377316,0.007697380048605108,True
1103,TACCTCT|7|89|187,0.006232195106377316,0.007697380048605108,True
750,TAGTTCG|7|57|183,0.006232195106377316,0.007697380048605108,True
1306,TATATTA|7|137|163,0.006232195106377316,0.007697380048605108,True
992,TATCTTT|7|73|171,0.006232195106377316,0.007697380048605108,True
1420,TCAATCC|7|165|191,0.006232195106377316,0.007697380048605108,True
1418,TCAATTC|7|165|175,0.006232195106377316,0.007697380048605108,True
1417,TCAATTG|7|165|167,0.006232195106377316,0.007697380048605108,True
1229,TCACCCA|7|101|243,0.006232195106377316,0.007697380048605108,True
1223,TCACGTC|7|101|111,0.006232195106377316,0.007697380048605108,True
1222,TCACGTT|7|101|107,0.006232195106377316,0.007697380048605108,True
1224,TCACTAT|7|101|139,0.006232195106377316,0.007697380048605108,True
1492,TCAGCCG|7|229|247,0.006232195106377316,0.007697380048605108,True
1491,TCAGCTC|7|229|239,0.006232195106377316,0.007697380048605108,True
453,TCATACT|7|37|59,0.006232195106377316,0.007697380048605108,True
473,TCATCAA|7|37|195,0.006232195106377316,0.007697380048605108,True
482,TCATCCC|7|37|255,0.006232195106377316,0.007697380048605108,True
481,TCATCCG|7|37|247,0.006232195106377316,0.007697380048605108,True
476,TCATCGC|7|37|223,0.006232195106377316,0.007697380048605108,True
478,TCATCTG|7|37|231,0.006232195106377316,0.007697380048605108,True
455,TCATGAG|7|37|71,0.006232195106377316,0.007697380048605108,True
461,TCATGCG|7|37|119,0.006232195106377316,0.007697380048605108,True
462,TCATGCT|7|37|123,0.006232195106377316,0.007697380048605108,True
457,TCATGGT|7|37|91,0.006232195106377316,0.007697380048605108,True
465,TCATTAC|7|37|143,0.006232195106377316,0.007697380048605108,True
463,TCATTAG|7|37|135,0.006232195106377316,0.007697380048605108,True
472,TCATTCC|7|37|191,0.006232195106377316,0.007697380048605108,True
467,TCATTGG|7|37|151,0.006232195106377316,0.007697380048605108,True
470,TCATTTC|7|37|175,0.006232195106377316,0.007697380048605108,True
1364,TCCATCG|7|149|183,0.006232195106377316,0.007697380048605108,True
1360,TCCATGG|7|149|151,0.006232195106377316,0.007697380048605108,True
1068,TCCCCAG|7|85|199,0.006232195106377316,0.007697380048605108,True
1070,TCCCCTG|7|85|231,0.006232195106377316,0.007697380048605108,True
362,TCCTCAG|7|21|199,0.006232195106377316,0.007697380048605108,True
360,TCCTGTC|7|21|111,0.006232195106377316,0.007697380048605108,True
359,TCCTGTG|7|21|103,0.006232195106377316,0.007697380048605108,True
361,TCCTTAG|7|21|135,0.006232195106377316,0.007697380048605108,True
708,TCGTCCA|7|53|243,0.006232195106377316,0.007697380048605108,True
704,TCGTGGA|7|53|83,0.006232195106377316,0.007697380048605108,True
1279,TCTATTA|7|133|163,0.006232195106377316,0.007697380048605108,True
937,TCTCCAT|7|69|203,0.006232195106377316,0.007697380048605108,True
941,TCTCCGC|7|69|223,0.006232195106377316,0.007697380048605108,True
267,TCTTCCA|7|5|243,0.006232195106377316,0.007697380048605108,True
1447,TGAACTC|7|173|239,0.006232195106377316,0.007697380048605108,True
616,TGATCAG|7|45|199,0.006232195106377316,0.007697380048605108,True
617,TGATCGG|7|45|215,0.006232195106377316,0.007697380048605108,True
611,TGATTAT|7|45|139,0.006232195106377316,0.007697380048605108,True
612,TGATTGA|7|45|147,0.006232195106377316,0.007697380048605108,True
1403,TGCATTT|7|157|171,0.006232195106377316,0.007697380048605108,True
1137,TGCCGTC|7|93|111,0.006232195106377316,0.007697380048605108,True
1139,TGCCTAC|7|93|143,0.006232195106377316,0.007697380048605108,True
1140,TGCCTGG|7|93|151,0.006232195106377316,0.007697380048605108,True
1141,TGCCTTC|7|93|175,0.006232195106377316,0.007697380048605108,True
814,TGGTCCT|7|61|251,0.006232195106377316,0.007697380048605108,True
812,TGGTCTT|7|61|235,0.006232195106377316,0.007697380048605108,True
798,TGGTGAG|7|61|71,0.006232195106377316,0.007697380048605108,True
1010,TGTCCTC|7|77|239,0.006232195106377316,0.007697380048605108,True
1009,TGTCCTG|7|77|231,0.006232195106377316,0.007697380048605108,True
1005,TGTCGTG|7|77|103,0.006232195106377316,0.007697380048605108,True
1485,TGTGCAC|7|205|207,0.006232195106377316,0.007697380048605108,True
303,TGTTCTA|7|13|227,0.006232195106377316,0.007697380048605108,True
304,TGTTCTG|7|13|231,0.006232195106377316,0.007697380048605108,True
1163,TTACCAA|7|97|195,0.006232195106377316,0.007697380048605108,True
1166,TTACCAC|7|97|207,0.006232195106377316,0.007697380048605108,True
1165,TTACCAT|7|97|203,0.006232195106377316,0.007697380048605108,True
1169,TTACCTT|7|97|235,0.006232195106377316,0.007697380048605108,True
1153,TTACGTC|7|97|111,0.006232195106377316,0.007697380048605108,True
1155,TTACTAA|7|97|131,0.006232195106377316,0.007697380048605108,True
1161,TTACTCG|7|97|183,0.006232195106377316,0.007697380048605108,True
1158,TTACTGG|7|97|151,0.006232195106377316,0.007697380048605108,True
1486,TTCGCGC|7|209|223,0.006232195106377316,0.007697380048605108,True
1487,TTCGCTG|7|209|231,0.006232195106377316,0.007697380048605108,True
325,TTCTATT|7|17|43,0.006232195106377316,0.007697380048605108,True
328,TTCTGCG|7|17|119,0.006232195106377316,0.007697380048605108,True
664,TTGTCTT|7|49|235,0.006232195106377316,0.007697380048605108,True
660,TTGTTCT|7|49|187,0.006232195106377316,0.007697380048605108,True
656,TTGTTGT|7|49|155,0.006232195106377316,0.007697380048605108,True
865,TTTCGAC|7|65|79,0.006232195106377316,0.007697380048605108,True
1460,TTTGCCA|7|193|243,0.006232195106377316,0.007697380048605108,True
1458,TTTGCTA|7|193|227,0.006232195106377316,0.007697380048605108,True
1459,TTTGCTT|7|193|235,0.006232195106377316,0.007697380048605108,True
241,TTTTAGT|7|1|27,0.006232195106377316,0.007697380048605108,True
242,TTTTGAC|7|1|79,0.006232195106377316,0.007697380048605108,True
243,TTTTGGG|7|1|87,0.006232195106377316,0.007697380048605108,True
245,TTTTGTG|7|1|103,0.006232195106377316,0.007697380048605108,True
247,TTTTTTG|7|1|167,0.006232195106377316,0.007697380048605108,True
13,AATCT|5|11|57,0.006232195106377326,0.007697380048605108,True
12,AATGA|5|11|17,0.006232195106377326,0.007697380048605108,True
31,CAACT|5|42|60,0.006232195106377326,0.007697380048605108,True
27,CCACA|5|38|52,0.006232195106377326,0.007697380048605108,True
24,CTACA|5|34|52,0.006232195106377326,0.007697380048605108,True
5,CTTAC|5|2|16,0.006232195106377326,0.007697380048605108,True
7,CTTTC|5|2|48,0.006232195106377326,0.007697380048605108,True
10,GTTCT|5|4|58,0.006232195106377326,0.007697380048605108,True
26,TCATG|5|37|39,0.006232195106377326,0.007697380048605108,True
15,TGTCC|5|13|63,0.006232195106377326,0.007697380048605108,True
33,TTGCA|5|49|51,0.006232195106377326,0.007697380048605108,True
2,TTTGG|5|1|23,0.006232195106377326,0.007697380048605108,True
3,TTTGT|5|1|27,0.006232195106377326,0.007697380048605108,True
233,AAACGC|6|43|56,0.006232195106377326,0.007697380048605108,True
199,AACTCC|6|27|48,0.006232195106377326,0.007697380048605108,True
198,AACTGG|6|27|38,0.006232195106377326,0.007697380048605108,True
89,AATCCG|6|11|62,0.006232195106377326,0.007697380048605108,True
176,ACCGTC|6|23|28,0.006232195106377326,0.007697380048605108,True
178,ACCTGT|6|23|39,0.006232195106377326,0.007697380048605108,True
64,ACTCAG|6|7|50,0.006232195106377326,0.007697380048605108,True
204,AGCCCT|6|31|63,0.006232195106377326,0.007697380048605108,True
120,AGTCTC|6|15|60,0.006232195106377326,0.007697380048605108,True
210,ATACAC|6|35|52,0.006232195106377326,0.007697380048605108,True
149,ATCTAC|6|19|36,0.006232195106377326,0.007697380048605108,True
51,ATTGCT|6|3|31,0.006232195106377326,0.007697380048605108,True
50,ATTGTT|6|3|27,0.006232195106377326,0.007697380048605108,True
79,CATCAA|6|10|49,0.006232195106377326,0.007697380048605108,True
80,CATCTA|6|10|57,0.006232195106377326,0.007697380048605108,True
72,CATTAG|6|10|34,0.006232195106377326,0.007697380048605108,True
73,CATTAT|6|10|35,0.006232195106377326,0.007697380048605108,True
78,CATTCT|6|10|47,0.006232195106377326,0.007697380048605108,True
221,CCACAG|6|38|50,0.006232195106377326,0.007697380048605108,True
222,CCACAT|6|38|51,0.006232195106377326,0.007697380048605108,True
174,CCCCTA|6|22|57,0.006232195106377326,0.007697380048605108,True
175,CCCCTG|6|22|58,0.006232195106377326,0.007697380048605108,True
171,CCCGGC|6|22|24,0.006232195106377326,0.007697380048605108,True
172,CCCGTA|6|22|25,0.006232195106377326,0.007697380048605108,True
59,CCTCAT|6|6|51,0.006232195106377326,0.007697380048605108,True
62,CCTCCA|6|6|61,0.006232195106377326,0.007697380048605108,True
61,CCTCGC|6|6|56,0.006232195106377326,0.007697380048605108,True
58,CCTGGA|6|6|21,0.006232195106377326,0.007697380048605108,True
115,CGTCAG|6|14|50,0.006232195106377326,0.007697380048605108,True
113,CGTTTG|6|14|42,0.006232195106377326,0.007697380048605108,True
141,CTCCTT|6|18|59,0.006232195106377326,0.007697380048605108,True
136,CTCGGA|6|18|21,0.006232195106377326,0.007697380048605108,True
236,CTGCGA|6|50|53,0.006232195106377326,0.007697380048605108,True
44,CTTTTC|6|2|44,0.006232195106377326,0.007697380048605108,True
202,GACCCT|6|28|63,0.006232195106377326,0.007697380048605108,True
98,GATCGA|6|12|53,0.006232195106377326,0.007697380048605108,True
99,GATCGT|6|12|55,0.006232195106377326,0.007697380048605108,True
95,GATTCA|6|12|45,0.006232195106377326,0.007697380048605108,True
92,GATTGC|6|12|40,0.006232195106377326,0.007697380048605108,True
185,GCCCCC|6|24|64,0.006232195106377326,0.007697380048605108,True
66,GCTCGG|6|8|54,0.006232195106377326,0.007697380048605108,True
205,GGCGCC|6|32|32,0.006232195106377326,0.007697380048605108,True
206,GGCTGC|6|32|40,0.006232195106377326,0.007697380048605108,True
126,GGTCTG|6|16|58,0.006232195106377326,0.007697380048605108,True
122,GGTTAA|6|16|33,0.006232195106377326,0.007697380048605108,True
123,GGTTAC|6|16|36,0.006232195106377326,0.007697380048605108,True
216,GTATCG|6|36|46,0.006232195106377326,0.007697380048605108,True
155,GTCCAG|6|20|50,0.006232195106377326,0.007697380048605108,True
158,GTCCCT|6|20|63,0.006232195106377326,0.007697380048605108,True
154,GTCTTC|6|20|44,0.006232195106377326,0.007697380048605108,True
237,GTGCGC|6|52|56,0.006232195106377326,0.007697380048605108,True
238,GTGCTG|6|52|58,0.006232195106377326,0.007697380048605108,True
53,GTTGTA|6|4|25,0.006232195106377326,0.007697380048605108,True
230,TAATTA|6|41|41,0.006232195106377326,0.007697380048605108,True
193,TACCTA|6|25|57,0.006232195106377326,0.007697380048605108,True
159,TCCGGA|6|21|21,0.006232195106377326,0.007697380048605108,True
162,TCCGTC|6|21|28,0.006232195106377326,0.007697380048605108,True
55,TCTATC|6|5|12,0.006232195106377326,0.007697380048605108,True
101,TGTACC|6|13|16,0.006232195106377326,0.007697380048605108,True
107,TGTCCT|6|13|63,0.006232195106377326,0.007697380048605108,True
102,TGTGGC|6|13|24,0.006232195106377326,0.007697380048605108,True
134,TTCCCG|6|17|62,0.006232195106377326,0.007697380048605108,True
133,TTCCTC|6|17|60,0.006232195106377326,0.007697380048605108,True
36,TTTGTA|6|1|25,0.006232195106377326,0.007697380048605108,True
589,AAATCTC|7|43|237,0.006232195106377326,0.007697380048605108,True
588,AAATCTG|7|43|229,0.006232195106377326,0.007697380048605108,True
577,AAATGCA|7|43|113,0.006232195106377326,0.007697380048605108,True
576,AAATGTT|7|43|105,0.006232195106377326,0.007697380048605108,True
581,AAATTGG|7|43|149,0.006232195106377326,0.007697380048605108,True
1125,AACCCGA|7|91|209,0.006232195106377326,0.007697380048605108,True
1122,AACCGCA|7|91|113,0.006232195106377326,0.007697380048605108,True
403,AACTCCA|7|27|241,0.006232195106377326,0.007697380048605108,True
404,AACTCCG|7|27|245,0.006232195106377326,0.007697380048605108,True
405,AACTCCT|7|27|249,0.006232195106377326,0.007697380048605108,True
402,AACTCTT|7|27|233,0.006232195106377326,0.007697380048605108,True
1273,AAGCCCC|7|123|253,0.006232195106377326,0.007697380048605108,True
1271,AAGCCGC|7|123|221,0.006232195106377326,0.007697380048605108,True
1272,AAGCCTG|7|123|229,0.006232195106377326,0.007697380048605108,True
1270,AAGCGCC|7|123|125,0.006232195106377326,0.007697380048605108,True
771,AAGTCAG|7|59|197,0.006232195106377326,0.007697380048605108,True
773,AAGTCTG|7|59|229,0.006232195106377326,0.007697380048605108,True
765,AAGTGTA|7|59|97,0.006232195106377326,0.007697380048605108,True
766,AAGTGTT|7|59|105,0.006232195106377326,0.007697380048605108,True
1321,AATACAG|7|139|197,0.006232195106377326,0.007697380048605108,True
296,AATTTGC|7|11|157,0.006232195106377326,0.007697380048605108,True
500,ACATACG|7|39|53,0.006232195106377326,0.007697380048605108,True
515,ACATCCT|7|39|249,0.006232195106377326,0.007697380048605108,True
514,ACATCGA|7|39|209,0.006232195106377326,0.007697380048605108,True
506,ACATTAA|7|39|129,0.006232195106377326,0.007697380048605108,True
507,ACATTGA|7|39|145,0.006232195106377326,0.007697380048605108,True
510,ACATTTT|7|39|169,0.006232195106377326,0.007697380048605108,True
1377,ACCATCG|7|151|181,0.006232195106377326,0.007697380048605108,True
1085,ACCCCCC|7|87|253,0.006232195106377326,0.007697380048605108,True
377,ACCTCCA|7|23|241,0.006232195106377326,0.007697380048605108,True
376,ACCTCTT|7|23|233,0.006232195106377326,0.007697380048605108,True
368,ACCTGAC|7|23|77,0.006232195106377326,0.007697380048605108,True
369,ACCTGGA|7|23|81,0.006232195106377326,0.007697380048605108,True
370,ACCTGGG|7|23|85,0.006232195106377326,0.007697380048605108,True
371,ACCTGGT|7|23|89,0.006232195106377326,0.007697380048605108,True
373,ACCTTGG|7|23|149,0.006232195106377326,0.007697380048605108,True
1258,ACGCCAT|7|119|201,0.006232195106377326,0.007697380048605108,True
1259,ACGCCGA|7|119|209,0.006232195106377326,0.007697380048605108,True
1261,ACGCCTT|7|119|233,0.006232195106377326,0.007697380048605108,True
731,ACGTCAT|7|55|201,0.006232195106377326,0.007697380048605108,True
722,ACGTTGC|7|55|157,0.006232195106377326,0.007697380048605108,True
723,ACGTTTG|7|55|165,0.006232195106377326,0.007697380048605108,True
724,ACGTTTT|7|55|169,0.006232195106377326,0.007697380048605108,True
1293,ACTATGC|7|135|157,0.006232195106377326,0.007697380048605108,True
1294,ACTATTA|7|135|161,0.006232195106377326,0.007697380048605108,True
974,ACTCCCG|7|71|245,0.006232195106377326,0.007697380048605108,True
964,ACTCGAT|7|71|73,0.006232195106377326,0.007697380048605108,True
968,ACTCGGC|7|71|93,0.006232195106377326,0.007697380048605108,True
967,ACTCGGT|7|71|89,0.006232195106377326,0.007697380048605108,True
969,ACTCGTA|7|71|97,0.006232195106377326,0.007697380048605108,True
971,ACTCTGG|7|71|149,0.006232195106377326,0.007697380048605108,True
633,AGATACG|7|47|53,0.006232195106377326,0.007697380048605108,True
637,AGATGTT|7|47|105,0.006232195106377326,0.007697380048605108,True
639,AGATTGC|7|47|157,0.006232195106377326,0.007697380048605108,True
640,AGATTTG|7|47|165,0.006232195106377326,0.007697380048605108,True
417,AGCTCCA|7|31|241,0.006232195106377326,0.007697380048605108,True
416,AGCTTTA|7|31|161,0.006232195106377326,0.007697380048605108,True
851,AGGTCGC|7|63|221,0.006232195106377326,0.007697380048605108,True
837,AGGTGAG|7|63|69,0.006232195106377326,0.007697380048605108,True
842,AGGTGCG|7|63|117,0.006232195106377326,0.007697380048605108,True
839,AGGTGGT|7|63|89,0.006232195106377326,0.007697380048605108,True
1341,AGTACCC|7|143|253,0.006232195106377326,0.007697380048605108,True
1340,AGTACTG|7|143|229,0.006232195106377326,0.007697380048605108,True
1016,AGTCCAA|7|79|193,0.006232195106377326,0.007697380048605108,True
1017,AGTCCAT|7|79|201,0.006232195106377326,0.007697380048605108,True
1018,AGTCCGC|7|79|221,0.006232195106377326,0.007697380048605108,True
1020,AGTCCTC|7|79|237,0.006232195106377326,0.007697380048605108,True
1019,AGTCCTG|7|79|229,0.006232195106377326,0.007697380048605108,True
1012,AGTCTAC|7|79|141,0.006232195106377326,0.007697380048605108,True
1015,AGTCTCT|7|79|185,0.006232195106377326,0.007697380048605108,True
1013,AGTCTGT|7|79|153,0.006232195106377326,0.007697380048605108,True
1200,ATACCCA|7|99|241,0.006232195106377326,0.007697380048605108,True
1196,ATACCGA|7|99|209,0.006232195106377326,0.007697380048605108,True
1189,ATACGCT|7|99|121,0.006232195106377326,0.007697380048605108,True
1194,ATACTCG|7|99|181,0.006232195106377326,0.007697380048605108,True
432,ATATCTT|7|35|233,0.006232195106377326,0.007697380048605108,True
424,ATATGGT|7|35|89,0.006232195106377326,0.007697380048605108,True
426,ATATGTA|7|35|97,0.006232195106377326,0.007697380048605108,True
427,ATATTAC|7|35|141,0.006232195106377326,0.007697380048605108,True
429,ATATTCA|7|35|177,0.006232195106377326,0.007697380048605108,True
428,ATATTTC|7|35|173,0.006232195106377326,0.007697380048605108,True
1353,ATCACCG|7|147|245,0.006232195106377326,0.007697380048605108,True
1053,ATCCGGT|7|83|89,0.006232195106377326,0.007697380048605108,True
1054,ATCCGTT|7|83|105,0.006232195106377326,0.007697380048605108,True
1060,ATCCTTG|7|83|165,0.006232195106377326,0.007697380048605108,True
340,ATCTCAG|7|19|197,0.006232195106377326,0.007697380048605108,True
342,ATCTCTA|7|19|225,0.006232195106377326,0.007697380048605108,True
343,ATCTCTG|7|19|229,0.006232195106377326,0.007697380048605108,True
683,ATGTTCG|7|51|181,0.006232195106377326,0.007697380048605108,True
910,ATTCCTC|7|67|237,0.006232195106377326,0.007697380048605108,True
909,ATTCCTG|7|67|229,0.006232195106377326,0.007697380048605108,True
888,ATTCGAT|7|67|73,0.006232195106377326,0.007697380048605108,True
889,ATTCGGT|7|67|89,0.006232195106377326,0.007697380048605108,True
890,ATTCGTC|7|67|109,0.006232195106377326,0.007697380048605108,True
894,ATTCTAC|7|67|141,0.006232195106377326,0.007697380048605108,True
893,ATTCTAG|7|67|133,0.006232195106377326,0.007697380048605108,True
901,ATTCTCG|7|67|181,0.006232195106377326,0.007697380048605108,True
896,ATTCTGG|7|67|149,0.006232195106377326,0.007697380048605108,True
545,CAATACT|7|42|60,0.006232195106377326,0.007697380048605108,True
564,CAATCAG|7|42|200,0.006232195106377326,0.007697380048605108,True
568,CAATCTG|7|42|232,0.006232195106377326,0.007697380048605108,True
546,CAATGAA|7|42|68,0.006232195106377326,0.007697380048605108,True
547,CAATGAT|7|42|76,0.006232195106377326,0.007697380048605108,True
551,CAATGCA|7|42|116,0.006232195106377326,0.007697380048605108,True
549,CAATGGC|7|42|96,0.006232195106377326,0.007697380048605108,True
553,CAATTAA|7|42|132,0.006232195106377326,0.007697380048605108,True
556,CAATTAC|7|42|144,0.006232195106377326,0.007697380048605108,True
562,CAATTCC|7|42|192,0.006232195106377326,0.007697380048605108,True
557,CAATTGA|7|42|148,0.006232195106377326,0.007697380048605108,True
559,CAATTTA|7|42|164,0.006232195106377326,0.007697380048605108,True
560,CAATTTG|7|42|168,0.006232195106377326,0.007697380048605108,True
561,CAATTTT|7|42|172,0.006232195106377326,0.007697380048605108,True
1119,CACCCTT|7|90|236,0.006232195106377326,0.007697380048605108,True
1113,CACCGTC|7|90|112,0.006232195106377326,0.007697380048605108,True
398,CACTCCC|7|26|256,0.006232195106377326,0.007697380048605108,True
394,CACTCGC|7|26|224,0.006232195106377326,0.007697380048605108,True
395,CACTCTA|7|26|228,0.006232195106377326,0.007697380048605108,True
396,CACTCTC|7|26|240,0.006232195106377326,0.007697380048605108,True
1268,CAGCCTA|7|122|228,0.006232195106377326,0.007697380048605108,True
754,CAGTACT|7|58|60,0.006232195106377326,0.007697380048605108,True
759,CAGTTGG|7|58|152,0.006232195106377326,0.007697380048605108,True
760,CAGTTGT|7|58|156,0.006232195106377326,0.007697380048605108,True
1319,CATACCC|7|138|256,0.006232195106377326,0.007697380048605108,True
1318,CATACGC|7|138|224,0.006232195106377326,0.007697380048605108,True
1315,CATATCC|7|138|192,0.006232195106377326,0.007697380048605108,True
1312,CATATGC|7|138|160,0.006232195106377326,0.007697380048605108,True
1313,CATATTA|7|138|164,0.006232195106377326,0.007697380048605108,True
1001,CATCCAC|7|74|208,0.006232195106377326,0.007697380048605108,True
1000,CATCCAG|7|74|200,0.006232195106377326,0.007697380048605108,True
1002,CATCCTG|7|74|232,0.006232195106377326,0.007697380048605108,True
498,CCATCCC|7|38|256,0.006232195106377326,0.007697380048605108,True
485,CCATGGC|7|38|96,0.006232195106377326,0.007697380048605108,True
1373,CCCACAT|7|150|204,0.006232195106377326,0.007697380048605108,True
1374,CCCACGC|7|150|224,0.006232195106377326,0.007697380048605108,True
1376,CCCACTT|7|150|236,0.006232195106377326,0.007697380048605108,True
1372,CCCATCC|7|150|192,0.006232195106377326,0.007697380048605108,True
1371,CCCATCG|7|150|184,0.006232195106377326,0.007697380048605108,True
1368,CCCATGC|7|150|160,0.006232195106377326,0.007697380048605108,True
1367,CCCATGG|7|150|152,0.006232195106377326,0.007697380048605108,True
1369,CCCATTA|7|150|164,0.006232195106377326,0.007697380048605108,True
1072,CCCCGTA|7|86|100,0.006232195106377326,0.007697380048605108,True
1073,CCCCGTT|7|86|108,0.006232195106377326,0.007697380048605108,True
1074,CCCCTAA|7|86|132,0.006232195106377326,0.007697380048605108,True
1075,CCCCTAT|7|86|140,0.006232195106377326,0.007697380048605108,True
1077,CCCCTTA|7|86|164,0.006232195106377326,0.007697380048605108,True
721,CCGTCCC|7|54|256,0.006232195106377326,0.007697380048605108,True
711,CCGTGAT|7|54|76,0.006232195106377326,0.007697380048605108,True
713,CCGTGGT|7|54|92,0.006232195106377326,0.007697380048605108,True
716,CCGTTCA|7|54|180,0.006232195106377326,0.007697380048605108,True
717,CCGTTCT|7|54|188,0.006232195106377326,0.007697380048605108,True
1289,CCTACAA|7|134|196,0.006232195106377326,0.007697380048605108,True
1290,CCTACAT|7|134|204,0.006232195106377326,0.007697380048605108,True
1288,CCTATCC|7|134|192,0.006232195106377326,0.007697380048605108,True
959,CCTCCAG|7|70|200,0.006232195106377326,0.007697380048605108,True
961,CCTCCGT|7|70|220,0.006232195106377326,0.007697380048605108,True
962,CCTCCTT|7|70|236,0.006232195106377326,0.007697380048605108,True
945,CCTCGGC|7|70|96,0.006232195106377326,0.007697380048605108,True
946,CCTCGTT|7|70|108,0.006232195106377326,0.007697380048605108,True
949,CCTCTAA|7|70|132,0.006232195106377326,0.007697380048605108,True
957,CCTCTCG|7|70|184,0.006232195106377326,0.007697380048605108,True
268,CCTTCCT|7|6|252,0.006232195106377326,0.007697380048605108,True
622,CGATACA|7|46|52,0.006232195106377326,0.007697380048605108,True
621,CGATATC|7|46|48,0.006232195106377326,0.007697380048605108,True
626,CGATCAC|7|46|208,0.006232195106377326,0.007697380048605108,True
625,CGATCAG|7|46|200,0.006232195106377326,0.007697380048605108,True
630,CGATCCA|7|46|244,0.006232195106377326,0.007697380048605108,True
631,CGATCCT|7|46|252,0.006232195106377326,0.007697380048605108,True
624,CGATGGT|7|46|92,0.006232195106377326,0.007697380048605108,True
412,CGCTCCC|7|30|256,0.006232195106377326,0.007697380048605108,True
407,CGCTCTG|7|30|232,0.006232195106377326,0.007697380048605108,True
408,CGCTCTT|7|30|236,0.006232195106377326,0.007697380048605108,True
833,CGGTCCA|7|62|244,0.006232195106377326,0.007697380048605108,True
834,CGGTCCT|7|62|252,0.006232195106377326,0.007697380048605108,True
830,CGGTCGC|7|62|224,0.006232195106377326,0.007697380048605108,True
829,CGGTCGT|7|62|220,0.006232195106377326,0.007697380048605108,True
831,CGGTCTA|7|62|228,0.006232195106377326,0.007697380048605108,True
816,CGGTGAG|7|62|72,0.006232195106377326,0.007697380048605108,True
817,CGGTGGA|7|62|84,0.006232195106377326,0.007697380048605108,True
818,CGGTGGT|7|62|92,0.006232195106377326,0.007697380048605108,True
820,CGGTGTC|7|62|112,0.006232195106377326,0.007697380048605108,True
827,CGGTTTC|7|62|176,0.006232195106377326,0.007697380048605108,True
1335,CGTACAT|7|142|204,0.006232195106377326,0.007697380048605108,True
1332,CGTATGA|7|142|148,0.006232195106377326,0.007697380048605108,True
1333,CGTATTC|7|142|176,0.006232195106377326,0.007697380048605108,True
308,CGTTTAG|7|14|136,0.006232195106377326,0.007697380048605108,True
1175,CTACGCA|7|98|116,0.006232195106377326,0.007697380048605108,True
1176,CTACGCT|7|98|124,0.006232195106377326,0.007697380048605108,True
1173,CTACGTA|7|98|100,0.006232195106377326,0.007697380048605108,True
1174,CTACGTT|7|98|108,0.006232195106377326,0.007697380048605108,True
1178,CTACTAT|7|98|140,0.006232195106377326,0.007697380048605108,True
1180,CTACTGA|7|98|148,0.006232195106377326,0.007697380048605108,True
1182,CTACTTA|7|98|164,0.006232195106377326,0.007697380048605108,True
1349,CTCACAA|7|146|196,0.006232195106377326,0.007697380048605108,True
1351,CTCACTA|7|146|228,0.006232195106377326,0.007697380048605108,True
1347,CTCATGA|7|146|148,0.006232195106377326,0.007697380048605108,True
1045,CTCCGCA|7|82|116,0.006232195106377326,0.007697380048605108,True
1046,CTCCGCG|7|82|120,0.006232195106377326,0.007697380048605108,True
1043,CTCCGGC|7|82|96,0.006232195106377326,0.007697380048605108,True
1042,CTCCGGG|7|82|88,0.006232195106377326,0.007697380048605108,True
1044,CTCCGTA|7|82|100,0.006232195106377326,0.007697380048605108,True
1047,CTCCTAC|7|82|144,0.006232195106377326,0.007697380048605108,True
1049,CTCCTTG|7|82|168,0.006232195106377326,0.007697380048605108,True
335,CTCTGGA|7|18|84,0.006232195106377326,0.007697380048605108,True
667,CTGTGGA|7|50|84,0.006232195106377326,0.007697380048605108,True
671,CTGTTGA|7|50|148,0.006232195106377326,0.007697380048605108,True
883,CTTCCAG|7|66|200,0.006232195106377326,0.007697380048605108,True
879,CTTCGGC|7|66|96,0.006232195106377326,0.007697380048605108,True
881,CTTCTCA|7|66|180,0.006232195106377326,0.007697380048605108,True
251,CTTTACG|7|2|56,0.006232195106377326,0.007697380048605108,True
250,CTTTATG|7|2|40,0.006232195106377326,0.007697380048605108,True
256,CTTTCGT|7|2|220,0.006232195106377326,0.007697380048605108,True
253,CTTTTTA|7|2|164,0.006232195106377326,0.007697380048605108,True
254,CTTTTTG|7|2|168,0.006232195106377326,0.007697380048605108,True
1250,GAACCGA|7|108|210,0.006232195106377326,0.007697380048605108,True
1252,GAACCGC|7|108|222,0.006232195106377326,0.007697380048605108,True
590,GAATACA|7|44|50,0.006232195106377326,0.007697380048605108,True
606,GAATCGA|7|44|210,0.006232195106377326,0.007697380048605108,True
592,GAATGAG|7|44|70,0.006232195106377326,0.007697380048605108,True
594,GAATGTA|7|44|98,0.006232195106377326,0.007697380048605108,True
596,GAATGTC|7|44|110,0.006232195106377326,0.007697380048605108,True
595,GAATGTG|7|44|102,0.006232195106377326,0.007697380048605108,True
597,GAATTAA|7|44|130,0.006232195106377326,0.007697380048605108,True
602,GAATTCT|7|44|186,0.006232195106377326,0.007697380048605108,True
1128,GACCGTC|7|92|110,0.006232195106377326,0.007697380048605108,True
1275,GAGCTTA|7|124|162,0.006232195106377326,0.007697380048605108,True
776,GAGTACC|7|60|62,0.006232195106377326,0.007697380048605108,True
789,GAGTCAA|7|60|194,0.006232195106377326,0.007697380048605108,True
791,GAGTCAC|7|60|206,0.006232195106377326,0.007697380048605108,True
790,GAGTCAG|7|60|198,0.006232195106377326,0.007697380048605108,True
796,GAGTCCA|7|60|242,0.006232195106377326,0.007697380048605108,True
794,GAGTCTA|7|60|226,0.006232195106377326,0.007697380048605108,True
795,GAGTCTT|7|60|234,0.006232195106377326,0.007697380048605108,True
780,GAGTGTG|7|60|102,0.006232195106377326,0.007697380048605108,True
781,GAGTTGA|7|60|146,0.006232195106377326,0.007697380048605108,True
785,GAGTTTC|7|60|174,0.006232195106377326,0.007697380048605108,True
1324,GATATGA|7|140|146,0.006232195106377326,0.007697380048605108,True
1325,GATATGG|7|140|150,0.006232195106377326,0.007697380048605108,True
517,GCATACC|7|40|62,0.006232195106377326,0.007697380048605108,True
524,GCATCAC|7|40|206,0.006232195106377326,0.007697380048605108,True
526,GCATCGG|7|40|214,0.006232195106377326,0.007697380048605108,True
528,GCATCTG|7|40|230,0.006232195106377326,0.007697380048605108,True
518,GCATTAC|7|40|142,0.006232195106377326,0.007697380048605108,True
522,GCATTTC|7|40|174,0.006232195106377326,0.007697380048605108,True
1094,GCCCCAA|7|88|194,0.006232195106377326,0.007697380048605108,True
1097,GCCCCAC|7|88|206,0.006232195106377326,0.007697380048605108,True
1096,GCCCCAT|7|88|202,0.006232195106377326,0.007697380048605108,True
1098,GCCCCGT|7|88|218,0.006232195106377326,0.007697380048605108,True
1089,GCCCGCC|7|88|126,0.006232195106377326,0.007697380048605108,True
1086,GCCCGTA|7|88|98,0.006232195106377326,0.007697380048605108,True
1092,GCCCTCA|7|88|178,0.006232195106377326,0.007697380048605108,True
1093,GCCCTCT|7|88|186,0.006232195106377326,0.007697380048605108,True
1091,GCCCTTT|7|88|170,0.006232195106377326,0.007697380048605108,True
384,GCCTACC|7|24|62,0.006232195106377326,0.007697380048605108,True
382,GCCTACG|7|24|54,0.006232195106377326,0.007697380048605108,True
379,GCCTAGC|7|24|30,0.006232195106377326,0.007697380048605108,True
390,GCCTCTT|7|24|234,0.006232195106377326,0.007697380048605108,True
388,GCCTGCG|7|24|118,0.006232195106377326,0.007697380048605108,True
389,GCCTTGC|7|24|158,0.006232195106377326,0.007697380048605108,True
1264,GCGCCTA|7|120|226,0.006232195106377326,0.007697380048605108,True
1266,GCGCCTC|7|120|238,0.006232195106377326,0.007697380048605108,True
743,GCGTCAA|7|56|194,0.006232195106377326,0.007697380048605108,True
745,GCGTCTA|7|56|226,0.006232195106377326,0.007697380048605108,True
737,GCGTGGT|7|56|90,0.006232195106377326,0.007697380048605108,True
740,GCGTTGG|7|56|150,0.006232195106377326,0.007697380048605108,True
1301,GCTACAT|7|136|202,0.006232195106377326,0.007697380048605108,True
1303,GCTACCA|7|136|242,0.006232195106377326,0.007697380048605108,True
1296,GCTATAC|7|136|142,0.006232195106377326,0.007697380048605108,True
1297,GCTATTG|7|136|166,0.006232195106377326,0.007697380048605108,True
1298,GCTATTT|7|136|170,0.006232195106377326,0.007697380048605108,True
982,GCTCCCA|7|72|242,0.006232195106377326,0.007697380048605108,True
984,GCTCCCT|7|72|250,0.006232195106377326,0.007697380048605108,True
980,GCTCCGA|7|72|210,0.006232195106377326,0.007697380048605108,True
981,GCTCCGT|7|72|218,0.006232195106377326,0.007697380048605108,True
976,GCTCGAT|7|72|74,0.006232195106377326,0.007697380048605108,True
977,GCTCGGA|7|72|82,0.006232195106377326,0.007697380048605108,True
279,GCTTACT|7|8|58,0.006232195106377326,0.007697380048605108,True
285,GCTTTCA|7|8|178,0.006232195106377326,0.007697380048605108,True
643,GGATACG|7|48|54,0.006232195106377326,0.007697380048605108,True
651,GGATCCT|7|48|250,0.006232195106377326,0.007697380048605108,True
648,GGATGTC|7|48|110,0.006232195106377326,0.007697380048605108,True
421,GGCTACT|7|32|58,0.006232195106377326,0.007697380048605108,True
420,GGCTATC|7|32|46,0.006232195106377326,0.007697380048605108,True
419,GGCTATT|7|32|42,0.006232195106377326,0.007697380048605108,True
864,GGGTCCC|7|64|254,0.006232195106377326,0.007697380048605108,True
859,GGGTCGA|7|64|210,0.006232195106377326,0.007697380048605108,True
860,GGGTCGC|7|64|222,0.006232195106377326,0.007697380048605108,True
861,GGGTCTG|7|64|230,0.006232195106377326,0.007697380048605108,True
855,GGGTGCC|7|64|126,0.006232195106377326,0.007697380048605108,True
854,GGGTGCG|7|64|118,0.006232195106377326,0.007697380048605108,True
857,GGGTTGG|7|64|150,0.006232195106377326,0.007697380048605108,True
1344,GGTACCT|7|144|250,0.006232195106377326,0.007697380048605108,True
1032,GGTCCCT|7|80|250,0.006232195106377326,0.007697380048605108,True
1028,GGTCCGG|7|80|214,0.006232195106377326,0.007697380048605108,True
1030,GGTCCTA|7|80|226,0.006232195106377326,0.007697380048605108,True
1026,GGTCGCT|7|80|122,0.006232195106377326,0.007697380048605108,True
323,GGTTCGC|7|16|222,0.006232195106377326,0.007697380048605108,True
322,GGTTCGT|7|16|218,0.006232195106377326,0.007697380048605108,True
318,GGTTTCG|7|16|182,0.006232195106377326,0.007697380048605108,True
1215,GTACCGA|7|100|210,0.006232195106377326,0.007697380048605108,True
1219,GTACCTT|7|100|234,0.006232195106377326,0.007697380048605108,True
1203,GTACGCC|7|100|126,0.006232195106377326,0.007697380048605108,True
1202,GTACGCG|7|100|118,0.006232195106377326,0.007697380048605108,True
1201,GTACGTT|7|100|106,0.006232195106377326,0.007697380048605108,True
1211,GTACTCC|7|100|190,0.006232195106377326,0.007697380048605108,True
1210,GTACTCT|7|100|186,0.006232195106377326,0.007697380048605108,True
436,GTATACG|7|36|54,0.006232195106377326,0.007697380048605108,True
448,GTATCCA|7|36|242,0.006232195106377326,0.007697380048605108,True
449,GTATCCT|7|36|250,0.006232195106377326,0.007697380048605108,True
444,GTATCGA|7|36|210,0.006232195106377326,0.007697380048605108,True
446,GTATCGC|7|36|222,0.006232195106377326,0.007697380048605108,True
442,GTATGCC|7|36|126,0.006232195106377326,0.007697380048605108,True
439,GTATGGT|7|36|90,0.006232195106377326,0.007697380048605108,True
441,GTATGTA|7|36|98,0.006232195106377326,0.007697380048605108,True
1359,GTCACCT|7|148|250,0.006232195106377326,0.007697380048605108,True
351,GTCTTCA|7|20|178,0.006232195106377326,0.007697380048605108,True
352,GTCTTCG|7|20|182,0.006232195106377326,0.007697380048605108,True
694,GTGTCAT|7|52|202,0.006232195106377326,0.007697380048605108,True
693,GTGTTCG|7|52|182,0.006232195106377326,0.007697380048605108,True
689,GTGTTGA|7|52|146,0.006232195106377326,0.007697380048605108,True
690,GTGTTGC|7|52|158,0.006232195106377326,0.007697380048605108,True
692,GTGTTTC|7|52|174,0.006232195106377326,0.007697380048605108,True
922,GTTCCAG|7|68|198,0.006232195106377326,0.007697380048605108,True
924,GTTCCGC|7|68|222,0.006232195106377326,0.007697380048605108,True
917,GTTCGCC|7|68|126,0.006232195106377326,0.007697380048605108,True
914,GTTCGTA|7|68|98,0.006232195106377326,0.007697380048605108,True
921,GTTCTCC|7|68|190,0.006232195106377326,0.007697380048605108,True
920,GTTCTCT|7|68|186,0.006232195106377326,0.007697380048605108,True
919,GTTCTGC|7|68|158,0.006232195106377326,0.007697380048605108,True
1241,TAACTGG|7|105|151,0.006232195106377326,0.007697380048605108,True
538,TAATCAT|7|41|203,0.006232195106377326,0.007697380048605108,True
541,TAATCTA|7|41|227,0.006232195106377326,0.007697380048605108,True
542,TAATCTT|7|41|235,0.006232195106377326,0.007697380048605108,True
534,TAATGGG|7|41|87,0.006232195106377326,0.007697380048605108,True
1107,TACCCGT|7|89|219,0.006232195106377326,0.007697380048605108,True
1101,TACCGGC|7|89|95,0.006232195106377326,0.007697380048605108,True
1102,TACCTCG|7|89|183,0.006232195106377326,0.007697380048605108,True
391,TACTATA|7|25|35,0.006232195106377326,0.007697380048605108,True
392,TACTCCT|7|25|251,0.006232195106377326,0.007697380048605108,True
749,TAGTGGG|7|57|87,0.006232195106377326,0.007697380048605108,True
1310,TATACAC|7|137|207,0.006232195106377326,0.007697380048605108,True
1309,TATATCA|7|137|179,0.006232195106377326,0.007697380048605108,True
1304,TATATGG|7|137|151,0.006232195106377326,0.007697380048605108,True
995,TATCCCG|7|73|247,0.006232195106377326,0.007697380048605108,True
994,TATCCTG|7|73|231,0.006232195106377326,0.007697380048605108,True
985,TATCGAC|7|73|79,0.006232195106377326,0.007697380048605108,True
986,TATCGGA|7|73|83,0.006232195106377326,0.007697380048605108,True
988,TATCGGC|7|73|95,0.006232195106377326,0.007697380048605108,True
987,TATCGGG|7|73|87,0.006232195106377326,0.007697380048605108,True
990,TATCTAG|7|73|135,0.006232195106377326,0.007697380048605108,True
991,TATCTAT|7|73|139,0.006232195106377326,0.007697380048605108,True
287,TATTACC|7|9|63,0.006232195106377326,0.007697380048605108,True
292,TATTCTC|7|9|239,0.006232195106377326,0.007697380048605108,True
289,TATTGTG|7|9|103,0.006232195106377326,0.007697380048605108,True
1227,TCACCGT|7|101|219,0.006232195106377326,0.007697380048605108,True
454,TCATACC|7|37|63,0.006232195106377326,0.007697380048605108,True
452,TCATACG|7|37|55,0.006232195106377326,0.007697380048605108,True
464,TCATTAT|7|37|139,0.006232195106377326,0.007697380048605108,True
471,TCATTCT|7|37|187,0.006232195106377326,0.007697380048605108,True
1366,TCCACAG|7|149|199,0.006232195106377326,0.007697380048605108,True
1365,TCCATCC|7|149|191,0.006232195106377326,0.007697380048605108,True
1361,TCCATTA|7|149|163,0.006232195106377326,0.007697380048605108,True
1069,TCCCCGG|7|85|215,0.006232195106377326,0.007697380048605108,True
1065,TCCCTCA|7|85|179,0.006232195106377326,0.007697380048605108,True
1066,TCCCTCG|7|85|183,0.006232195106377326,0.007697380048605108,True
1067,TCCCTCT|7|85|187,0.006232195106377326,0.007697380048605108,True
1063,TCCCTGA|7|85|147,0.006232195106377326,0.007697380048605108,True
1064,TCCCTTC|7|85|175,0.006232195106377326,0.007697380048605108,True
357,TCCTATA|7|21|35,0.006232195106377326,0.007697380048605108,True
358,TCCTGAA|7|21|67,0.006232195106377326,0.007697380048605108,True
703,TCGTGAC|7|53|79,0.006232195106377326,0.007697380048605108,True
702,TCGTGAG|7|53|71,0.006232195106377326,0.007697380048605108,True
706,TCGTGTG|7|53|103,0.006232195106377326,0.007697380048605108,True
707,TCGTTAT|7|53|139,0.006232195106377326,0.007697380048605108,True
1284,TCTACCA|7|133|243,0.006232195106377326,0.007697380048605108,True
1281,TCTATCT|7|133|187,0.006232195106377326,0.007697380048605108,True
1278,TCTATGC|7|133|159,0.006232195106377326,0.007697380048605108,True
1277,TCTATGT|7|133|155,0.006232195106377326,0.007697380048605108,True
1280,TCTATTG|7|133|167,0.006232195106377326,0.007697380048605108,True
940,TCTCCGT|7|69|219,0.006232195106377326,0.007697380048605108,True
942,TCTCCTT|7|69|235,0.006232195106377326,0.007697380048605108,True
928,TCTCGCG|7|69|119,0.006232195106377326,0.007697380048605108,True
935,TCTCTCA|7|69|179,0.006232195106377326,0.007697380048605108,True
931,TCTCTGG|7|69|151,0.006232195106377326,0.007697380048605108,True
934,TCTCTTT|7|69|171,0.006232195106377326,0.007697380048605108,True
264,TCTTTAA|7|5|131,0.006232195106377326,0.007697380048605108,True
619,TGATCTC|7|45|239,0.006232195106377326,0.007697380048605108,True
609,TGATGAC|7|45|79,0.006232195106377326,0.007697380048605108,True
615,TGATTCC|7|45|191,0.006232195106377326,0.007697380048605108,True
613,TGATTTG|7|45|167,0.006232195106377326,0.007697380048605108,True
811,TGGTCAG|7|61|199,0.006232195106377326,0.007697380048605108,True
815,TGGTCCC|7|61|255,0.006232195106377326,0.007697380048605108,True
802,TGGTGCA|7|61|115,0.006232195106377326,0.007697380048605108,True
804,TGGTGCC|7|61|127,0.006232195106377326,0.007697380048605108,True
800,TGGTGGC|7|61|95,0.006232195106377326,0.007697380048605108,True
799,TGGTGGG|7|61|87,0.006232195106377326,0.007697380048605108,True
801,TGGTGTG|7|61|103,0.006232195106377326,0.007697380048605108,True
806,TGGTTAT|7|61|139,0.006232195106377326,0.007697380048605108,True
810,TGGTTCA|7|61|179,0.006232195106377326,0.007697380048605108,True
1331,TGTACTG|7|141|231,0.006232195106377326,0.007697380048605108,True
1008,TGTCCAC|7|77|207,0.006232195106377326,0.007697380048605108,True
1007,TGTCCAG|7|77|199,0.006232195106377326,0.007697380048605108,True
306,TGTTCCT|7|13|251,0.006232195106377326,0.007697380048605108,True
1167,TTACCGT|7|97|219,0.006232195106377326,0.007697380048605108,True
1168,TTACCTA|7|97|227,0.006232195106377326,0.007697380048605108,True
1156,TTACTAC|7|97|143,0.006232195106377326,0.007697380048605108,True
1160,TTACTCA|7|97|179,0.006232195106377326,0.007697380048605108,True
1162,TTACTCC|7|97|191,0.006232195106377326,0.007697380048605108,True
1346,TTCACTT|7|145|235,0.006232195106377326,0.007697380048605108,True
1038,TTCCCAT|7|81|203,0.006232195106377326,0.007697380048605108,True
1041,TTCCCCC|7|81|255,0.006232195106377326,0.007697380048605108,True
1036,TTCCGCG|7|81|119,0.006232195106377326,0.007697380048605108,True
1033,TTCCGGA|7|81|83,0.006232195106377326,0.007697380048605108,True
1034,TTCCGGT|7|81|91,0.006232195106377326,0.007697380048605108,True
1037,TTCCTGG|7|81|151,0.006232195106377326,0.007697380048605108,True
324,TTCTAGA|7|17|19,0.006232195106377326,0.007697380048605108,True
331,TTCTTGA|7|17|147,0.006232195106377326,0.007697380048605108,True
333,TTCTTGC|7|17|159,0.006232195106377326,0.007697380048605108,True
332,TTCTTGT|7|17|155,0.006232195106377326,0.007697380048605108,True
663,TTGTCGA|7|49|211,0.006232195106377326,0.007697380048605108,True
653,TTGTTAT|7|49|139,0.006232195106377326,0.007697380048605108,True
655,TTGTTGG|7|49|151,0.006232195106377326,0.007697380048605108,True
658,TTGTTTT|7|49|171,0.006232195106377326,0.007697380048605108,True
868,TTTCGCA|7|65|115,0.006232195106377326,0.007697380048605108,True
867,TTTCGTG|7|65|103,0.006232195106377326,0.007697380048605108,True
870,TTTCTAA|7|65|131,0.006232195106377326,0.007697380048605108,True
872,TTTCTGA|7|65|147,0.006232195106377326,0.007697380048605108,True
875,TTTCTTG|7|65|167,0.006232195106377326,0.007697380048605108,True
246,TTTTTAG|7|1|135,0.006232195106377326,0.007697380048605108,True
25,CTACT|5|34|60,0.029290886534888188,0.02929088653488826,True
28,GCATT|5|40|42,0.029290886534888188,0.02929088653488826,True
30,TAACG|5|41|55,0.029290886534888188,0.02929088653488826,True
16,TTCGG|5|17|23,0.029290886534888188,0.02929088653488826,True
228,ACACCG|6|39|62,0.029290886534888188,0.02929088653488826,True
227,ACACGC|6|39|56,0.029290886534888188,0.02929088653488826,True
226,ACATCT|6|39|47,0.029290886534888188,0.02929088653488826,True
203,AGCTGT|6|31|39,0.029290886534888188,0.02929088653488826,True
147,ATCGTC|6|19|28,0.029290886534888188,0.02929088653488826,True
46,ATTACA|6|3|13,0.029290886534888188,0.02929088653488826,True
49,ATTGAG|6|3|18,0.029290886534888188,0.02929088653488826,True
52,ATTTGA|6|3|37,0.029290886534888188,0.02929088653488826,True
197,CACCCG|6|26|62,0.029290886534888188,0.02929088653488826,True
81,CATCCC|6|10|64,0.029290886534888188,0.02929088653488826,True
116,CGTCCC|6|14|64,0.029290886534888188,0.02929088653488826,True
110,CGTGAA|6|14|17,0.029290886534888188,0.02929088653488826,True
111,CGTGAT|6|14|19,0.029290886534888188,0.02929088653488826,True
138,CTCTGG|6|18|38,0.029290886534888188,0.02929088653488826,True
201,GACCCA|6|28|61,0.029290886534888188,0.02929088653488826,True
127,GGTCTT|6|16|59,0.029290886534888188,0.02929088653488826,True
124,GGTTCG|6|16|46,0.029290886534888188,0.02929088653488826,True
191,TACCGG|6|25|54,0.029290886534888188,0.02929088653488826,True
187,TACGCC|6|25|32,0.029290886534888188,0.02929088653488826,True
186,TACGCG|6|25|30,0.029290886534888188,0.02929088653488826,True
189,TACTCG|6|25|46,0.029290886534888188,0.02929088653488826,True
168,TCCCGC|6|21|56,0.029290886534888188,0.02929088653488826,True
108,TGTCCC|6|13|64,0.029290886534888188,0.02929088653488826,True
103,TGTTGG|6|13|38,0.029290886534888188,0.02929088653488826,True
235,TTGCCG|6|49|62,0.029290886534888188,0.02929088653488826,True
39,TTTCAC|6|1|52,0.029290886534888188,0.02929088653488826,True
38,TTTCAG|6|1|50,0.029290886534888188,0.02929088653488826,True
1126,AACCCCA|7|91|241,0.029290886534888188,0.02929088653488826,True
401,AACTCGC|7|27|221,0.029290886534888188,0.02929088653488826,True
399,AACTGCC|7|27|125,0.029290886534888188,0.02929088653488826,True
1320,AATATTT|7|139|169,0.029290886534888188,0.02929088653488826,True
1378,ACCATCT|7|151|185,0.029290886534888188,0.02929088653488826,True
367,ACCTGAG|7|23|69,0.029290886534888188,0.02929088653488826,True
727,ACGTTCG|7|55|181,0.029290886534888188,0.02929088653488826,True
966,ACTCGGA|7|71|81,0.029290886534888188,0.02929088653488826,True
277,ACTTCCC|7|7|253,0.029290886534888188,0.02929088653488826,True
272,ACTTGTC|7|7|109,0.029290886534888188,0.02929088653488826,True
274,ACTTTGC|7|7|157,0.029290886534888188,0.02929088653488826,True
841,AGGTGCA|7|63|113,0.029290886534888188,0.02929088653488826,True
1021,AGTCCCG|7|79|245,0.029290886534888188,0.02929088653488826,True
337,ATCTAGC|7|19|29,0.029290886534888188,0.02929088653488826,True
336,ATCTAGG|7|19|21,0.029290886534888188,0.02929088653488826,True
344,ATCTCCA|7|19|241,0.029290886534888188,0.02929088653488826,True
679,ATGTGCC|7|51|125,0.029290886534888188,0.02929088653488826,True
550,CAATGTA|7|42|100,0.029290886534888188,0.02929088653488826,True
554,CAATTAG|7|42|136,0.029290886534888188,0.02929088653488826,True
1121,CACCCCC|7|90|256,0.029290886534888188,0.02929088653488826,True
1118,CACCCGC|7|90|224,0.029290886534888188,0.02929088653488826,True
1116,CACCTCG|7|90|184,0.029290886534888188,0.02929088653488826,True
1269,CAGCCTT|7|122|236,0.029290886534888188,0.02929088653488826,True
1311,CATATAC|7|138|144,0.029290886534888188,0.02929088653488826,True
1232,CCACTAC|7|102|144,0.029290886534888188,0.02929088653488826,True
1233,CCACTGT|7|102|156,0.029290886534888188,0.02929088653488826,True
363,CCCTGTA|7|22|100,0.029290886534888188,0.02929088653488826,True
719,CCGTCAT|7|54|204,0.029290886534888188,0.02929088653488826,True
1146,CGCCCCG|7|94|248,0.029290886534888188,0.02929088653488826,True
835,CGGTCCC|7|62|256,0.029290886534888188,0.02929088653488826,True
832,CGGTCTT|7|62|236,0.029290886534888188,0.02929088653488826,True
824,CGGTTGG|7|62|152,0.029290886534888188,0.02929088653488826,True
1181,CTACTGT|7|98|156,0.029290886534888188,0.02929088653488826,True
1348,CTCATGT|7|146|156,0.029290886534888188,0.02929088653488826,True
334,CTCTGAT|7|18|76,0.029290886534888188,0.02929088653488826,True
248,CTTTAAT|7|2|12,0.029290886534888188,0.02929088653488826,True
249,CTTTAGA|7|2|20,0.029290886534888188,0.02929088653488826,True
599,GAATTAC|7|44|142,0.029290886534888188,0.02929088653488826,True
603,GAATTCC|7|44|190,0.029290886534888188,0.02929088653488826,True
1129,GACCGCG|7|92|118,0.029290886534888188,0.02929088653488826,True
1328,GATACCT|7|140|250,0.029290886534888188,0.02929088653488826,True
381,GCCTATC|7|24|46,0.029290886534888188,0.02929088653488826,True
385,GCCTGAA|7|24|66,0.029290886534888188,0.02929088653488826,True
652,GGATCCC|7|48|254,0.029290886534888188,0.02929088653488826,True
1343,GGTACGG|7|144|214,0.029290886534888188,0.02929088653488826,True
316,GGTTAGA|7|16|18,0.029290886534888188,0.02929088653488826,True
1221,GTACCCC|7|100|254,0.029290886534888188,0.02929088653488826,True
1217,GTACCGC|7|100|222,0.029290886534888188,0.02929088653488826,True
1209,GTACTCA|7|100|178,0.029290886534888188,0.02929088653488826,True
1358,GTCACCG|7|148|246,0.029290886534888188,0.02929088653488826,True
691,GTGTTTG|7|52|166,0.029290886534888188,0.02929088653488826,True
913,GTTCGAT|7|68|74,0.029290886534888188,0.02929088653488826,True
1105,TACCCAG|7|89|199,0.029290886534888188,0.02929088653488826,True
1305,TATATGT|7|137|155,0.029290886534888188,0.02929088653488826,True
1308,TATATTC|7|137|175,0.029290886534888188,0.02929088653488826,True
458,TCATGGC|7|37|95,0.029290886534888188,0.02929088653488826,True
1363,TCCATTC|7|149|175,0.029290886534888188,0.02929088653488826,True
1071,TCCCCCC|7|85|255,0.029290886534888188,0.02929088653488826,True
1283,TCTACGA|7|133|211,0.029290886534888188,0.02929088653488826,True
1282,TCTATCC|7|133|191,0.029290886534888188,0.02929088653488826,True
265,TCTTTTA|7|5|163,0.029290886534888188,0.02929088653488826,True
266,TCTTTTT|7|5|171,0.029290886534888188,0.02929088653488826,True
610,TGATTAA|7|45|131,0.029290886534888188,0.02929088653488826,True
406,TGCTCCG|7|29|247,0.029290886534888188,0.02929088653488826,True
813,TGGTCCG|7|61|247,0.029290886534888188,0.02929088653488826,True
1329,TGTATGC|7|141|159,0.029290886534888188,0.02929088653488826,True
1172,TTACCCT|7|97|251,0.029290886534888188,0.02929088653488826,True
873,TTTCTGT|7|65|155,0.029290886534888188,0.02929088653488826,True
1,ATTA|4|3|9,0.02929088653488826,0.02929088653488826,True
20,ATCTA|5|19|33,0.02929088653488826,0.02929088653488826,True
23,CACTC|5|26|48,0.02929088653488826,0.02929088653488826,True
29,GCATC|5|40|46,0.02929088653488826,0.02929088653488826,True
18,TTCCC|5|17|63,0.02929088653488826,0.02929088653488826,True
34,TTGCT|5|49|59,0.02929088653488826,0.02929088653488826,True
84,AATCAG|6|11|50,0.02929088653488826,0.02929088653488826,True
48,ATTACC|6|3|16,0.02929088653488826,0.02929088653488826,True
47,ATTACT|6|3|15,0.02929088653488826,0.02929088653488826,True
74,CATTGA|6|10|37,0.02929088653488826,0.02929088653488826,True
60,CCTCGA|6|6|53,0.02929088653488826,0.02929088653488826,True
208,CTACTA|6|34|57,0.02929088653488826,0.02929088653488826,True
42,CTTGTA|6|2|25,0.02929088653488826,0.02929088653488826,True
183,GCCGCC|6|24|32,0.02929088653488826,0.02929088653488826,True
54,GTTGCA|6|4|29,0.02929088653488826,0.02929088653488826,True
217,TCATGC|6|37|40,0.02929088653488826,0.02929088653488826,True
165,TCCCAA|6|21|49,0.02929088653488826,0.02929088653488826,True
56,TCTCCA|6|5|61,0.02929088653488826,0.02929088653488826,True
132,TTCTTT|6|17|43,0.02929088653488826,0.02929088653488826,True
587,AAATCGA|7|43|209,0.02929088653488826,0.02929088653488826,True
574,AAATGAG|7|43|69,0.02929088653488826,0.02929088653488826,True
578,AAATGCT|7|43|121,0.02929088653488826,0.02929088653488826,True
767,AAGTGCG|7|59|117,0.02929088653488826,0.02929088653488826,True
1235,ACACTAT|7|103|137,0.02929088653488826,0.02929088653488826,True
1236,ACACTTA|7|103|161,0.02929088653488826,0.02929088653488826,True
505,ACATGCA|7|39|113,0.02929088653488826,0.02929088653488826,True
502,ACATGGA|7|39|81,0.02929088653488826,0.02929088653488826,True
504,ACATGTT|7|39|105,0.02929088653488826,0.02929088653488826,True
508,ACATTGT|7|39|153,0.02929088653488826,0.02929088653488826,True
511,ACATTTC|7|39|173,0.02929088653488826,0.02929088653488826,True
364,ACCTAGT|7|23|25,0.02929088653488826,0.02929088653488826,True
365,ACCTATA|7|23|33,0.02929088653488826,0.02929088653488826,True
378,ACCTCCG|7|23|245,0.02929088653488826,0.02929088653488826,True
375,ACCTTCT|7|23|185,0.02929088653488826,0.02929088653488826,True
374,ACCTTGT|7|23|153,0.02929088653488826,0.02929088653488826,True
732,ACGTCGA|7|55|209,0.02929088653488826,0.02929088653488826,True
726,ACGTTCA|7|55|177,0.02929088653488826,0.02929088653488826,True
729,ACGTTCC|7|55|189,0.02929088653488826,0.02929088653488826,True
972,ACTCTGC|7|71|157,0.02929088653488826,0.02929088653488826,True
270,ACTTATA|7|7|33,0.02929088653488826,0.02929088653488826,True
275,ACTTTCC|7|7|189,0.02929088653488826,0.02929088653488826,True
1256,AGACCGA|7|111|209,0.02929088653488826,0.02929088653488826,True
1257,AGACCGT|7|111|217,0.02929088653488826,0.02929088653488826,True
632,AGATACA|7|47|49,0.02929088653488826,0.02929088653488826,True
634,AGATACT|7|47|57,0.02929088653488826,0.02929088653488826,True
635,AGATGGA|7|47|81,0.02929088653488826,0.02929088653488826,True
636,AGATGGT|7|47|89,0.02929088653488826,0.02929088653488826,True
1152,AGCCCGT|7|95|217,0.02929088653488826,0.02929088653488826,True
1150,AGCCTCA|7|95|177,0.02929088653488826,0.02929088653488826,True
1148,AGCCTGA|7|95|145,0.02929088653488826,0.02929088653488826,True
1276,AGGCTAT|7|127|137,0.02929088653488826,0.02929088653488826,True
847,AGGTCAA|7|63|193,0.02929088653488826,0.02929088653488826,True
849,AGGTCAC|7|63|205,0.02929088653488826,0.02929088653488826,True
850,AGGTCGG|7|63|213,0.02929088653488826,0.02929088653488826,True
836,AGGTGAA|7|63|65,0.02929088653488826,0.02929088653488826,True
838,AGGTGAC|7|63|77,0.02929088653488826,0.02929088653488826,True
840,AGGTGTC|7|63|109,0.02929088653488826,0.02929088653488826,True
845,AGGTTCG|7|63|181,0.02929088653488826,0.02929088653488826,True
1338,AGTATCC|7|143|189,0.02929088653488826,0.02929088653488826,True
433,ATATCTC|7|35|237,0.02929088653488826,0.02929088653488826,True
425,ATATGGC|7|35|93,0.02929088653488826,0.02929088653488826,True
1056,ATCCTAG|7|83|133,0.02929088653488826,0.02929088653488826,True
339,ATCTTCA|7|19|177,0.02929088653488826,0.02929088653488826,True
685,ATGTCAC|7|51|205,0.02929088653488826,0.02929088653488826,True
681,ATGTTGG|7|51|149,0.02929088653488826,0.02929088653488826,True
904,ATTCCAA|7|67|193,0.02929088653488826,0.02929088653488826,True
911,ATTCCCG|7|67|245,0.02929088653488826,0.02929088653488826,True
908,ATTCCGG|7|67|213,0.02929088653488826,0.02929088653488826,True
898,ATTCTTA|7|67|161,0.02929088653488826,0.02929088653488826,True
1246,CAACGCA|7|106|116,0.02929088653488826,0.02929088653488826,True
569,CAATCCA|7|42|244,0.02929088653488826,0.02929088653488826,True
566,CAATCGG|7|42|216,0.02929088653488826,0.02929088653488826,True
548,CAATGGG|7|42|88,0.02929088653488826,0.02929088653488826,True
558,CAATTGG|7|42|152,0.02929088653488826,0.02929088653488826,True
393,CACTCAT|7|26|204,0.02929088653488826,0.02929088653488826,True
762,CAGTTTC|7|58|176,0.02929088653488826,0.02929088653488826,True
761,CAGTTTG|7|58|168,0.02929088653488826,0.02929088653488826,True
998,CATCGGT|7|74|92,0.02929088653488826,0.02929088653488826,True
1230,CCACGTC|7|102|112,0.02929088653488826,0.02929088653488826,True
495,CCATCTT|7|38|236,0.02929088653488826,0.02929088653488826,True
487,CCATGCA|7|38|116,0.02929088653488826,0.02929088653488826,True
488,CCATGCG|7|38|120,0.02929088653488826,0.02929088653488826,True
489,CCATGCT|7|38|124,0.02929088653488826,0.02929088653488826,True
486,CCATGTG|7|38|104,0.02929088653488826,0.02929088653488826,True
490,CCATTAA|7|38|132,0.02929088653488826,0.02929088653488826,True
491,CCATTAG|7|38|136,0.02929088653488826,0.02929088653488826,True
493,CCATTCC|7|38|192,0.02929088653488826,0.02929088653488826,True
1375,CCCACTA|7|150|228,0.02929088653488826,0.02929088653488826,True
1076,CCCCTGT|7|86|156,0.02929088653488826,0.02929088653488826,True
712,CCGTGGA|7|54|84,0.02929088653488826,0.02929088653488826,True
715,CCGTTGT|7|54|156,0.02929088653488826,0.02929088653488826,True
1286,CCTATTT|7|134|172,0.02929088653488826,0.02929088653488826,True
629,CGATCTT|7|46|236,0.02929088653488826,0.02929088653488826,True
1147,CGCCCCT|7|94|252,0.02929088653488826,0.02929088653488826,True
1144,CGCCCGT|7|94|220,0.02929088653488826,0.02929088653488826,True
410,CGCTCCA|7|30|244,0.02929088653488826,0.02929088653488826,True
819,CGGTGTG|7|62|104,0.02929088653488826,0.02929088653488826,True
822,CGGTTAG|7|62|136,0.02929088653488826,0.02929088653488826,True
825,CGGTTGT|7|62|156,0.02929088653488826,0.02929088653488826,True
826,CGGTTTG|7|62|168,0.02929088653488826,0.02929088653488826,True
1177,CTACTAA|7|98|132,0.02929088653488826,0.02929088653488826,True
665,CTGTACA|7|50|52,0.02929088653488826,0.02929088653488826,True
884,CTTCCGA|7|66|212,0.02929088653488826,0.02929088653488826,True
878,CTTCGAC|7|66|80,0.02929088653488826,0.02929088653488826,True
255,CTTTCGA|7|2|212,0.02929088653488826,0.02929088653488826,True
604,GAATCAA|7|44|194,0.02929088653488826,0.02929088653488826,True
605,GAATCAC|7|44|206,0.02929088653488826,0.02929088653488826,True
607,GAATCGC|7|44|222,0.02929088653488826,0.02929088653488826,True
593,GAATGGT|7|44|90,0.02929088653488826,0.02929088653488826,True
1133,GACCTCT|7|92|186,0.02929088653488826,0.02929088653488826,True
1274,GAGCTAA|7|124|130,0.02929088653488826,0.02929088653488826,True
792,GAGTCGA|7|60|210,0.02929088653488826,0.02929088653488826,True
793,GAGTCGT|7|60|218,0.02929088653488826,0.02929088653488826,True
778,GAGTGAG|7|60|70,0.02929088653488826,0.02929088653488826,True
782,GAGTTGT|7|60|154,0.02929088653488826,0.02929088653488826,True
516,GCATACA|7|40|50,0.02929088653488826,0.02929088653488826,True
521,GCATTTT|7|40|170,0.02929088653488826,0.02929088653488826,True
1265,GCGCCTT|7|120|234,0.02929088653488826,0.02929088653488826,True
738,GCGTGTA|7|56|98,0.02929088653488826,0.02929088653488826,True
739,GCGTGTT|7|56|106,0.02929088653488826,0.02929088653488826,True
978,GCTCGTG|7|72|102,0.02929088653488826,0.02929088653488826,True
1342,GGTATCA|7|144|178,0.02929088653488826,0.02929088653488826,True
1216,GTACCGT|7|100|218,0.02929088653488826,0.02929088653488826,True
1207,GTACTGT|7|100|154,0.02929088653488826,0.02929088653488826,True
450,GTATCCC|7|36|254,0.02929088653488826,0.02929088653488826,True
445,GTATCGT|7|36|218,0.02929088653488826,0.02929088653488826,True
447,GTATCTG|7|36|230,0.02929088653488826,0.02929088653488826,True
443,GTATTCA|7|36|178,0.02929088653488826,0.02929088653488826,True
356,GTCTCCG|7|20|246,0.02929088653488826,0.02929088653488826,True
349,GTCTTAG|7|20|134,0.02929088653488826,0.02929088653488826,True
350,GTCTTGC|7|20|158,0.02929088653488826,0.02929088653488826,True
695,GTGTCAC|7|52|206,0.02929088653488826,0.02929088653488826,True
700,GTGTCCT|7|52|250,0.02929088653488826,0.02929088653488826,True
696,GTGTCGA|7|52|210,0.02929088653488826,0.02929088653488826,True
697,GTGTCGT|7|52|218,0.02929088653488826,0.02929088653488826,True
698,GTGTCTA|7|52|226,0.02929088653488826,0.02929088653488826,True
1244,TAACCCA|7|105|243,0.02929088653488826,0.02929088653488826,True
1240,TAACTGA|7|105|147,0.02929088653488826,0.02929088653488826,True
540,TAATCGG|7|41|215,0.02929088653488826,0.02929088653488826,True
532,TAATGAG|7|41|71,0.02929088653488826,0.02929088653488826,True
536,TAATGTT|7|41|107,0.02929088653488826,0.02929088653488826,True
1104,TACCCAA|7|89|195,0.02929088653488826,0.02929088653488826,True
1110,TACCCCG|7|89|247,0.02929088653488826,0.02929088653488826,True
1106,TACCCGG|7|89|215,0.02929088653488826,0.02929088653488826,True
751,TAGTCAG|7|57|199,0.02929088653488826,0.02929088653488826,True
752,TAGTCAT|7|57|203,0.02929088653488826,0.02929088653488826,True
748,TAGTGAC|7|57|79,0.02929088653488826,0.02929088653488826,True
989,TATCGCC|7|73|127,0.02929088653488826,0.02929088653488826,True
288,TATTGGT|7|9|91,0.02929088653488826,0.02929088653488826,True
1228,TCACCTT|7|101|235,0.02929088653488826,0.02929088653488826,True
1226,TCACTGA|7|101|147,0.02929088653488826,0.02929088653488826,True
474,TCATCAT|7|37|203,0.02929088653488826,0.02929088653488826,True
480,TCATCCA|7|37|243,0.02929088653488826,0.02929088653488826,True
475,TCATCGA|7|37|211,0.02929088653488826,0.02929088653488826,True
479,TCATCTT|7|37|235,0.02929088653488826,0.02929088653488826,True
456,TCATGAC|7|37|79,0.02929088653488826,0.02929088653488826,True
460,TCATGTC|7|37|111,0.02929088653488826,0.02929088653488826,True
459,TCATGTG|7|37|103,0.02929088653488826,0.02929088653488826,True
466,TCATTGA|7|37|147,0.02929088653488826,0.02929088653488826,True
468,TCATTGT|7|37|155,0.02929088653488826,0.02929088653488826,True
1362,TCCATTT|7|149|171,0.02929088653488826,0.02929088653488826,True
1062,TCCCGGT|7|85|91,0.02929088653488826,0.02929088653488826,True
701,TCGTACG|7|53|55,0.02929088653488826,0.02929088653488826,True
705,TCGTGGC|7|53|95,0.02929088653488826,0.02929088653488826,True
938,TCTCCGA|7|69|211,0.02929088653488826,0.02929088653488826,True
939,TCTCCGG|7|69|215,0.02929088653488826,0.02929088653488826,True
926,TCTCGAT|7|69|75,0.02929088653488826,0.02929088653488826,True
929,TCTCTAA|7|69|131,0.02929088653488826,0.02929088653488826,True
933,TCTCTTA|7|69|163,0.02929088653488826,0.02929088653488826,True
620,TGATCCC|7|45|255,0.02929088653488826,0.02929088653488826,True
618,TGATCGC|7|45|223,0.02929088653488826,0.02929088653488826,True
614,TGATTCG|7|45|183,0.02929088653488826,0.02929088653488826,True
1138,TGCCGCG|7|93|119,0.02929088653488826,0.02929088653488826,True
803,TGGTGCT|7|61|123,0.02929088653488826,0.02929088653488826,True
805,TGGTTAG|7|61|135,0.02929088653488826,0.02929088653488826,True
807,TGGTTGT|7|61|155,0.02929088653488826,0.02929088653488826,True
1004,TGTCGAC|7|77|79,0.02929088653488826,0.02929088653488826,True
1154,TTACGCC|7|97|127,0.02929088653488826,0.02929088653488826,True
1035,TTCCGGC|7|81|95,0.02929088653488826,0.02929088653488826,True
659,TTGTTCA|7|49|179,0.02929088653488826,0.02929088653488826,True
869,TTTCGCC|7|65|127,0.02929088653488826,0.02929088653488826,True
866,TTTCGGC|7|65|95,0.02929088653488826,0.02929088653488826,True
871,TTTCTAG|7|65|135,0.02929088653488826,0.02929088653488826,True
239,TTTTAAC|7|1|15,0.02929088653488826,0.02929088653488826,True
240,TTTTAGG|7|1|23,0.02929088653488826,0.02929088653488826,True
