Column,Location,p-value,FDR p-value,Significant (FDR<0.05)
60,TGTGT|5|13|27,6.581553609352015e-54,2.2324629842923317e-52,True
556,CGTTCGA|7|14|212,6.581553609352015e-54,2.2324629842923317e-52,True
1455,CTCACGG|7|146|216,6.581553609352015e-54,2.2324629842923317e-52,True
805,TTGTGAA|7|49|67,6.581553609352015e-54,2.2324629842923317e-52,True
284,ATCTCA|6|19|45,6.581553609352204e-54,2.2324629842923317e-52,True
147,ATTCTT|6|3|59,6.581553609352204e-54,2.2324629842923317e-52,True
181,CCTCGA|6|6|53,6.581553609352204e-54,2.2324629842923317e-52,True
237,CGTGAT|6|14|19,6.581553609352204e-54,2.2324629842923317e-52,True
221,GATCGA|6|12|53,6.581553609352204e-54,2.2324629842923317e-52,True
321,GCCCCC|6|24|64,6.581553609352204e-54,2.2324629842923317e-52,True
202,GCTCCT|6|8|63,6.581553609352204e-54,2.2324629842923317e-52,True
298,TCCCGC|6|21|56,6.581553609352204e-54,2.2324629842923317e-52,True
268,TTCCGG|6|17|54,6.581553609352204e-54,2.2324629842923317e-52,True
1496,AACACAG|7|155|197,6.581553609352204e-54,2.2324629842923317e-52,True
1537,ACAACGC|7|167|221,6.581553609352204e-54,2.2324629842923317e-52,True
619,ACCTGAA|7|23|65,6.581553609352204e-54,2.2324629842923317e-52,True
473,ACTTTGT|7|7|153,6.581553609352204e-54,2.2324629842923317e-52,True
822,ATGTGAA|7|51|65,6.581553609352204e-54,2.2324629842923317e-52,True
1410,ATTACCT|7|131|249,6.581553609352204e-54,2.2324629842923317e-52,True
1409,ATTACTT|7|131|233,6.581553609352204e-54,2.2324629842923317e-52,True
749,CAATCGC|7|42|224,6.581553609352204e-54,2.2324629842923317e-52,True
1043,CATCCCG|7|74|248,6.581553609352204e-54,2.2324629842923317e-52,True
1036,CATCGTC|7|74|112,6.581553609352204e-54,2.2324629842923317e-52,True
1266,CCACCCT|7|102|252,6.581553609352204e-54,2.2324629842923317e-52,True
1604,CCGACCT|7|182|252,6.581553609352204e-54,2.2324629842923317e-52,True
468,CCTTCTT|7|6|236,6.581553609352204e-54,2.2324629842923317e-52,True
784,CGATCAT|7|46|204,6.581553609352204e-54,2.2324629842923317e-52,True
1669,CGCGCCT|7|222|252,6.581553609352204e-54,2.2324629842923317e-52,True
1097,CTCCGGC|7|82|96,6.581553609352204e-54,2.2324629842923317e-52,True
907,GAGTGCT|7|60|122,6.581553609352204e-54,2.2324629842923317e-52,True
529,GATTGCC|7|12|126,6.581553609352204e-54,2.2324629842923317e-52,True
527,GATTGGC|7|12|94,6.581553609352204e-54,2.2324629842923317e-52,True
1681,GCAGCCG|7|232|246,6.581553609352204e-54,2.2324629842923317e-52,True
706,GGCTCAA|7|32|194,6.581553609352204e-54,2.2324629842923317e-52,True
708,GGCTCGA|7|32|210,6.581553609352204e-54,2.2324629842923317e-52,True
702,GGCTGGG|7|32|86,6.581553609352204e-54,2.2324629842923317e-52,True
1401,GGGCTCT|7|128|186,6.581553609352204e-54,2.2324629842923317e-52,True
1678,GTAGCCC|7|228|254,6.581553609352204e-54,2.2324629842923317e-52,True
598,GTCTCAG|7|20|198,6.581553609352204e-54,2.2324629842923317e-52,True
842,GTGTCCC|7|52|254,6.581553609352204e-54,2.2324629842923317e-52,True
841,GTGTCCT|7|52|250,6.581553609352204e-54,2.2324629842923317e-52,True
995,GTTCCGA|7|68|210,6.581553609352204e-54,2.2324629842923317e-52,True
1280,TAACTGG|7|105|151,6.581553609352204e-54,2.2324629842923317e-52,True
843,TCGTACG|7|53|55,6.581553609352204e-54,2.2324629842923317e-52,True
686,TGCTTAG|7|29|135,6.581553609352204e-54,2.2324629842923317e-52,True
1394,TGGCCGG|7|125|215,6.581553609352204e-54,2.2324629842923317e-52,True
1431,TGTACCC|7|141|255,6.581553609352204e-54,2.2324629842923317e-52,True
1089,TTCCTAC|7|81|143,6.581553609352204e-54,2.2324629842923317e-52,True
573,TTCTAGA|7|17|19,6.581553609352204e-54,2.2324629842923317e-52,True
875,TAGTGGG|7|57|87,6.581553609352393e-54,2.2324629842923317e-52,True
16,ACGC|4|7|8,8.143835605515671e-37,1.3054768607708292e-36,True
8,GTGT|4|4|7,8.143835605515671e-37,1.3054768607708292e-36,True
9,GTTG|4|4|10,8.143835605515671e-37,1.3054768607708292e-36,True
15,TCCC|4|5|16,8.143835605515671e-37,1.3054768607708292e-36,True
117,AGACG|5|47|53,8.143835605515671e-37,1.3054768607708292e-36,True
123,CCGCT|5|54|60,8.143835605515671e-37,1.3054768607708292e-36,True
56,GATTT|5|12|42,8.143835605515671e-37,1.3054768607708292e-36,True
59,TGTAC|5|13|15,8.143835605515671e-37,1.3054768607708292e-36,True
398,AAACAA|6|43|49,8.143835605515671e-37,1.3054768607708292e-36,True
401,AAACTA|6|43|57,8.143835605515671e-37,1.3054768607708292e-36,True
336,AACGCA|6|27|29,8.143835605515671e-37,1.3054768607708292e-36,True
339,AACTTA|6|27|41,8.143835605515671e-37,1.3054768607708292e-36,True
309,ACCTCT|6|23|47,8.143835605515671e-37,1.3054768607708292e-36,True
308,ACCTGA|6|23|37,8.143835605515671e-37,1.3054768607708292e-36,True
430,ACGCCC|6|55|64,8.143835605515671e-37,1.3054768607708292e-36,True
429,ACGCGC|6|55|56,8.143835605515671e-37,1.3054768607708292e-36,True
428,ACGCGT|6|55|55,8.143835605515671e-37,1.3054768607708292e-36,True
185,ACTATA|6|7|9,8.143835605515671e-37,1.3054768607708292e-36,True
357,AGCTCT|6|31|47,8.143835605515671e-37,1.3054768607708292e-36,True
301,CCCGCA|6|22|29,8.143835605515671e-37,1.3054768607708292e-36,True
299,CCCGTA|6|22|25,8.143835605515671e-37,1.3054768607708292e-36,True
177,CCTTAC|6|6|36,8.143835605515671e-37,1.3054768607708292e-36,True
345,GACCGT|6|28|55,8.143835605515671e-37,1.3054768607708292e-36,True
316,GCCGGC|6|24|24,8.143835605515671e-37,1.3054768607708292e-36,True
361,GGCTGT|6|32|39,8.143835605515671e-37,1.3054768607708292e-36,True
424,GTGCTC|6|52|60,8.143835605515671e-37,1.3054768607708292e-36,True
160,GTTCAC|6|4|52,8.143835605515671e-37,1.3054768607708292e-36,True
161,GTTCTA|6|4|57,8.143835605515671e-37,1.3054768607708292e-36,True
205,TATTAA|6|9|33,8.143835605515671e-37,1.3054768607708292e-36,True
372,TCACAC|6|37|52,8.143835605515671e-37,1.3054768607708292e-36,True
373,TCACGA|6|37|53,8.143835605515671e-37,1.3054768607708292e-36,True
228,TGTGCA|6|13|29,8.143835605515671e-37,1.3054768607708292e-36,True
1554,AAAACAC|7|171|205,8.143835605515671e-37,1.3054768607708292e-36,True
1555,AAAACGG|7|171|213,8.143835605515671e-37,1.3054768607708292e-36,True
1556,AAAACTC|7|171|237,8.143835605515671e-37,1.3054768607708292e-36,True
1294,AAACTTA|7|107|161,8.143835605515671e-37,1.3054768607708292e-36,True
1295,AAACTTT|7|107|169,8.143835605515671e-37,1.3054768607708292e-36,True
1174,AACCCGC|7|91|221,8.143835605515671e-37,1.3054768607708292e-36,True
1173,AACCTGC|7|91|157,8.143835605515671e-37,1.3054768607708292e-36,True
1666,AACGCCT|7|219|249,8.143835605515671e-37,1.3054768607708292e-36,True
1384,AAGCTCG|7|123|181,8.143835605515671e-37,1.3054768607708292e-36,True
1383,AAGCTTC|7|123|173,8.143835605515671e-37,1.3054768607708292e-36,True
1135,ACCCTTA|7|87|161,8.143835605515671e-37,1.3054768607708292e-36,True
624,ACCTGCC|7|23|125,8.143835605515671e-37,1.3054768607708292e-36,True
794,AGATCGT|7|47|217,8.143835605515671e-37,1.3054768607708292e-36,True
1211,AGCCCTG|7|95|229,8.143835605515671e-37,1.3054768607708292e-36,True
1205,AGCCTAA|7|95|129,8.143835605515671e-37,1.3054768607708292e-36,True
1623,AGGACTC|7|191|237,8.143835605515671e-37,1.3054768607708292e-36,True
943,AGGTGTA|7|63|97,8.143835605515671e-37,1.3054768607708292e-36,True
559,AGTTGAC|7|15|77,8.143835605515671e-37,1.3054768607708292e-36,True
560,AGTTGGA|7|15|81,8.143835605515671e-37,1.3054768607708292e-36,True
1458,ATCATCC|7|147|189,8.143835605515671e-37,1.3054768607708292e-36,True
1588,ATGATCG|7|179|181,8.143835605515671e-37,1.3054768607708292e-36,True
1553,CAAACCT|7|170|252,8.143835605515671e-37,1.3054768607708292e-36,True
1685,CAAGCCT|7|234|252,8.143835605515671e-37,1.3054768607708292e-36,True
1664,CACGCCC|7|218|256,8.143835605515671e-37,1.3054768607708292e-36,True
655,CACTGAA|7|26|68,8.143835605515671e-37,1.3054768607708292e-36,True
658,CACTGTC|7|26|112,8.143835605515671e-37,1.3054768607708292e-36,True
499,CATTATC|7|10|48,8.143835605515671e-37,1.3054768607708292e-36,True
1129,CCCCCTG|7|86|232,8.143835605515671e-37,1.3054768607708292e-36,True
1564,CGAACGC|7|174|224,8.143835605515671e-37,1.3054768607708292e-36,True
1201,CGCCTCC|7|94|192,8.143835605515671e-37,1.3054768607708292e-36,True
1199,CGCCTGT|7|94|156,8.143835605515671e-37,1.3054768607708292e-36,True
936,CGGTTAC|7|62|144,8.143835605515671e-37,1.3054768607708292e-36,True
1434,CGTACGC|7|142|224,8.143835605515671e-37,1.3054768607708292e-36,True
1432,CGTATAC|7|142|144,8.143835605515671e-37,1.3054768607708292e-36,True
549,CGTTGAT|7|14|76,8.143835605515671e-37,1.3054768607708292e-36,True
552,CGTTTGT|7|14|156,8.143835605515671e-37,1.3054768607708292e-36,True
1676,CTAGCTC|7|226|240,8.143835605515671e-37,1.3054768607708292e-36,True
1674,CTAGCTG|7|226|232,8.143835605515671e-37,1.3054768607708292e-36,True
721,CTATCCT|7|34|252,8.143835605515671e-37,1.3054768607708292e-36,True
717,CTATGCA|7|34|116,8.143835605515671e-37,1.3054768607708292e-36,True
584,CTCTAGC|7|18|32,8.143835605515671e-37,1.3054768607708292e-36,True
1586,CTGACTA|7|178|228,8.143835605515671e-37,1.3054768607708292e-36,True
1339,CTGCCAC|7|114|208,8.143835605515671e-37,1.3054768607708292e-36,True
819,CTGTTAC|7|50|144,8.143835605515671e-37,1.3054768607708292e-36,True
820,CTGTTGT|7|50|156,8.143835605515671e-37,1.3054768607708292e-36,True
972,CTTCGAG|7|66|72,8.143835605515671e-37,1.3054768607708292e-36,True
1687,GAAGCCA|7|236|242,8.143835605515671e-37,1.3054768607708292e-36,True
1688,GAAGCCG|7|236|246,8.143835605515671e-37,1.3054768607708292e-36,True
1686,GAAGCTC|7|236|238,8.143835605515671e-37,1.3054768607708292e-36,True
1189,GACCCTA|7|92|226,8.143835605515671e-37,1.3054768607708292e-36,True
1182,GACCGCT|7|92|122,8.143835605515671e-37,1.3054768607708292e-36,True
1178,GACCGTA|7|92|98,8.143835605515671e-37,1.3054768607708292e-36,True
1619,GAGACTG|7|188|230,8.143835605515671e-37,1.3054768607708292e-36,True
1390,GAGCCCC|7|124|254,8.143835605515671e-37,1.3054768607708292e-36,True
1053,GATCTAC|7|76|142,8.143835605515671e-37,1.3054768607708292e-36,True
533,GATTCAC|7|12|206,8.143835605515671e-37,1.3054768607708292e-36,True
531,GATTTTT|7|12|170,8.143835605515671e-37,1.3054768607708292e-36,True
1276,GCACCTA|7|104|226,8.143835605515671e-37,1.3054768607708292e-36,True
1274,GCACTTC|7|104|174,8.143835605515671e-37,1.3054768607708292e-36,True
642,GCCTTCA|7|24|178,8.143835605515671e-37,1.3054768607708292e-36,True
868,GCGTGAG|7|56|70,8.143835605515671e-37,1.3054768607708292e-36,True
871,GCGTTTT|7|56|170,8.143835605515671e-37,1.3054768607708292e-36,True
1414,GCTACCC|7|136|254,8.143835605515671e-37,1.3054768607708292e-36,True
1636,GCTGCTG|7|200|230,8.143835605515671e-37,1.3054768607708292e-36,True
1329,GGACCGC|7|112|222,8.143835605515671e-37,1.3054768607708292e-36,True
1328,GGACCGG|7|112|214,8.143835605515671e-37,1.3054768607708292e-36,True
802,GGATTCG|7|48|182,8.143835605515671e-37,1.3054768607708292e-36,True
799,GGATTGC|7|48|158,8.143835605515671e-37,1.3054768607708292e-36,True
1516,GGCACCC|7|160|254,8.143835605515671e-37,1.3054768607708292e-36,True
1212,GGCCTGA|7|96|146,8.143835605515671e-37,1.3054768607708292e-36,True
1213,GGCCTTT|7|96|170,8.143835605515671e-37,1.3054768607708292e-36,True
1080,GGTCTGG|7|80|150,8.143835605515671e-37,1.3054768607708292e-36,True
572,GGTTCTC|7|16|238,8.143835605515671e-37,1.3054768607708292e-36,True
1595,GTGACCA|7|180|242,8.143835605515671e-37,1.3054768607708292e-36,True
1592,GTGATCG|7|180|182,8.143835605515671e-37,1.3054768607708292e-36,True
1374,TAGCCCT|7|121|251,8.143835605515671e-37,1.3054768607708292e-36,True
1372,TAGCCGA|7|121|211,8.143835605515671e-37,1.3054768607708292e-36,True
1531,TCAACAG|7|165|199,8.143835605515671e-37,1.3054768607708292e-36,True
1532,TCAACAT|7|165|203,8.143835605515671e-37,1.3054768607708292e-36,True
1257,TCACTCG|7|101|183,8.143835605515671e-37,1.3054768607708292e-36,True
736,TCATTTC|7|37|175,8.143835605515671e-37,1.3054768607708292e-36,True
1116,TCCCTAG|7|85|135,8.143835605515671e-37,1.3054768607708292e-36,True
1659,TCCGCTC|7|213|239,8.143835605515671e-37,1.3054768607708292e-36,True
606,TCCTCGG|7|21|215,8.143835605515671e-37,1.3054768607708292e-36,True
1599,TCGACTT|7|181|235,8.143835605515671e-37,1.3054768607708292e-36,True
1351,TCGCGCT|7|117|123,8.143835605515671e-37,1.3054768607708292e-36,True
1352,TCGCTAA|7|117|131,8.143835605515671e-37,1.3054768607708292e-36,True
1000,TCTCTAA|7|69|131,8.143835605515671e-37,1.3054768607708292e-36,True
1311,TGACCTG|7|109|231,8.143835605515671e-37,1.3054768607708292e-36,True
1422,TGTATGT|7|141|155,8.143835605515671e-37,1.3054768607708292e-36,True
1423,TGTATTC|7|141|175,8.143835605515671e-37,1.3054768607708292e-36,True
1060,TGTCTAA|7|77|131,8.143835605515671e-37,1.3054768607708292e-36,True
540,TGTTTGG|7|13|151,8.143835605515671e-37,1.3054768607708292e-36,True
714,TTATCGC|7|33|223,8.143835605515671e-37,1.3054768607708292e-36,True
1448,TTCATCA|7|145|179,8.143835605515671e-37,1.3054768607708292e-36,True
1449,TTCATCT|7|145|187,8.143835605515671e-37,1.3054768607708292e-36,True
1578,TTGACAC|7|177|207,8.143835605515671e-37,1.3054768607708292e-36,True
812,TTGTCGA|7|49|211,8.143835605515671e-37,1.3054768607708292e-36,True
3,CTGA|4|2|5,8.143835605515788e-37,1.3054768607708292e-36,True
18,GCTA|4|8|9,8.143835605515788e-37,1.3054768607708292e-36,True
112,ACACT|5|39|57,8.143835605515788e-37,1.3054768607708292e-36,True
91,ACCCC|5|23|61,8.143835605515788e-37,1.3054768607708292e-36,True
43,ACTGT|5|7|25,8.143835605515788e-37,1.3054768607708292e-36,True
45,ACTTT|5|7|41,8.143835605515788e-37,1.3054768607708292e-36,True
65,AGTGG|5|15|21,8.143835605515788e-37,1.3054768607708292e-36,True
79,ATCGT|5|19|25,8.143835605515788e-37,1.3054768607708292e-36,True
124,CAGCT|5|58|60,8.143835605515788e-37,1.3054768607708292e-36,True
42,CCTCG|5|6|56,8.143835605515788e-37,1.3054768607708292e-36,True
101,CGCTT|5|30|44,8.143835605515788e-37,1.3054768607708292e-36,True
125,CGGCC|5|62|64,8.143835605515788e-37,1.3054768607708292e-36,True
118,CTGCC|5|50|64,8.143835605515788e-37,1.3054768607708292e-36,True
115,GAATC|5|44|46,8.143835605515788e-37,1.3054768607708292e-36,True
97,GACTG|5|28|38,8.143835605515788e-37,1.3054768607708292e-36,True
58,GATCC|5|12|62,8.143835605515788e-37,1.3054768607708292e-36,True
104,GGCTC|5|32|46,8.143835605515788e-37,1.3054768607708292e-36,True
72,GGTTC|5|16|46,8.143835605515788e-37,1.3054768607708292e-36,True
107,GTACG|5|36|54,8.143835605515788e-37,1.3054768607708292e-36,True
108,GTACT|5|36|58,8.143835605515788e-37,1.3054768607708292e-36,True
80,GTCGT|5|20|26,8.143835605515788e-37,1.3054768607708292e-36,True
109,TCATT|5|37|43,8.143835605515788e-37,1.3054768607708292e-36,True
122,TCGCC|5|53|63,8.143835605515788e-37,1.3054768607708292e-36,True
121,TCGCT|5|53|59,8.143835605515788e-37,1.3054768607708292e-36,True
99,TGCTG|5|29|39,8.143835605515788e-37,1.3054768607708292e-36,True
23,TTTAG|5|1|7,8.143835605515788e-37,1.3054768607708292e-36,True
25,TTTTT|5|1|43,8.143835605515788e-37,1.3054768607708292e-36,True
399,AAACAG|6|43|50,8.143835605515788e-37,1.3054768607708292e-36,True
396,AAATTC|6|43|44,8.143835605515788e-37,1.3054768607708292e-36,True
337,AACGCT|6|27|31,8.143835605515788e-37,1.3054768607708292e-36,True
340,AACTCA|6|27|45,8.143835605515788e-37,1.3054768607708292e-36,True
338,AACTGA|6|27|37,8.143835605515788e-37,1.3054768607708292e-36,True
386,ACACAC|6|39|52,8.143835605515788e-37,1.3054768607708292e-36,True
385,ACACAT|6|39|51,8.143835605515788e-37,1.3054768607708292e-36,True
382,ACATTC|6|39|44,8.143835605515788e-37,1.3054768607708292e-36,True
314,ACCCCT|6|23|63,8.143835605515788e-37,1.3054768607708292e-36,True
306,ACCGCC|6|23|32,8.143835605515788e-37,1.3054768607708292e-36,True
186,ACTATG|6|7|10,8.143835605515788e-37,1.3054768607708292e-36,True
190,ACTTAT|6|7|35,8.143835605515788e-37,1.3054768607708292e-36,True
191,ACTTGA|6|7|37,8.143835605515788e-37,1.3054768607708292e-36,True
192,ACTTTA|6|7|41,8.143835605515788e-37,1.3054768607708292e-36,True
415,AGACAC|6|47|52,8.143835605515788e-37,1.3054768607708292e-36,True
417,AGACCG|6|47|62,8.143835605515788e-37,1.3054768607708292e-36,True
416,AGACGC|6|47|56,8.143835605515788e-37,1.3054768607708292e-36,True
280,ATCGGC|6|19|24,8.143835605515788e-37,1.3054768607708292e-36,True
283,ATCTTA|6|19|41,8.143835605515788e-37,1.3054768607708292e-36,True
420,ATGCCA|6|51|61,8.143835605515788e-37,1.3054768607708292e-36,True
137,ATTACG|6|3|14,8.143835605515788e-37,1.3054768607708292e-36,True
143,ATTTAC|6|3|36,8.143835605515788e-37,1.3054768607708292e-36,True
334,CACCTT|6|26|59,8.143835605515788e-37,1.3054768607708292e-36,True
433,CAGCCA|6|58|61,8.143835605515788e-37,1.3054768607708292e-36,True
375,CCATCG|6|38|46,8.143835605515788e-37,1.3054768607708292e-36,True
302,CCCTCA|6|22|45,8.143835605515788e-37,1.3054768607708292e-36,True
180,CCTCAG|6|6|50,8.143835605515788e-37,1.3054768607708292e-36,True
412,CGACAG|6|46|50,8.143835605515788e-37,1.3054768607708292e-36,True
414,CGACGG|6|46|54,8.143835605515788e-37,1.3054768607708292e-36,True
355,CGCCCC|6|30|64,8.143835605515788e-37,1.3054768607708292e-36,True
241,CGTCAA|6|14|49,8.143835605515788e-37,1.3054768607708292e-36,True
135,CTTCCA|6|2|61,8.143835605515788e-37,1.3054768607708292e-36,True
403,GAACAA|6|44|49,8.143835605515788e-37,1.3054768607708292e-36,True
405,GAACGA|6|44|53,8.143835605515788e-37,1.3054768607708292e-36,True
406,GAACTA|6|44|57,8.143835605515788e-37,1.3054768607708292e-36,True
343,GACGCG|6|28|30,8.143835605515788e-37,1.3054768607708292e-36,True
344,GACTTC|6|28|44,8.143835605515788e-37,1.3054768607708292e-36,True
222,GATCGG|6|12|54,8.143835605515788e-37,1.3054768607708292e-36,True
219,GATTAC|6|12|36,8.143835605515788e-37,1.3054768607708292e-36,True
390,GCACCG|6|40|62,8.143835605515788e-37,1.3054768607708292e-36,True
388,GCATTC|6|40|44,8.143835605515788e-37,1.3054768607708292e-36,True
319,GCCCAT|6|24|51,8.143835605515788e-37,1.3054768607708292e-36,True
418,GGACTG|6|48|58,8.143835605515788e-37,1.3054768607708292e-36,True
255,GGTCAC|6|16|52,8.143835605515788e-37,1.3054768607708292e-36,True
260,GGTCCA|6|16|61,8.143835605515788e-37,1.3054768607708292e-36,True
256,GGTCGA|6|16|53,8.143835605515788e-37,1.3054768607708292e-36,True
249,GGTGAG|6|16|18,8.143835605515788e-37,1.3054768607708292e-36,True
250,GGTGGT|6|16|23,8.143835605515788e-37,1.3054768607708292e-36,True
288,GTCTTA|6|20|41,8.143835605515788e-37,1.3054768607708292e-36,True
421,GTGCGA|6|52|53,8.143835605515788e-37,1.3054768607708292e-36,True
162,GTTCCA|6|4|61,8.143835605515788e-37,1.3054768607708292e-36,True
156,GTTGGG|6|4|22,8.143835605515788e-37,1.3054768607708292e-36,True
159,GTTTGG|6|4|38,8.143835605515788e-37,1.3054768607708292e-36,True
391,TAATTC|6|41|44,8.143835605515788e-37,1.3054768607708292e-36,True
431,TAGCTT|6|57|59,8.143835605515788e-37,1.3054768607708292e-36,True
208,TATCCA|6|9|61,8.143835605515788e-37,1.3054768607708292e-36,True
168,TCTGAG|6|5|18,8.143835605515788e-37,1.3054768607708292e-36,True
353,TGCCCA|6|29|61,8.143835605515788e-37,1.3054768607708292e-36,True
227,TGTGTT|6|13|27,8.143835605515788e-37,1.3054768607708292e-36,True
364,TTATGG|6|33|38,8.143835605515788e-37,1.3054768607708292e-36,True
365,TTATTG|6|33|42,8.143835605515788e-37,1.3054768607708292e-36,True
129,TTTTGA|6|1|37,8.143835605515788e-37,1.3054768607708292e-36,True
1557,AAAACCC|7|171|253,8.143835605515788e-37,1.3054768607708292e-36,True
1494,AACATTG|7|155|165,8.143835605515788e-37,1.3054768607708292e-36,True
1495,AACATTT|7|155|169,8.143835605515788e-37,1.3054768607708292e-36,True
1177,AACCCTC|7|91|237,8.143835605515788e-37,1.3054768607708292e-36,True
1171,AACCTGA|7|91|145,8.143835605515788e-37,1.3054768607708292e-36,True
1172,AACCTGT|7|91|153,8.143835605515788e-37,1.3054768607708292e-36,True
673,AACTTTA|7|27|161,8.143835605515788e-37,1.3054768607708292e-36,True
1615,AAGACCG|7|187|245,8.143835605515788e-37,1.3054768607708292e-36,True
1616,AAGACCT|7|187|249,8.143835605515788e-37,1.3054768607708292e-36,True
901,AAGTCAT|7|59|201,8.143835605515788e-37,1.3054768607708292e-36,True
894,AAGTGAC|7|59|77,8.143835605515788e-37,1.3054768607708292e-36,True
896,AAGTGCC|7|59|125,8.143835605515788e-37,1.3054768607708292e-36,True
1049,AATCCAA|7|75|193,8.143835605515788e-37,1.3054768607708292e-36,True
1048,AATCTCC|7|75|189,8.143835605515788e-37,1.3054768607708292e-36,True
1047,AATCTTA|7|75|161,8.143835605515788e-37,1.3054768607708292e-36,True
510,AATTGAT|7|11|73,8.143835605515788e-37,1.3054768607708292e-36,True
511,AATTGGG|7|11|85,8.143835605515788e-37,1.3054768607708292e-36,True
1270,ACACCTT|7|103|233,8.143835605515788e-37,1.3054768607708292e-36,True
1268,ACACTTG|7|103|165,8.143835605515788e-37,1.3054768607708292e-36,True
1131,ACCCGTG|7|87|101,8.143835605515788e-37,1.3054768607708292e-36,True
1133,ACCCTAG|7|87|133,8.143835605515788e-37,1.3054768607708292e-36,True
1661,ACCGCTC|7|215|237,8.143835605515788e-37,1.3054768607708292e-36,True
615,ACCTATT|7|23|41,8.143835605515788e-37,1.3054768607708292e-36,True
629,ACCTCGG|7|23|213,8.143835605515788e-37,1.3054768607708292e-36,True
1605,ACGATCT|7|183|185,8.143835605515788e-37,1.3054768607708292e-36,True
1359,ACGCGCC|7|119|125,8.143835605515788e-37,1.3054768607708292e-36,True
866,ACGTCAC|7|55|205,8.143835605515788e-37,1.3054768607708292e-36,True
1022,ACTCCAA|7|71|193,8.143835605515788e-37,1.3054768607708292e-36,True
1023,ACTCCGA|7|71|209,8.143835605515788e-37,1.3054768607708292e-36,True
1633,ACTGCAC|7|199|205,8.143835605515788e-37,1.3054768607708292e-36,True
475,ACTTCCA|7|7|241,8.143835605515788e-37,1.3054768607708292e-36,True
1570,AGAACCC|7|175|253,8.143835605515788e-37,1.3054768607708292e-36,True
1320,AGACCGT|7|111|217,8.143835605515788e-37,1.3054768607708292e-36,True
790,AGATTAG|7|47|133,8.143835605515788e-37,1.3054768607708292e-36,True
1511,AGCACCA|7|159|241,8.143835605515788e-37,1.3054768607708292e-36,True
1670,AGCGCCA|7|223|241,8.143835605515788e-37,1.3054768607708292e-36,True
697,AGCTCCC|7|31|253,8.143835605515788e-37,1.3054768607708292e-36,True
947,AGGTCCG|7|63|245,8.143835605515788e-37,1.3054768607708292e-36,True
1073,AGTCCGA|7|79|209,8.143835605515788e-37,1.3054768607708292e-36,True
562,AGTTCAA|7|15|193,8.143835605515788e-37,1.3054768607708292e-36,True
1233,ATACGTT|7|99|105,8.143835605515788e-37,1.3054768607708292e-36,True
1237,ATACTAT|7|99|137,8.143835605515788e-37,1.3054768607708292e-36,True
1677,ATAGCTG|7|227|229,8.143835605515788e-37,1.3054768607708292e-36,True
1112,ATCCCCG|7|83|245,8.143835605515788e-37,1.3054768607708292e-36,True
1109,ATCCGCA|7|83|113,8.143835605515788e-37,1.3054768607708292e-36,True
592,ATCTGGA|7|19|81,8.143835605515788e-37,1.3054768607708292e-36,True
1590,ATGACTA|7|179|225,8.143835605515788e-37,1.3054768607708292e-36,True
1347,ATGCCAG|7|115|197,8.143835605515788e-37,1.3054768607708292e-36,True
1341,ATGCGCC|7|115|125,8.143835605515788e-37,1.3054768607708292e-36,True
1342,ATGCTAG|7|115|133,8.143835605515788e-37,1.3054768607708292e-36,True
1692,ATGGCCC|7|243|253,8.143835605515788e-37,1.3054768607708292e-36,True
1408,ATTATCC|7|131|189,8.143835605515788e-37,1.3054768607708292e-36,True
988,ATTCCCC|7|67|253,8.143835605515788e-37,1.3054768607708292e-36,True
985,ATTCTTG|7|67|165,8.143835605515788e-37,1.3054768607708292e-36,True
1624,ATTGCGT|7|195|217,8.143835605515788e-37,1.3054768607708292e-36,True
444,ATTTAAG|7|3|5,8.143835605515788e-37,1.3054768607708292e-36,True
1552,CAAACCG|7|170|248,8.143835605515788e-37,1.3054768607708292e-36,True
1549,CAAATCC|7|170|192,8.143835605515788e-37,1.3054768607708292e-36,True
1292,CAACCTC|7|106|240,8.143835605515788e-37,1.3054768607708292e-36,True
1291,CAACCTG|7|106|232,8.143835605515788e-37,1.3054768607708292e-36,True
1684,CAAGCCA|7|234|244,8.143835605515788e-37,1.3054768607708292e-36,True
1487,CACACAA|7|154|196,8.143835605515788e-37,1.3054768607708292e-36,True
1483,CACATTA|7|154|164,8.143835605515788e-37,1.3054768607708292e-36,True
1484,CACATTT|7|154|172,8.143835605515788e-37,1.3054768607708292e-36,True
1165,CACCCCA|7|90|244,8.143835605515788e-37,1.3054768607708292e-36,True
1168,CACCCCC|7|90|256,8.143835605515788e-37,1.3054768607708292e-36,True
1166,CACCCCG|7|90|248,8.143835605515788e-37,1.3054768607708292e-36,True
1157,CACCGCC|7|90|128,8.143835605515788e-37,1.3054768607708292e-36,True
659,CACTCAG|7|26|200,8.143835605515788e-37,1.3054768607708292e-36,True
661,CACTCGA|7|26|212,8.143835605515788e-37,1.3054768607708292e-36,True
1612,CAGACGA|7|186|212,8.143835605515788e-37,1.3054768607708292e-36,True
1375,CAGCTAA|7|122|132,8.143835605515788e-37,1.3054768607708292e-36,True
1693,CAGGCCT|7|250|252,8.143835605515788e-37,1.3054768607708292e-36,True
893,CAGTCCT|7|58|252,8.143835605515788e-37,1.3054768607708292e-36,True
887,CAGTTTG|7|58|168,8.143835605515788e-37,1.3054768607708292e-36,True
1039,CATCCAA|7|74|196,8.143835605515788e-37,1.3054768607708292e-36,True
1044,CATCCCC|7|74|256,8.143835605515788e-37,1.3054768607708292e-36,True
1038,CATCTTA|7|74|164,8.143835605515788e-37,1.3054768607708292e-36,True
503,CATTTCA|7|10|180,8.143835605515788e-37,1.3054768607708292e-36,True
1535,CCAACGC|7|166|224,8.143835605515788e-37,1.3054768607708292e-36,True
1471,CCCACGA|7|150|212,8.143835605515788e-37,1.3054768607708292e-36,True
1130,CCCCCCA|7|86|244,8.143835605515788e-37,1.3054768607708292e-36,True
1128,CCCCCGG|7|86|216,8.143835605515788e-37,1.3054768607708292e-36,True
1127,CCCCTCG|7|86|184,8.143835605515788e-37,1.3054768607708292e-36,True
609,CCCTGCC|7|22|128,8.143835605515788e-37,1.3054768607708292e-36,True
1602,CCGACGT|7|182|220,8.143835605515788e-37,1.3054768607708292e-36,True
1603,CCGACTG|7|182|232,8.143835605515788e-37,1.3054768607708292e-36,True
1356,CCGCCAC|7|118|208,8.143835605515788e-37,1.3054768607708292e-36,True
1358,CCGCCCC|7|118|256,8.143835605515788e-37,1.3054768607708292e-36,True
1354,CCGCTAC|7|118|144,8.143835605515788e-37,1.3054768607708292e-36,True
852,CCGTGGG|7|54|88,8.143835605515788e-37,1.3054768607708292e-36,True
861,CCGTTGC|7|54|160,8.143835605515788e-37,1.3054768607708292e-36,True
1412,CCTACTT|7|134|236,8.143835605515788e-37,1.3054768607708292e-36,True
1013,CCTCCCG|7|70|248,8.143835605515788e-37,1.3054768607708292e-36,True
1012,CCTCCTA|7|70|228,8.143835605515788e-37,1.3054768607708292e-36,True
1630,CCTGCAG|7|198|200,8.143835605515788e-37,1.3054768607708292e-36,True
1632,CCTGCGC|7|198|224,8.143835605515788e-37,1.3054768607708292e-36,True
779,CGATTAT|7|46|140,8.143835605515788e-37,1.3054768607708292e-36,True
780,CGATTGA|7|46|148,8.143835605515788e-37,1.3054768607708292e-36,True
781,CGATTGG|7|46|152,8.143835605515788e-37,1.3054768607708292e-36,True
1203,CGCCCCC|7|94|256,8.143835605515788e-37,1.3054768607708292e-36,True
1668,CGCGCCA|7|222|244,8.143835605515788e-37,1.3054768607708292e-36,True
689,CGCTACG|7|30|56,8.143835605515788e-37,1.3054768607708292e-36,True
1396,CGGCGCC|7|126|128,8.143835605515788e-37,1.3054768607708292e-36,True
1398,CGGCTGC|7|126|160,8.143835605515788e-37,1.3054768607708292e-36,True
930,CGGTGGC|7|62|96,8.143835605515788e-37,1.3054768607708292e-36,True
1066,CGTCTGG|7|78|152,8.143835605515788e-37,1.3054768607708292e-36,True
1067,CGTCTTA|7|78|164,8.143835605515788e-37,1.3054768607708292e-36,True
1653,CGTGCCA|7|206|244,8.143835605515788e-37,1.3054768607708292e-36,True
1651,CGTGCGC|7|206|224,8.143835605515788e-37,1.3054768607708292e-36,True
550,CGTTGGG|7|14|88,8.143835605515788e-37,1.3054768607708292e-36,True
1520,CTAACAA|7|162|196,8.143835605515788e-37,1.3054768607708292e-36,True
1521,CTAACGC|7|162|224,8.143835605515788e-37,1.3054768607708292e-36,True
720,CTATCCG|7|34|248,8.143835605515788e-37,1.3054768607708292e-36,True
719,CTATTCC|7|34|192,8.143835605515788e-37,1.3054768607708292e-36,True
1104,CTCCCTT|7|82|236,8.143835605515788e-37,1.3054768607708292e-36,True
1656,CTCGCGC|7|210|224,8.143835605515788e-37,1.3054768607708292e-36,True
587,CTCTACG|7|18|56,8.143835605515788e-37,1.3054768607708292e-36,True
591,CTCTCTC|7|18|240,8.143835605515788e-37,1.3054768607708292e-36,True
588,CTCTGAC|7|18|80,8.143835605515788e-37,1.3054768607708292e-36,True
1583,CTGACAA|7|178|196,8.143835605515788e-37,1.3054768607708292e-36,True
973,CTTCGAT|7|66|76,8.143835605515788e-37,1.3054768607708292e-36,True
977,CTTCGCG|7|66|120,8.143835605515788e-37,1.3054768607708292e-36,True
980,CTTCTGG|7|66|152,8.143835605515788e-37,1.3054768607708292e-36,True
441,CTTTCAA|7|2|196,8.143835605515788e-37,1.3054768607708292e-36,True
1558,GAAACCA|7|172|242,8.143835605515788e-37,1.3054768607708292e-36,True
764,GAATCAA|7|44|194,8.143835605515788e-37,1.3054768607708292e-36,True
765,GAATCGT|7|44|218,8.143835605515788e-37,1.3054768607708292e-36,True
1500,GACATTA|7|156|162,8.143835605515788e-37,1.3054768607708292e-36,True
1388,GAGCCGA|7|124|210,8.143835605515788e-37,1.3054768607708292e-36,True
1389,GAGCCTG|7|124|230,8.143835605515788e-37,1.3054768607708292e-36,True
1695,GAGGCCC|7|252|254,8.143835605515788e-37,1.3054768607708292e-36,True
906,GAGTGTC|7|60|110,8.143835605515788e-37,1.3054768607708292e-36,True
1051,GATCGCC|7|76|126,8.143835605515788e-37,1.3054768607708292e-36,True
1052,GATCTAT|7|76|138,8.143835605515788e-37,1.3054768607708292e-36,True
1054,GATCTCC|7|76|190,8.143835605515788e-37,1.3054768607708292e-36,True
526,GATTGGG|7|12|86,8.143835605515788e-37,1.3054768607708292e-36,True
1540,GCAACAA|7|168|194,8.143835605515788e-37,1.3054768607708292e-36,True
1272,GCACGCT|7|104|122,8.143835605515788e-37,1.3054768607708292e-36,True
1275,GCACTCA|7|104|178,8.143835605515788e-37,1.3054768607708292e-36,True
1273,GCACTGA|7|104|146,8.143835605515788e-37,1.3054768607708292e-36,True
740,GCATGGC|7|40|94,8.143835605515788e-37,1.3054768607708292e-36,True
1146,GCCCCCC|7|88|254,8.143835605515788e-37,1.3054768607708292e-36,True
1662,GCCGCTC|7|216|238,8.143835605515788e-37,1.3054768607708292e-36,True
633,GCCTACG|7|24|54,8.143835605515788e-37,1.3054768607708292e-36,True
646,GCCTCCA|7|24|242,8.143835605515788e-37,1.3054768607708292e-36,True
637,GCCTGTG|7|24|102,8.143835605515788e-37,1.3054768607708292e-36,True
643,GCCTTCC|7|24|190,8.143835605515788e-37,1.3054768607708292e-36,True
640,GCCTTGG|7|24|150,8.143835605515788e-37,1.3054768607708292e-36,True
1606,GCGATCT|7|184|186,8.143835605515788e-37,1.3054768607708292e-36,True
1362,GCGCTGC|7|120|158,8.143835605515788e-37,1.3054768607708292e-36,True
477,GCTTGGC|7|8|94,8.143835605515788e-37,1.3054768607708292e-36,True
478,GCTTTGC|7|8|158,8.143835605515788e-37,1.3054768607708292e-36,True
1574,GGAACTG|7|176|230,8.143835605515788e-37,1.3054768607708292e-36,True
1323,GGACGCT|7|112|122,8.143835605515788e-37,1.3054768607708292e-36,True
1327,GGACTCA|7|112|178,8.143835605515788e-37,1.3054768607708292e-36,True
1326,GGACTTT|7|112|170,8.143835605515788e-37,1.3054768607708292e-36,True
1689,GGAGCCG|7|240|246,8.143835605515788e-37,1.3054768607708292e-36,True
801,GGATTTC|7|48|174,8.143835605515788e-37,1.3054768607708292e-36,True
1514,GGCACGA|7|160|210,8.143835605515788e-37,1.3054768607708292e-36,True
1515,GGCACGT|7|160|218,8.143835605515788e-37,1.3054768607708292e-36,True
1214,GGCCTTC|7|96|174,8.143835605515788e-37,1.3054768607708292e-36,True
1672,GGCGCCC|7|224|254,8.143835605515788e-37,1.3054768607708292e-36,True
1671,GGCGCCG|7|224|246,8.143835605515788e-37,1.3054768607708292e-36,True
699,GGCTACG|7|32|54,8.143835605515788e-37,1.3054768607708292e-36,True
700,GGCTACT|7|32|58,8.143835605515788e-37,1.3054768607708292e-36,True
709,GGCTCTA|7|32|226,8.143835605515788e-37,1.3054768607708292e-36,True
1400,GGGCTTT|7|128|170,8.143835605515788e-37,1.3054768607708292e-36,True
959,GGGTCGT|7|64|218,8.143835605515788e-37,1.3054768607708292e-36,True
950,GGGTGCT|7|64|122,8.143835605515788e-37,1.3054768607708292e-36,True
953,GGGTTGT|7|64|154,8.143835605515788e-37,1.3054768607708292e-36,True
1654,GGTGCCC|7|208|254,8.143835605515788e-37,1.3054768607708292e-36,True
564,GGTTGGT|7|16|90,8.143835605515788e-37,1.3054768607708292e-36,True
566,GGTTTAT|7|16|138,8.143835605515788e-37,1.3054768607708292e-36,True
1529,GTAACCC|7|164|254,8.143835605515788e-37,1.3054768607708292e-36,True
1250,GTACCGC|7|100|222,8.143835605515788e-37,1.3054768607708292e-36,True
1244,GTACTTA|7|100|162,8.143835605515788e-37,1.3054768607708292e-36,True
595,GTCTTAG|7|20|134,8.143835605515788e-37,1.3054768607708292e-36,True
1594,GTGACTC|7|180|238,8.143835605515788e-37,1.3054768607708292e-36,True
1349,GTGCTAA|7|116|130,8.143835605515788e-37,1.3054768607708292e-36,True
839,GTGTCGG|7|52|214,8.143835605515788e-37,1.3054768607708292e-36,True
994,GTTCCAT|7|68|202,8.143835605515788e-37,1.3054768607708292e-36,True
996,GTTCCGG|7|68|214,8.143835605515788e-37,1.3054768607708292e-36,True
992,GTTCTGG|7|68|150,8.143835605515788e-37,1.3054768607708292e-36,True
447,GTTTAAT|7|4|10,8.143835605515788e-37,1.3054768607708292e-36,True
450,GTTTGGG|7|4|86,8.143835605515788e-37,1.3054768607708292e-36,True
451,GTTTGTC|7|4|110,8.143835605515788e-37,1.3054768607708292e-36,True
1544,TAAATCT|7|169|187,8.143835605515788e-37,1.3054768607708292e-36,True
1682,TAAGCCA|7|233|243,8.143835605515788e-37,1.3054768607708292e-36,True
1683,TAAGCCC|7|233|255,8.143835605515788e-37,1.3054768607708292e-36,True
1481,TACACTT|7|153|235,8.143835605515788e-37,1.3054768607708292e-36,True
1153,TACCCGC|7|89|223,8.143835605515788e-37,1.3054768607708292e-36,True
1149,TACCTGC|7|89|159,8.143835605515788e-37,1.3054768607708292e-36,True
1663,TACGCCG|7|217|247,8.143835605515788e-37,1.3054768607708292e-36,True
649,TACTGAC|7|25|79,8.143835605515788e-37,1.3054768607708292e-36,True
650,TACTTGA|7|25|147,8.143835605515788e-37,1.3054768607708292e-36,True
652,TACTTTA|7|25|163,8.143835605515788e-37,1.3054768607708292e-36,True
1609,TAGACAA|7|185|195,8.143835605515788e-37,1.3054768607708292e-36,True
1611,TAGACCG|7|185|247,8.143835605515788e-37,1.3054768607708292e-36,True
1373,TAGCCTC|7|121|239,8.143835605515788e-37,1.3054768607708292e-36,True
882,TAGTCTA|7|57|227,8.143835605515788e-37,1.3054768607708292e-36,True
876,TAGTGGC|7|57|95,8.143835605515788e-37,1.3054768607708292e-36,True
1637,TATGCTC|7|201|239,8.143835605515788e-37,1.3054768607708292e-36,True
484,TATTACA|7|9|51,8.143835605515788e-37,1.3054768607708292e-36,True
492,TATTTCG|7|9|183,8.143835605515788e-37,1.3054768607708292e-36,True
1534,TCAACCA|7|165|243,8.143835605515788e-37,1.3054768607708292e-36,True
1467,TCCACTG|7|149|231,8.143835605515788e-37,1.3054768607708292e-36,True
1120,TCCCTCC|7|85|191,8.143835605515788e-37,1.3054768607708292e-36,True
605,TCCTTTG|7|21|167,8.143835605515788e-37,1.3054768607708292e-36,True
1597,TCGACAA|7|181|195,8.143835605515788e-37,1.3054768607708292e-36,True
1601,TCGACCC|7|181|255,8.143835605515788e-37,1.3054768607708292e-36,True
1600,TCGACCT|7|181|251,8.143835605515788e-37,1.3054768607708292e-36,True
1629,TCTGCCG|7|197|247,8.143835605515788e-37,1.3054768607708292e-36,True
1627,TCTGCTA|7|197|227,8.143835605515788e-37,1.3054768607708292e-36,True
456,TCTTGGG|7|5|87,8.143835605515788e-37,1.3054768607708292e-36,True
1312,TGACCCC|7|109|255,8.143835605515788e-37,1.3054768607708292e-36,True
1310,TGACCTA|7|109|227,8.143835605515788e-37,1.3054768607708292e-36,True
1306,TGACTAT|7|109|139,8.143835605515788e-37,1.3054768607708292e-36,True
771,TGATTGA|7|45|147,8.143835605515788e-37,1.3054768607708292e-36,True
1507,TGCACTT|7|157|235,8.143835605515788e-37,1.3054768607708292e-36,True
1505,TGCATCG|7|157|183,8.143835605515788e-37,1.3054768607708292e-36,True
684,TGCTACA|7|29|51,8.143835605515788e-37,1.3054768607708292e-36,True
687,TGCTCCG|7|29|247,8.143835605515788e-37,1.3054768607708292e-36,True
1392,TGGCTTC|7|125|175,8.143835605515788e-37,1.3054768607708292e-36,True
927,TGGTCCC|7|61|255,8.143835605515788e-37,1.3054768607708292e-36,True
921,TGGTGTT|7|61|107,8.143835605515788e-37,1.3054768607708292e-36,True
1424,TGTACAT|7|141|203,8.143835605515788e-37,1.3054768607708292e-36,True
1427,TGTACTT|7|141|235,8.143835605515788e-37,1.3054768607708292e-36,True
1063,TGTCCAA|7|77|195,8.143835605515788e-37,1.3054768607708292e-36,True
1062,TGTCTCT|7|77|187,8.143835605515788e-37,1.3054768607708292e-36,True
1647,TGTGCAC|7|205|207,8.143835605515788e-37,1.3054768607708292e-36,True
543,TGTTCAG|7|13|199,8.143835605515788e-37,1.3054768607708292e-36,True
544,TGTTCAT|7|13|203,8.143835605515788e-37,1.3054768607708292e-36,True
546,TGTTCCC|7|13|255,8.143835605515788e-37,1.3054768607708292e-36,True
537,TGTTGAC|7|13|79,8.143835605515788e-37,1.3054768607708292e-36,True
1518,TTAACGA|7|161|211,8.143835605515788e-37,1.3054768607708292e-36,True
1216,TTACGCG|7|97|119,8.143835605515788e-37,1.3054768607708292e-36,True
710,TTATATC|7|33|47,8.143835605515788e-37,1.3054768607708292e-36,True
1450,TTCACTA|7|145|227,8.143835605515788e-37,1.3054768607708292e-36,True
1085,TTCCGGT|7|81|91,8.143835605515788e-37,1.3054768607708292e-36,True
1655,TTCGCCT|7|209|251,8.143835605515788e-37,1.3054768607708292e-36,True
578,TTCTTAT|7|17|139,8.143835605515788e-37,1.3054768607708292e-36,True
1579,TTGACCG|7|177|247,8.143835605515788e-37,1.3054768607708292e-36,True
1577,TTGATCT|7|177|187,8.143835605515788e-37,1.3054768607708292e-36,True
1333,TTGCTAT|7|113|139,8.143835605515788e-37,1.3054768607708292e-36,True
1334,TTGCTTA|7|113|163,8.143835605515788e-37,1.3054768607708292e-36,True
806,TTGTGCT|7|49|123,8.143835605515788e-37,1.3054768607708292e-36,True
1404,TTTACGG|7|129|215,8.143835605515788e-37,1.3054768607708292e-36,True
1403,TTTATTA|7|129|163,8.143835605515788e-37,1.3054768607708292e-36,True
965,TTTCGCT|7|65|123,8.143835605515788e-37,1.3054768607708292e-36,True
962,TTTCGGC|7|65|95,8.143835605515788e-37,1.3054768607708292e-36,True
435,TTTTAGC|7|1|31,8.143835605515788e-37,1.3054768607708292e-36,True
5,ATTG|4|3|10,8.143835605515905e-37,1.3054768607708292e-36,True
6,ATTT|4|3|11,8.143835605515905e-37,1.3054768607708292e-36,True
10,GTCG|4|4|14,8.143835605515905e-37,1.3054768607708292e-36,True
7,GTGG|4|4|6,8.143835605515905e-37,1.3054768607708292e-36,True
19,TACG|4|9|14,8.143835605515905e-37,1.3054768607708292e-36,True
14,TCCT|4|5|15,8.143835605515905e-37,1.3054768607708292e-36,True
11,TCGG|4|5|6,8.143835605515905e-37,1.3054768607708292e-36,True
12,TCTG|4|5|10,8.143835605515905e-37,1.3054768607708292e-36,True
1,TTGT|4|1|7,8.143835605515905e-37,1.3054768607708292e-36,True
2,TTTT|4|1|11,8.143835605515905e-37,1.3054768607708292e-36,True
52,AATTT|5|11|41,8.143835605515905e-37,1.3054768607708292e-36,True
103,AGCCG|5|31|53,8.143835605515905e-37,1.3054768607708292e-36,True
69,AGTCA|5|15|49,8.143835605515905e-37,1.3054768607708292e-36,True
70,AGTCG|5|15|53,8.143835605515905e-37,1.3054768607708292e-36,True
67,AGTGC|5|15|29,8.143835605515905e-37,1.3054768607708292e-36,True
66,AGTGT|5|15|25,8.143835605515905e-37,1.3054768607708292e-36,True
31,ATTAG|5|3|5,8.143835605515905e-37,1.3054768607708292e-36,True
34,ATTTC|5|3|45,8.143835605515905e-37,1.3054768607708292e-36,True
95,CACCG|5|26|56,8.143835605515905e-37,1.3054768607708292e-36,True
94,CACTA|5|26|36,8.143835605515905e-37,1.3054768607708292e-36,True
51,CATCC|5|10|64,8.143835605515905e-37,1.3054768607708292e-36,True
50,CATCT|5|10|60,8.143835605515905e-37,1.3054768607708292e-36,True
111,CCATT|5|38|44,8.143835605515905e-37,1.3054768607708292e-36,True
88,CCCCA|5|22|52,8.143835605515905e-37,1.3054768607708292e-36,True
102,CGCCC|5|30|64,8.143835605515905e-37,1.3054768607708292e-36,True
77,CTCCA|5|18|52,8.143835605515905e-37,1.3054768607708292e-36,True
27,CTTAT|5|2|12,8.143835605515905e-37,1.3054768607708292e-36,True
29,CTTTA|5|2|36,8.143835605515905e-37,1.3054768607708292e-36,True
98,GACCC|5|28|62,8.143835605515905e-37,1.3054768607708292e-36,True
54,GATGA|5|12|18,8.143835605515905e-37,1.3054768607708292e-36,True
46,GCTTT|5|8|42,8.143835605515905e-37,1.3054768607708292e-36,True
105,GGCCT|5|32|58,8.143835605515905e-37,1.3054768607708292e-36,True
71,GGTTT|5|16|42,8.143835605515905e-37,1.3054768607708292e-36,True
81,GTCCA|5|20|50,8.143835605515905e-37,1.3054768607708292e-36,True
37,GTTCG|5|4|54,8.143835605515905e-37,1.3054768607708292e-36,True
48,TATCA|5|9|51,8.143835605515905e-37,1.3054768607708292e-36,True
49,TATCG|5|9|55,8.143835605515905e-37,1.3054768607708292e-36,True
47,TATTT|5|9|43,8.143835605515905e-37,1.3054768607708292e-36,True
84,TCCTG|5|21|39,8.143835605515905e-37,1.3054768607708292e-36,True
100,TGCTC|5|29|47,8.143835605515905e-37,1.3054768607708292e-36,True
74,TTCTT|5|17|43,8.143835605515905e-37,1.3054768607708292e-36,True
26,TTTCT|5|1|59,8.143835605515905e-37,1.3054768607708292e-36,True
24,TTTTA|5|1|35,8.143835605515905e-37,1.3054768607708292e-36,True
402,AAACTT|6|43|59,8.143835605515905e-37,1.3054768607708292e-36,True
342,AACCTT|6|27|59,8.143835605515905e-37,1.3054768607708292e-36,True
217,AATCGG|6|11|54,8.143835605515905e-37,1.3054768607708292e-36,True
213,AATGAT|6|11|19,8.143835605515905e-37,1.3054768607708292e-36,True
214,AATGGA|6|11|21,8.143835605515905e-37,1.3054768607708292e-36,True
215,AATGGT|6|11|23,8.143835605515905e-37,1.3054768607708292e-36,True
387,ACACTA|6|39|57,8.143835605515905e-37,1.3054768607708292e-36,True
313,ACCCCG|6|23|62,8.143835605515905e-37,1.3054768607708292e-36,True
307,ACCTAA|6|23|33,8.143835605515905e-37,1.3054768607708292e-36,True
193,ACTCAG|6|7|50,8.143835605515905e-37,1.3054768607708292e-36,True
195,ACTCGG|6|7|54,8.143835605515905e-37,1.3054768607708292e-36,True
248,AGTCCC|6|15|64,8.143835605515905e-37,1.3054768607708292e-36,True
244,AGTTAC|6|15|36,8.143835605515905e-37,1.3054768607708292e-36,True
246,AGTTGC|6|15|40,8.143835605515905e-37,1.3054768607708292e-36,True
245,AGTTGG|6|15|38,8.143835605515905e-37,1.3054768607708292e-36,True
278,ATCGAC|6|19|20,8.143835605515905e-37,1.3054768607708292e-36,True
148,ATTCCA|6|3|61,8.143835605515905e-37,1.3054768607708292e-36,True
149,ATTCCC|6|3|64,8.143835605515905e-37,1.3054768607708292e-36,True
139,ATTGAC|6|3|20,8.143835605515905e-37,1.3054768607708292e-36,True
141,ATTGTG|6|3|26,8.143835605515905e-37,1.3054768607708292e-36,True
395,CAACTC|6|42|60,8.143835605515905e-37,1.3054768607708292e-36,True
335,CACCTC|6|26|60,8.143835605515905e-37,1.3054768607708292e-36,True
328,CACGTT|6|26|27,8.143835605515905e-37,1.3054768607708292e-36,True
332,CACTTT|6|26|43,8.143835605515905e-37,1.3054768607708292e-36,True
210,CATATG|6|10|10,8.143835605515905e-37,1.3054768607708292e-36,True
377,CCACAG|6|38|50,8.143835605515905e-37,1.3054768607708292e-36,True
379,CCACGT|6|38|55,8.143835605515905e-37,1.3054768607708292e-36,True
380,CCACTA|6|38|57,8.143835605515905e-37,1.3054768607708292e-36,True
381,CCACTG|6|38|58,8.143835605515905e-37,1.3054768607708292e-36,True
182,CCTCGC|6|6|56,8.143835605515905e-37,1.3054768607708292e-36,True
183,CCTCTA|6|6|57,8.143835605515905e-37,1.3054768607708292e-36,True
178,CCTTGC|6|6|40,8.143835605515905e-37,1.3054768607708292e-36,True
413,CGACAT|6|46|51,8.143835605515905e-37,1.3054768607708292e-36,True
354,CGCCTA|6|30|57,8.143835605515905e-37,1.3054768607708292e-36,True
243,CGTCCC|6|14|64,8.143835605515905e-37,1.3054768607708292e-36,True
236,CGTGAA|6|14|17,8.143835605515905e-37,1.3054768607708292e-36,True
276,CTCTCT|6|18|47,8.143835605515905e-37,1.3054768607708292e-36,True
134,CTTTTT|6|2|43,8.143835605515905e-37,1.3054768607708292e-36,True
407,GAACTT|6|44|59,8.143835605515905e-37,1.3054768607708292e-36,True
346,GACCGC|6|28|56,8.143835605515905e-37,1.3054768607708292e-36,True
223,GATCCA|6|12|61,8.143835605515905e-37,1.3054768607708292e-36,True
320,GCCCCG|6|24|62,8.143835605515905e-37,1.3054768607708292e-36,True
200,GCTCGC|6|8|56,8.143835605515905e-37,1.3054768607708292e-36,True
360,GGCTGG|6|32|38,8.143835605515905e-37,1.3054768607708292e-36,True
362,GGCTTT|6|32|43,8.143835605515905e-37,1.3054768607708292e-36,True
257,GGTCTA|6|16|57,8.143835605515905e-37,1.3054768607708292e-36,True
252,GGTGCC|6|16|32,8.143835605515905e-37,1.3054768607708292e-36,True
292,GTCCCC|6|20|64,8.143835605515905e-37,1.3054768607708292e-36,True
291,GTCCGA|6|20|53,8.143835605515905e-37,1.3054768607708292e-36,True
153,GTTATT|6|4|11,8.143835605515905e-37,1.3054768607708292e-36,True
164,GTTCCC|6|4|64,8.143835605515905e-37,1.3054768607708292e-36,True
163,GTTCCG|6|4|62,8.143835605515905e-37,1.3054768607708292e-36,True
155,GTTGGA|6|4|21,8.143835605515905e-37,1.3054768607708292e-36,True
325,TACCAT|6|25|51,8.143835605515905e-37,1.3054768607708292e-36,True
322,TACGCG|6|25|30,8.143835605515905e-37,1.3054768607708292e-36,True
324,TACTCC|6|25|48,8.143835605515905e-37,1.3054768607708292e-36,True
207,TATCGT|6|9|55,8.143835605515905e-37,1.3054768607708292e-36,True
206,TATTAT|6|9|35,8.143835605515905e-37,1.3054768607708292e-36,True
371,TCACAG|6|37|50,8.143835605515905e-37,1.3054768607708292e-36,True
296,TCCCGA|6|21|53,8.143835605515905e-37,1.3054768607708292e-36,True
297,TCCCGG|6|21|54,8.143835605515905e-37,1.3054768607708292e-36,True
293,TCCGGC|6|21|24,8.143835605515905e-37,1.3054768607708292e-36,True
295,TCCTCG|6|21|46,8.143835605515905e-37,1.3054768607708292e-36,True
427,TCGCCG|6|53|62,8.143835605515905e-37,1.3054768607708292e-36,True
165,TCTAGA|6|5|5,8.143835605515905e-37,1.3054768607708292e-36,True
171,TCTGTA|6|5|25,8.143835605515905e-37,1.3054768607708292e-36,True
411,TGACCC|6|45|64,8.143835605515905e-37,1.3054768607708292e-36,True
408,TGATCG|6|45|46,8.143835605515905e-37,1.3054768607708292e-36,True
352,TGCCAA|6|29|49,8.143835605515905e-37,1.3054768607708292e-36,True
347,TGCGCG|6|29|30,8.143835605515905e-37,1.3054768607708292e-36,True
351,TGCTCA|6|29|45,8.143835605515905e-37,1.3054768607708292e-36,True
224,TGTACG|6|13|14,8.143835605515905e-37,1.3054768607708292e-36,True
233,TGTCCC|6|13|64,8.143835605515905e-37,1.3054768607708292e-36,True
366,TTACTT|6|33|59,8.143835605515905e-37,1.3054768607708292e-36,True
266,TTCCAT|6|17|51,8.143835605515905e-37,1.3054768607708292e-36,True
261,TTCGGG|6|17|22,8.143835605515905e-37,1.3054768607708292e-36,True
263,TTCTTG|6|17|42,8.143835605515905e-37,1.3054768607708292e-36,True
131,TTTCAA|6|1|49,8.143835605515905e-37,1.3054768607708292e-36,True
132,TTTCCT|6|1|63,8.143835605515905e-37,1.3054768607708292e-36,True
128,TTTGCA|6|1|29,8.143835605515905e-37,1.3054768607708292e-36,True
130,TTTTCC|6|1|48,8.143835605515905e-37,1.3054768607708292e-36,True
1296,AAACTCC|7|107|189,8.143835605515905e-37,1.3054768607708292e-36,True
753,AAATTGA|7|43|145,8.143835605515905e-37,1.3054768607708292e-36,True
1499,AACACCA|7|155|241,8.143835605515905e-37,1.3054768607708292e-36,True
1497,AACACGA|7|155|209,8.143835605515905e-37,1.3054768607708292e-36,True
1169,AACCGCA|7|91|113,8.143835605515905e-37,1.3054768607708292e-36,True
1665,AACGCGC|7|219|221,8.143835605515905e-37,1.3054768607708292e-36,True
676,AACTCCC|7|27|253,8.143835605515905e-37,1.3054768607708292e-36,True
675,AACTCTC|7|27|237,8.143835605515905e-37,1.3054768607708292e-36,True
674,AACTCTG|7|27|229,8.143835605515905e-37,1.3054768607708292e-36,True
671,AACTTAG|7|27|133,8.143835605515905e-37,1.3054768607708292e-36,True
1385,AAGCCGC|7|123|221,8.143835605515905e-37,1.3054768607708292e-36,True
1381,AAGCTAG|7|123|133,8.143835605515905e-37,1.3054768607708292e-36,True
1694,AAGGCCC|7|251|253,8.143835605515905e-37,1.3054768607708292e-36,True
902,AAGTCGA|7|59|209,8.143835605515905e-37,1.3054768607708292e-36,True
903,AAGTCGG|7|59|213,8.143835605515905e-37,1.3054768607708292e-36,True
904,AAGTCGT|7|59|217,8.143835605515905e-37,1.3054768607708292e-36,True
905,AAGTCTT|7|59|233,8.143835605515905e-37,1.3054768607708292e-36,True
897,AAGTTGG|7|59|149,8.143835605515905e-37,1.3054768607708292e-36,True
898,AAGTTTA|7|59|161,8.143835605515905e-37,1.3054768607708292e-36,True
899,AAGTTTC|7|59|173,8.143835605515905e-37,1.3054768607708292e-36,True
1045,AATCGCT|7|75|121,8.143835605515905e-37,1.3054768607708292e-36,True
519,AATTCGC|7|11|221,8.143835605515905e-37,1.3054768607708292e-36,True
514,AATTTAC|7|11|141,8.143835605515905e-37,1.3054768607708292e-36,True
513,AATTTAG|7|11|133,8.143835605515905e-37,1.3054768607708292e-36,True
738,ACATTGA|7|39|145,8.143835605515905e-37,1.3054768607708292e-36,True
1136,ACCCCGA|7|87|209,8.143835605515905e-37,1.3054768607708292e-36,True
1138,ACCCCTA|7|87|225,8.143835605515905e-37,1.3054768607708292e-36,True
1132,ACCCTAA|7|87|129,8.143835605515905e-37,1.3054768607708292e-36,True
616,ACCTACA|7|23|49,8.143835605515905e-37,1.3054768607708292e-36,True
617,ACCTACG|7|23|53,8.143835605515905e-37,1.3054768607708292e-36,True
618,ACCTACT|7|23|57,8.143835605515905e-37,1.3054768607708292e-36,True
620,ACCTGGA|7|23|81,8.143835605515905e-37,1.3054768607708292e-36,True
621,ACCTGGG|7|23|85,8.143835605515905e-37,1.3054768607708292e-36,True
628,ACCTTCT|7|23|185,8.143835605515905e-37,1.3054768607708292e-36,True
1024,ACTCCTG|7|71|229,8.143835605515905e-37,1.3054768607708292e-36,True
1017,ACTCGCC|7|71|125,8.143835605515905e-37,1.3054768607708292e-36,True
474,ACTTCTG|7|7|229,8.143835605515905e-37,1.3054768607708292e-36,True
1567,AGAACGG|7|175|213,8.143835605515905e-37,1.3054768607708292e-36,True
1319,AGACCAG|7|111|197,8.143835605515905e-37,1.3054768607708292e-36,True
795,AGATCTT|7|47|233,8.143835605515905e-37,1.3054768607708292e-36,True
788,AGATGGG|7|47|85,8.143835605515905e-37,1.3054768607708292e-36,True
1510,AGCACTT|7|159|233,8.143835605515905e-37,1.3054768607708292e-36,True
1209,AGCCCGA|7|95|209,8.143835605515905e-37,1.3054768607708292e-36,True
1207,AGCCTCA|7|95|177,8.143835605515905e-37,1.3054768607708292e-36,True
693,AGCTATC|7|31|45,8.143835605515905e-37,1.3054768607708292e-36,True
692,AGCTATT|7|31|41,8.143835605515905e-37,1.3054768607708292e-36,True
944,AGGTCAT|7|63|201,8.143835605515905e-37,1.3054768607708292e-36,True
948,AGGTCCT|7|63|249,8.143835605515905e-37,1.3054768607708292e-36,True
941,AGGTGGT|7|63|89,8.143835605515905e-37,1.3054768607708292e-36,True
1076,AGTCCCT|7|79|249,8.143835605515905e-37,1.3054768607708292e-36,True
1074,AGTCCGT|7|79|217,8.143835605515905e-37,1.3054768607708292e-36,True
1075,AGTCCTA|7|79|225,8.143835605515905e-37,1.3054768607708292e-36,True
1068,AGTCGGT|7|79|89,8.143835605515905e-37,1.3054768607708292e-36,True
1070,AGTCGTA|7|79|97,8.143835605515905e-37,1.3054768607708292e-36,True
563,AGTTCGC|7|15|221,8.143835605515905e-37,1.3054768607708292e-36,True
558,AGTTGAT|7|15|73,8.143835605515905e-37,1.3054768607708292e-36,True
1524,ATAATTC|7|163|173,8.143835605515905e-37,1.3054768607708292e-36,True
1238,ATACTCG|7|99|181,8.143835605515905e-37,1.3054768607708292e-36,True
723,ATATCTC|7|35|237,8.143835605515905e-37,1.3054768607708292e-36,True
722,ATATTGC|7|35|157,8.143835605515905e-37,1.3054768607708292e-36,True
1460,ATCACCG|7|147|245,8.143835605515905e-37,1.3054768607708292e-36,True
1106,ATCCGGG|7|83|85,8.143835605515905e-37,1.3054768607708292e-36,True
1591,ATGACTC|7|179|237,8.143835605515905e-37,1.3054768607708292e-36,True
1348,ATGCCCC|7|115|253,8.143835605515905e-37,1.3054768607708292e-36,True
1344,ATGCTGA|7|115|145,8.143835605515905e-37,1.3054768607708292e-36,True
1346,ATGCTGC|7|115|157,8.143835605515905e-37,1.3054768607708292e-36,True
1345,ATGCTGT|7|115|153,8.143835605515905e-37,1.3054768607708292e-36,True
823,ATGTGTG|7|51|101,8.143835605515905e-37,1.3054768607708292e-36,True
981,ATTCGAT|7|67|73,8.143835605515905e-37,1.3054768607708292e-36,True
983,ATTCTAA|7|67|129,8.143835605515905e-37,1.3054768607708292e-36,True
1625,ATTGCCG|7|195|245,8.143835605515905e-37,1.3054768607708292e-36,True
445,ATTTGTT|7|3|105,8.143835605515905e-37,1.3054768607708292e-36,True
446,ATTTTGG|7|3|149,8.143835605515905e-37,1.3054768607708292e-36,True
1551,CAAACCA|7|170|244,8.143835605515905e-37,1.3054768607708292e-36,True
1287,CAACGCT|7|106|124,8.143835605515905e-37,1.3054768607708292e-36,True
747,CAATCAA|7|42|196,8.143835605515905e-37,1.3054768607708292e-36,True
750,CAATCTA|7|42|228,8.143835605515905e-37,1.3054768607708292e-36,True
745,CAATGGG|7|42|88,8.143835605515905e-37,1.3054768607708292e-36,True
746,CAATGTG|7|42|104,8.143835605515905e-37,1.3054768607708292e-36,True
1492,CACACCA|7|154|244,8.143835605515905e-37,1.3054768607708292e-36,True
1488,CACACTA|7|154|228,8.143835605515905e-37,1.3054768607708292e-36,True
1489,CACACTG|7|154|232,8.143835605515905e-37,1.3054768607708292e-36,True
1490,CACACTT|7|154|236,8.143835605515905e-37,1.3054768607708292e-36,True
1482,CACATGC|7|154|160,8.143835605515905e-37,1.3054768607708292e-36,True
1155,CACCGGC|7|90|96,8.143835605515905e-37,1.3054768607708292e-36,True
1154,CACCGGT|7|90|92,8.143835605515905e-37,1.3054768607708292e-36,True
654,CACTACC|7|26|64,8.143835605515905e-37,1.3054768607708292e-36,True
660,CACTCAC|7|26|208,8.143835605515905e-37,1.3054768607708292e-36,True
663,CACTCCA|7|26|244,8.143835605515905e-37,1.3054768607708292e-36,True
665,CACTCCC|7|26|256,8.143835605515905e-37,1.3054768607708292e-36,True
664,CACTCCT|7|26|252,8.143835605515905e-37,1.3054768607708292e-36,True
656,CACTGGC|7|26|96,8.143835605515905e-37,1.3054768607708292e-36,True
1614,CAGACTC|7|186|240,8.143835605515905e-37,1.3054768607708292e-36,True
1380,CAGCCTT|7|122|236,8.143835605515905e-37,1.3054768607708292e-36,True
889,CAGTCAA|7|58|196,8.143835605515905e-37,1.3054768607708292e-36,True
892,CAGTCCG|7|58|248,8.143835605515905e-37,1.3054768607708292e-36,True
891,CAGTCTT|7|58|236,8.143835605515905e-37,1.3054768607708292e-36,True
886,CAGTGGC|7|58|96,8.143835605515905e-37,1.3054768607708292e-36,True
885,CAGTGGT|7|58|92,8.143835605515905e-37,1.3054768607708292e-36,True
888,CAGTTCA|7|58|180,8.143835605515905e-37,1.3054768607708292e-36,True
1040,CATCCAC|7|74|208,8.143835605515905e-37,1.3054768607708292e-36,True
1041,CATCCTG|7|74|232,8.143835605515905e-37,1.3054768607708292e-36,True
1035,CATCGTG|7|74|104,8.143835605515905e-37,1.3054768607708292e-36,True
1639,CATGCAT|7|202|204,8.143835605515905e-37,1.3054768607708292e-36,True
498,CATTAGC|7|10|32,8.143835605515905e-37,1.3054768607708292e-36,True
505,CATTCAT|7|10|204,8.143835605515905e-37,1.3054768607708292e-36,True
502,CATTTGA|7|10|148,8.143835605515905e-37,1.3054768607708292e-36,True
1258,CCACGCA|7|102|116,8.143835605515905e-37,1.3054768607708292e-36,True
1264,CCACTCT|7|102|188,8.143835605515905e-37,1.3054768607708292e-36,True
1262,CCACTTA|7|102|164,8.143835605515905e-37,1.3054768607708292e-36,True
737,CCATCTA|7|38|228,8.143835605515905e-37,1.3054768607708292e-36,True
1472,CCCACGT|7|150|220,8.143835605515905e-37,1.3054768607708292e-36,True
1470,CCCATCT|7|150|188,8.143835605515905e-37,1.3054768607708292e-36,True
1125,CCCCTGA|7|86|148,8.143835605515905e-37,1.3054768607708292e-36,True
607,CCCTGAA|7|22|68,8.143835605515905e-37,1.3054768607708292e-36,True
1353,CCGCTAT|7|118|140,8.143835605515905e-37,1.3054768607708292e-36,True
1355,CCGCTCA|7|118|180,8.143835605515905e-37,1.3054768607708292e-36,True
863,CCGTCCC|7|54|256,8.143835605515905e-37,1.3054768607708292e-36,True
862,CCGTCGA|7|54|212,8.143835605515905e-37,1.3054768607708292e-36,True
853,CCGTGGC|7|54|96,8.143835605515905e-37,1.3054768607708292e-36,True
855,CCGTGTG|7|54|104,8.143835605515905e-37,1.3054768607708292e-36,True
860,CCGTTGT|7|54|156,8.143835605515905e-37,1.3054768607708292e-36,True
1010,CCTCGGA|7|70|84,8.143835605515905e-37,1.3054768607708292e-36,True
467,CCTTCAT|7|6|204,8.143835605515905e-37,1.3054768607708292e-36,True
463,CCTTGTA|7|6|100,8.143835605515905e-37,1.3054768607708292e-36,True
464,CCTTTAA|7|6|132,8.143835605515905e-37,1.3054768607708292e-36,True
465,CCTTTGA|7|6|148,8.143835605515905e-37,1.3054768607708292e-36,True
1317,CGACCTT|7|110|236,8.143835605515905e-37,1.3054768607708292e-36,True
1314,CGACTAG|7|110|136,8.143835605515905e-37,1.3054768607708292e-36,True
1315,CGACTCG|7|110|184,8.143835605515905e-37,1.3054768607708292e-36,True
785,CGATCGA|7|46|212,8.143835605515905e-37,1.3054768607708292e-36,True
783,CGATTTT|7|46|172,8.143835605515905e-37,1.3054768607708292e-36,True
1508,CGCATCA|7|158|180,8.143835605515905e-37,1.3054768607708292e-36,True
1667,CGCGCGC|7|222|224,8.143835605515905e-37,1.3054768607708292e-36,True
690,CGCTCTA|7|30|228,8.143835605515905e-37,1.3054768607708292e-36,True
691,CGCTCTC|7|30|240,8.143835605515905e-37,1.3054768607708292e-36,True
938,CGGTCAC|7|62|208,8.143835605515905e-37,1.3054768607708292e-36,True
939,CGGTCGT|7|62|220,8.143835605515905e-37,1.3054768607708292e-36,True
940,CGGTCTA|7|62|228,8.143835605515905e-37,1.3054768607708292e-36,True
931,CGGTGCA|7|62|116,8.143835605515905e-37,1.3054768607708292e-36,True
933,CGGTGCC|7|62|128,8.143835605515905e-37,1.3054768607708292e-36,True
932,CGGTGCT|7|62|124,8.143835605515905e-37,1.3054768607708292e-36,True
929,CGGTGGG|7|62|88,8.143835605515905e-37,1.3054768607708292e-36,True
934,CGGTTAA|7|62|132,8.143835605515905e-37,1.3054768607708292e-36,True
937,CGGTTGA|7|62|148,8.143835605515905e-37,1.3054768607708292e-36,True
548,CGTTAGG|7|14|24,8.143835605515905e-37,1.3054768607708292e-36,True
551,CGTTGTC|7|14|112,8.143835605515905e-37,1.3054768607708292e-36,True
553,CGTTTTA|7|14|164,8.143835605515905e-37,1.3054768607708292e-36,True
554,CGTTTTT|7|14|172,8.143835605515905e-37,1.3054768607708292e-36,True
1523,CTAACCC|7|162|256,8.143835605515905e-37,1.3054768607708292e-36,True
1231,CTACCGA|7|98|212,8.143835605515905e-37,1.3054768607708292e-36,True
1226,CTACTAC|7|98|144,8.143835605515905e-37,1.3054768607708292e-36,True
1224,CTACTAG|7|98|136,8.143835605515905e-37,1.3054768607708292e-36,True
1229,CTACTCA|7|98|180,8.143835605515905e-37,1.3054768607708292e-36,True
718,CTATGCG|7|34|120,8.143835605515905e-37,1.3054768607708292e-36,True
1453,CTCATGA|7|146|148,8.143835605515905e-37,1.3054768607708292e-36,True
1454,CTCATGT|7|146|156,8.143835605515905e-37,1.3054768607708292e-36,True
1102,CTCCCAT|7|82|204,8.143835605515905e-37,1.3054768607708292e-36,True
1103,CTCCCTG|7|82|232,8.143835605515905e-37,1.3054768607708292e-36,True
1094,CTCCGGA|7|82|84,8.143835605515905e-37,1.3054768607708292e-36,True
1095,CTCCGGG|7|82|88,8.143835605515905e-37,1.3054768607708292e-36,True
1096,CTCCGGT|7|82|92,8.143835605515905e-37,1.3054768607708292e-36,True
1098,CTCCGTA|7|82|100,8.143835605515905e-37,1.3054768607708292e-36,True
585,CTCTATT|7|18|44,8.143835605515905e-37,1.3054768607708292e-36,True
590,CTCTCTT|7|18|236,8.143835605515905e-37,1.3054768607708292e-36,True
589,CTCTGTC|7|18|112,8.143835605515905e-37,1.3054768607708292e-36,True
1585,CTGACGT|7|178|220,8.143835605515905e-37,1.3054768607708292e-36,True
1580,CTGATCA|7|178|180,8.143835605515905e-37,1.3054768607708292e-36,True
1582,CTGATCC|7|178|192,8.143835605515905e-37,1.3054768607708292e-36,True
1340,CTGCCGC|7|114|224,8.143835605515905e-37,1.3054768607708292e-36,True
1336,CTGCTGG|7|114|152,8.143835605515905e-37,1.3054768607708292e-36,True
1405,CTTATAG|7|130|136,8.143835605515905e-37,1.3054768607708292e-36,True
974,CTTCGGA|7|66|84,8.143835605515905e-37,1.3054768607708292e-36,True
976,CTTCGGC|7|66|96,8.143835605515905e-37,1.3054768607708292e-36,True
975,CTTCGGT|7|66|92,8.143835605515905e-37,1.3054768607708292e-36,True
979,CTTCTAT|7|66|140,8.143835605515905e-37,1.3054768607708292e-36,True
439,CTTTTTC|7|2|176,8.143835605515905e-37,1.3054768607708292e-36,True
1300,GAACGCC|7|108|126,8.143835605515905e-37,1.3054768607708292e-36,True
1302,GAACTCG|7|108|182,8.143835605515905e-37,1.3054768607708292e-36,True
1301,GAACTGT|7|108|154,8.143835605515905e-37,1.3054768607708292e-36,True
756,GAATACA|7|44|50,8.143835605515905e-37,1.3054768607708292e-36,True
757,GAATACG|7|44|54,8.143835605515905e-37,1.3054768607708292e-36,True
766,GAATCTA|7|44|226,8.143835605515905e-37,1.3054768607708292e-36,True
759,GAATGAC|7|44|78,8.143835605515905e-37,1.3054768607708292e-36,True
760,GAATGGG|7|44|86,8.143835605515905e-37,1.3054768607708292e-36,True
1180,GACCGCA|7|92|114,8.143835605515905e-37,1.3054768607708292e-36,True
1181,GACCGCG|7|92|118,8.143835605515905e-37,1.3054768607708292e-36,True
681,GACTTCA|7|28|178,8.143835605515905e-37,1.3054768607708292e-36,True
680,GACTTGC|7|28|158,8.143835605515905e-37,1.3054768607708292e-36,True
1618,GAGACAG|7|188|198,8.143835605515905e-37,1.3054768607708292e-36,True
1620,GAGACTC|7|188|238,8.143835605515905e-37,1.3054768607708292e-36,True
1387,GAGCCAA|7|124|194,8.143835605515905e-37,1.3054768607708292e-36,True
908,GAGTGCC|7|60|126,8.143835605515905e-37,1.3054768607708292e-36,True
914,GAGTTCT|7|60|186,8.143835605515905e-37,1.3054768607708292e-36,True
911,GAGTTGC|7|60|158,8.143835605515905e-37,1.3054768607708292e-36,True
910,GAGTTGG|7|60|150,8.143835605515905e-37,1.3054768607708292e-36,True
1420,GATACCA|7|140|242,8.143835605515905e-37,1.3054768607708292e-36,True
1056,GATCCCA|7|76|242,8.143835605515905e-37,1.3054768607708292e-36,True
523,GATTACA|7|12|50,8.143835605515905e-37,1.3054768607708292e-36,True
522,GATTATT|7|12|42,8.143835605515905e-37,1.3054768607708292e-36,True
528,GATTGTC|7|12|110,8.143835605515905e-37,1.3054768607708292e-36,True
530,GATTTAT|7|12|138,8.143835605515905e-37,1.3054768607708292e-36,True
532,GATTTCT|7|12|186,8.143835605515905e-37,1.3054768607708292e-36,True
1271,GCACGCA|7|104|114,8.143835605515905e-37,1.3054768607708292e-36,True
739,GCATGAC|7|40|78,8.143835605515905e-37,1.3054768607708292e-36,True
741,GCATGTT|7|40|106,8.143835605515905e-37,1.3054768607708292e-36,True
1145,GCCCCCG|7|88|246,8.143835605515905e-37,1.3054768607708292e-36,True
1144,GCCCCGT|7|88|218,8.143835605515905e-37,1.3054768607708292e-36,True
1140,GCCCTAA|7|88|130,8.143835605515905e-37,1.3054768607708292e-36,True
1142,GCCCTTA|7|88|162,8.143835605515905e-37,1.3054768607708292e-36,True
632,GCCTACA|7|24|50,8.143835605515905e-37,1.3054768607708292e-36,True
634,GCCTACT|7|24|58,8.143835605515905e-37,1.3054768607708292e-36,True
631,GCCTATT|7|24|42,8.143835605515905e-37,1.3054768607708292e-36,True
644,GCCTCTG|7|24|230,8.143835605515905e-37,1.3054768607708292e-36,True
638,GCCTGCA|7|24|114,8.143835605515905e-37,1.3054768607708292e-36,True
1608,GCGACTT|7|184|234,8.143835605515905e-37,1.3054768607708292e-36,True
1365,GCGCCTA|7|120|226,8.143835605515905e-37,1.3054768607708292e-36,True
870,GCGTTTA|7|56|162,8.143835605515905e-37,1.3054768607708292e-36,True
1026,GCTCGAC|7|72|78,8.143835605515905e-37,1.3054768607708292e-36,True
479,GCTTCAT|7|8|202,8.143835605515905e-37,1.3054768607708292e-36,True
481,GCTTCTG|7|8|230,8.143835605515905e-37,1.3054768607708292e-36,True
1572,GGAACAC|7|176|206,8.143835605515905e-37,1.3054768607708292e-36,True
1330,GGACCTA|7|112|226,8.143835605515905e-37,1.3054768607708292e-36,True
1324,GGACTAA|7|112|130,8.143835605515905e-37,1.3054768607708292e-36,True
804,GGATCTA|7|48|226,8.143835605515905e-37,1.3054768607708292e-36,True
1513,GGCATCT|7|160|186,8.143835605515905e-37,1.3054768607708292e-36,True
705,GGCTTCG|7|32|182,8.143835605515905e-37,1.3054768607708292e-36,True
704,GGCTTGG|7|32|150,8.143835605515905e-37,1.3054768607708292e-36,True
1402,GGGCCCC|7|128|254,8.143835605515905e-37,1.3054768607708292e-36,True
1399,GGGCTGC|7|128|158,8.143835605515905e-37,1.3054768607708292e-36,True
958,GGGTCAA|7|64|194,8.143835605515905e-37,1.3054768607708292e-36,True
949,GGGTGGT|7|64|90,8.143835605515905e-37,1.3054768607708292e-36,True
951,GGGTTAG|7|64|134,8.143835605515905e-37,1.3054768607708292e-36,True
952,GGGTTAT|7|64|138,8.143835605515905e-37,1.3054768607708292e-36,True
955,GGGTTCA|7|64|178,8.143835605515905e-37,1.3054768607708292e-36,True
957,GGGTTCT|7|64|186,8.143835605515905e-37,1.3054768607708292e-36,True
954,GGGTTTC|7|64|174,8.143835605515905e-37,1.3054768607708292e-36,True
1084,GGTCCCT|7|80|250,8.143835605515905e-37,1.3054768607708292e-36,True
567,GGTTCAT|7|16|202,8.143835605515905e-37,1.3054768607708292e-36,True
565,GGTTGCT|7|16|122,8.143835605515905e-37,1.3054768607708292e-36,True
1527,GTAACGA|7|164|210,8.143835605515905e-37,1.3054768607708292e-36,True
1528,GTAACTT|7|164|234,8.143835605515905e-37,1.3054768607708292e-36,True
1253,GTACCCT|7|100|250,8.143835605515905e-37,1.3054768607708292e-36,True
1249,GTACCGT|7|100|218,8.143835605515905e-37,1.3054768607708292e-36,True
1251,GTACCTA|7|100|226,8.143835605515905e-37,1.3054768607708292e-36,True
1240,GTACGTG|7|100|102,8.143835605515905e-37,1.3054768607708292e-36,True
1242,GTACTAA|7|100|130,8.143835605515905e-37,1.3054768607708292e-36,True
1245,GTACTCA|7|100|178,8.143835605515905e-37,1.3054768607708292e-36,True
1243,GTACTGT|7|100|154,8.143835605515905e-37,1.3054768607708292e-36,True
725,GTATACA|7|36|50,8.143835605515905e-37,1.3054768607708292e-36,True
724,GTATATT|7|36|42,8.143835605515905e-37,1.3054768607708292e-36,True
727,GTATTGA|7|36|146,8.143835605515905e-37,1.3054768607708292e-36,True
596,GTCTTAT|7|20|138,8.143835605515905e-37,1.3054768607708292e-36,True
597,GTCTTCG|7|20|182,8.143835605515905e-37,1.3054768607708292e-36,True
1596,GTGACCG|7|180|246,8.143835605515905e-37,1.3054768607708292e-36,True
1593,GTGATCC|7|180|190,8.143835605515905e-37,1.3054768607708292e-36,True
1350,GTGCCAT|7|116|202,8.143835605515905e-37,1.3054768607708292e-36,True
838,GTGTCAC|7|52|206,8.143835605515905e-37,1.3054768607708292e-36,True
835,GTGTGCT|7|52|122,8.143835605515905e-37,1.3054768607708292e-36,True
836,GTGTTTA|7|52|162,8.143835605515905e-37,1.3054768607708292e-36,True
1411,GTTATCG|7|132|182,8.143835605515905e-37,1.3054768607708292e-36,True
999,GTTCCCG|7|68|246,8.143835605515905e-37,1.3054768607708292e-36,True
991,GTTCGCA|7|68|114,8.143835605515905e-37,1.3054768607708292e-36,True
989,GTTCGGC|7|68|94,8.143835605515905e-37,1.3054768607708292e-36,True
990,GTTCGTT|7|68|106,8.143835605515905e-37,1.3054768607708292e-36,True
449,GTTTACG|7|4|54,8.143835605515905e-37,1.3054768607708292e-36,True
455,GTTTCCG|7|4|246,8.143835605515905e-37,1.3054768607708292e-36,True
452,GTTTGCC|7|4|126,8.143835605515905e-37,1.3054768607708292e-36,True
453,GTTTTGG|7|4|150,8.143835605515905e-37,1.3054768607708292e-36,True
454,GTTTTGT|7|4|154,8.143835605515905e-37,1.3054768607708292e-36,True
1545,TAAACAT|7|169|203,8.143835605515905e-37,1.3054768607708292e-36,True
743,TAATTTA|7|41|163,8.143835605515905e-37,1.3054768607708292e-36,True
1477,TACACAA|7|153|195,8.143835605515905e-37,1.3054768607708292e-36,True
1478,TACACGA|7|153|211,8.143835605515905e-37,1.3054768607708292e-36,True
1479,TACACGT|7|153|219,8.143835605515905e-37,1.3054768607708292e-36,True
1475,TACATCA|7|153|179,8.143835605515905e-37,1.3054768607708292e-36,True
1147,TACCGGT|7|89|91,8.143835605515905e-37,1.3054768607708292e-36,True
653,TACTCTA|7|25|227,8.143835605515905e-37,1.3054768607708292e-36,True
1369,TAGCTAA|7|121|131,8.143835605515905e-37,1.3054768607708292e-36,True
884,TAGTCCA|7|57|243,8.143835605515905e-37,1.3054768607708292e-36,True
883,TAGTCTG|7|57|231,8.143835605515905e-37,1.3054768607708292e-36,True
877,TAGTGCA|7|57|115,8.143835605515905e-37,1.3054768607708292e-36,True
878,TAGTTAG|7|57|135,8.143835605515905e-37,1.3054768607708292e-36,True
879,TAGTTGG|7|57|151,8.143835605515905e-37,1.3054768607708292e-36,True
1033,TATCCCG|7|73|247,8.143835605515905e-37,1.3054768607708292e-36,True
1032,TATCCGA|7|73|211,8.143835605515905e-37,1.3054768607708292e-36,True
1030,TATCGCA|7|73|115,8.143835605515905e-37,1.3054768607708292e-36,True
1029,TATCGTA|7|73|99,8.143835605515905e-37,1.3054768607708292e-36,True
485,TATTACG|7|9|55,8.143835605515905e-37,1.3054768607708292e-36,True
493,TATTCAA|7|9|195,8.143835605515905e-37,1.3054768607708292e-36,True
489,TATTTAT|7|9|139,8.143835605515905e-37,1.3054768607708292e-36,True
491,TATTTCA|7|9|179,8.143835605515905e-37,1.3054768607708292e-36,True
1255,TCACTAT|7|101|139,8.143835605515905e-37,1.3054768607708292e-36,True
731,TCATACT|7|37|59,8.143835605515905e-37,1.3054768607708292e-36,True
730,TCATATC|7|37|47,8.143835605515905e-37,1.3054768607708292e-36,True
733,TCATGGT|7|37|91,8.143835605515905e-37,1.3054768607708292e-36,True
734,TCATGTT|7|37|107,8.143835605515905e-37,1.3054768607708292e-36,True
1466,TCCATTG|7|149|167,8.143835605515905e-37,1.3054768607708292e-36,True
844,TCGTGAC|7|53|79,8.143835605515905e-37,1.3054768607708292e-36,True
845,TCGTGGC|7|53|95,8.143835605515905e-37,1.3054768607708292e-36,True
1006,TCTCCGC|7|69|223,8.143835605515905e-37,1.3054768607708292e-36,True
1005,TCTCCGG|7|69|215,8.143835605515905e-37,1.3054768607708292e-36,True
1001,TCTCTAG|7|69|135,8.143835605515905e-37,1.3054768607708292e-36,True
1003,TCTCTGC|7|69|159,8.143835605515905e-37,1.3054768607708292e-36,True
459,TCTTCAG|7|5|199,8.143835605515905e-37,1.3054768607708292e-36,True
462,TCTTCTC|7|5|239,8.143835605515905e-37,1.3054768607708292e-36,True
457,TCTTTAC|7|5|143,8.143835605515905e-37,1.3054768607708292e-36,True
1561,TGAACCC|7|173|255,8.143835605515905e-37,1.3054768607708292e-36,True
1560,TGAACGC|7|173|223,8.143835605515905e-37,1.3054768607708292e-36,True
1305,TGACTAG|7|109|135,8.143835605515905e-37,1.3054768607708292e-36,True
1308,TGACTCA|7|109|179,8.143835605515905e-37,1.3054768607708292e-36,True
1309,TGACTCG|7|109|183,8.143835605515905e-37,1.3054768607708292e-36,True
775,TGATCGG|7|45|215,8.143835605515905e-37,1.3054768607708292e-36,True
776,TGATCGT|7|45|219,8.143835605515905e-37,1.3054768607708292e-36,True
770,TGATGCC|7|45|127,8.143835605515905e-37,1.3054768607708292e-36,True
768,TGATGTA|7|45|99,8.143835605515905e-37,1.3054768607708292e-36,True
773,TGATTGC|7|45|159,8.143835605515905e-37,1.3054768607708292e-36,True
1502,TGCATTT|7|157|171,8.143835605515905e-37,1.3054768607708292e-36,True
1196,TGCCCTA|7|93|227,8.143835605515905e-37,1.3054768607708292e-36,True
1192,TGCCTAC|7|93|143,8.143835605515905e-37,1.3054768607708292e-36,True
1195,TGCCTTA|7|93|163,8.143835605515905e-37,1.3054768607708292e-36,True
683,TGCTATA|7|29|35,8.143835605515905e-37,1.3054768607708292e-36,True
685,TGCTGGA|7|29|83,8.143835605515905e-37,1.3054768607708292e-36,True
1622,TGGACCC|7|189|255,8.143835605515905e-37,1.3054768607708292e-36,True
1395,TGGCCTG|7|125|231,8.143835605515905e-37,1.3054768607708292e-36,True
1391,TGGCTAT|7|125|139,8.143835605515905e-37,1.3054768607708292e-36,True
919,TGGTGGT|7|61|91,8.143835605515905e-37,1.3054768607708292e-36,True
920,TGGTGTA|7|61|99,8.143835605515905e-37,1.3054768607708292e-36,True
1426,TGTACTG|7|141|231,8.143835605515905e-37,1.3054768607708292e-36,True
1057,TGTCGTG|7|77|103,8.143835605515905e-37,1.3054768607708292e-36,True
534,TGTTATT|7|13|43,8.143835605515905e-37,1.3054768607708292e-36,True
538,TGTTGGC|7|13|95,8.143835605515905e-37,1.3054768607708292e-36,True
542,TGTTTCC|7|13|191,8.143835605515905e-37,1.3054768607708292e-36,True
541,TGTTTGC|7|13|159,8.143835605515905e-37,1.3054768607708292e-36,True
1221,TTACCAA|7|97|195,8.143835605515905e-37,1.3054768607708292e-36,True
1222,TTACCAT|7|97|203,8.143835605515905e-37,1.3054768607708292e-36,True
1217,TTACTAT|7|97|139,8.143835605515905e-37,1.3054768607708292e-36,True
1219,TTACTCA|7|97|179,8.143835605515905e-37,1.3054768607708292e-36,True
1093,TTCCCTT|7|81|235,8.143835605515905e-37,1.3054768607708292e-36,True
1087,TTCCGCT|7|81|123,8.143835605515905e-37,1.3054768607708292e-36,True
1088,TTCCTAG|7|81|135,8.143835605515905e-37,1.3054768607708292e-36,True
1090,TTCCTGA|7|81|147,8.143835605515905e-37,1.3054768607708292e-36,True
580,TTCTCAT|7|17|203,8.143835605515905e-37,1.3054768607708292e-36,True
581,TTCTCGG|7|17|215,8.143835605515905e-37,1.3054768607708292e-36,True
575,TTCTGTT|7|17|107,8.143835605515905e-37,1.3054768607708292e-36,True
577,TTCTTAA|7|17|131,8.143835605515905e-37,1.3054768607708292e-36,True
579,TTCTTGT|7|17|155,8.143835605515905e-37,1.3054768607708292e-36,True
1332,TTGCGCT|7|113|123,8.143835605515905e-37,1.3054768607708292e-36,True
1335,TTGCTCT|7|113|187,8.143835605515905e-37,1.3054768607708292e-36,True
1690,TTGGCCA|7|241|243,8.143835605515905e-37,1.3054768607708292e-36,True
811,TTGTCAA|7|49|195,8.143835605515905e-37,1.3054768607708292e-36,True
961,TTTCGAA|7|65|67,8.143835605515905e-37,1.3054768607708292e-36,True
967,TTTCTAC|7|65|143,8.143835605515905e-37,1.3054768607708292e-36,True
969,TTTCTTT|7|65|171,8.143835605515905e-37,1.3054768607708292e-36,True
437,TTTTGTC|7|1|111,8.143835605515905e-37,1.3054768607708292e-36,True
436,TTTTGTT|7|1|107,8.143835605515905e-37,1.3054768607708292e-36,True
20,TACC|4|9|16,8.143835605516022e-37,1.3054768607708292e-36,True
194,ACTCAC|6|7|52,8.143835605516022e-37,1.3054768607708292e-36,True
211,CATATC|6|10|12,8.143835605516022e-37,1.3054768607708292e-36,True
376,CCACAA|6|38|49,8.143835605516022e-37,1.3054768607708292e-36,True
389,GCATCG|6|40|46,8.143835605516022e-37,1.3054768607708292e-36,True
258,GGTCTG|6|16|58,8.143835605516022e-37,1.3054768607708292e-36,True
265,TTCCAA|6|17|49,8.143835605516022e-37,1.3054768607708292e-36,True
126,TTTAGA|6|1|5,8.143835605516022e-37,1.3054768607708292e-36,True
515,AATTTGG|7|11|149,8.143835605516022e-37,1.3054768607708292e-36,True
1269,ACACCAT|7|103|201,8.143835605516022e-37,1.3054768607708292e-36,True
1321,AGACCCT|7|111|249,8.143835605516022e-37,1.3054768607708292e-36,True
1071,AGTCGCA|7|79|113,8.143835605516022e-37,1.3054768607708292e-36,True
1069,AGTCGGC|7|79|93,8.143835605516022e-37,1.3054768607708292e-36,True
1589,ATGACGG|7|179|213,8.143835605516022e-37,1.3054768607708292e-36,True
826,ATGTGCG|7|51|117,8.143835605516022e-37,1.3054768607708292e-36,True
748,CAATCGT|7|42|220,8.143835605516022e-37,1.3054768607708292e-36,True
751,CAATCTG|7|42|232,8.143835605516022e-37,1.3054768607708292e-36,True
744,CAATGAC|7|42|80,8.143835605516022e-37,1.3054768607708292e-36,True
1167,CACCCCT|7|90|252,8.143835605516022e-37,1.3054768607708292e-36,True
1376,CAGCTGC|7|122|160,8.143835605516022e-37,1.3054768607708292e-36,True
1377,CAGCTTG|7|122|168,8.143835605516022e-37,1.3054768607708292e-36,True
1415,CATACCA|7|138|244,8.143835605516022e-37,1.3054768607708292e-36,True
1642,CATGCTT|7|202|236,8.143835605516022e-37,1.3054768607708292e-36,True
504,CATTCAA|7|10|196,8.143835605516022e-37,1.3054768607708292e-36,True
1468,CCCATTA|7|150|164,8.143835605516022e-37,1.3054768607708292e-36,True
1225,CTACTAT|7|98|140,8.143835605516022e-37,1.3054768607708292e-36,True
1227,CTACTGA|7|98|148,8.143835605516022e-37,1.3054768607708292e-36,True
1099,CTCCTAC|7|82|144,8.143835605516022e-37,1.3054768607708292e-36,True
917,GAGTCGA|7|60|210,8.143835605516022e-37,1.3054768607708292e-36,True
913,GAGTTCA|7|60|178,8.143835605516022e-37,1.3054768607708292e-36,True
521,GATTAGT|7|12|26,8.143835605516022e-37,1.3054768607708292e-36,True
1413,GCTACTA|7|136|226,8.143835605516022e-37,1.3054768607708292e-36,True
796,GGATACG|7|48|54,8.143835605516022e-37,1.3054768607708292e-36,True
797,GGATGAT|7|48|74,8.143835605516022e-37,1.3054768607708292e-36,True
698,GGCTACA|7|32|50,8.143835605516022e-37,1.3054768607708292e-36,True
1445,GGTACCT|7|144|250,8.143835605516022e-37,1.3054768607708292e-36,True
1526,GTAATTT|7|164|170,8.143835605516022e-37,1.3054768607708292e-36,True
1252,GTACCTG|7|100|230,8.143835605516022e-37,1.3054768607708292e-36,True
1241,GTACGTT|7|100|106,8.143835605516022e-37,1.3054768607708292e-36,True
1464,GTCACCA|7|148|242,8.143835605516022e-37,1.3054768607708292e-36,True
742,TAATTAT|7|41|139,8.143835605516022e-37,1.3054768607708292e-36,True
1031,TATCTCA|7|73|179,8.143835605516022e-37,1.3054768607708292e-36,True
495,TATTCTA|7|9|227,8.143835605516022e-37,1.3054768607708292e-36,True
732,TCATGGA|7|37|83,8.143835605516022e-37,1.3054768607708292e-36,True
1465,TCCATGC|7|149|159,8.143835605516022e-37,1.3054768607708292e-36,True
458,TCTTTCC|7|5|191,8.143835605516022e-37,1.3054768607708292e-36,True
1190,TGCCGTC|7|93|111,8.143835605516022e-37,1.3054768607708292e-36,True
1064,TGTCCCG|7|77|247,8.143835605516022e-37,1.3054768607708292e-36,True
1092,TTCCCAT|7|81|203,8.143835605516022e-37,1.3054768607708292e-36,True
61,TGTCA|5|13|51,8.14383560551614e-37,1.3054768607708292e-36,True
167,TCTATT|6|5|11,8.14383560551614e-37,1.3054768607708292e-36,True
517,AATTTCC|7|11|189,8.14383560551614e-37,1.3054768607708292e-36,True
792,AGATTTT|7|47|169,8.14383560551614e-37,1.3054768607708292e-36,True
662,CACTCGC|7|26|224,8.14383560551614e-37,1.3054768607708292e-36,True
497,CATTAAC|7|10|16,8.14383560551614e-37,1.3054768607708292e-36,True
1587,CTGACCC|7|178|256,8.14383560551614e-37,1.3054768607708292e-36,True
576,TTCTGTC|7|17|111,8.14383560551614e-37,1.3054768607708292e-36,True
419,CTGCAC|6|50|52,1.1396036936646058e-19,1.139603693664622e-19,True
895,AAGTGTT|7|59|105,1.1396036936646058e-19,1.139603693664622e-19,True
1050,AATCCGA|7|75|209,1.1396036936646058e-19,1.139603693664622e-19,True
1634,ACTGCCG|7|199|245,1.1396036936646058e-19,1.139603693664622e-19,True
1236,ATACTAG|7|99|133,1.1396036936646058e-19,1.139603693664622e-19,True
1652,CGTGCTC|7|206|240,1.1396036936646058e-19,1.139603693664622e-19,True
1522,CTAACTG|7|162|232,1.1396036936646058e-19,1.139603693664622e-19,True
1223,CTACGCC|7|98|128,1.1396036936646058e-19,1.139603693664622e-19,True
1228,CTACTGG|7|98|152,1.1396036936646058e-19,1.139603693664622e-19,True
1117,TCCCTTA|7|85|163,1.1396036936646058e-19,1.139603693664622e-19,True
4,CTGC|4|2|8,1.139603693664614e-19,1.139603693664622e-19,True
21,GACA|4|12|13,1.139603693664614e-19,1.139603693664622e-19,True
22,TGCT|4|13|15,1.139603693664614e-19,1.139603693664622e-19,True
114,AAATC|5|43|45,1.139603693664614e-19,1.139603693664622e-19,True
68,AGTTC|5|15|45,1.139603693664614e-19,1.139603693664622e-19,True
41,CCTCA|5|6|52,1.139603693664614e-19,1.139603693664622e-19,True
78,CTCCG|5|18|56,1.139603693664614e-19,1.139603693664622e-19,True
76,CTCTA|5|18|36,1.139603693664614e-19,1.139603693664622e-19,True
57,GATCG|5|12|54,1.139603693664614e-19,1.139603693664622e-19,True
82,GTCCG|5|20|54,1.139603693664614e-19,1.139603693664622e-19,True
36,GTTGT|5|4|26,1.139603693664614e-19,1.139603693664622e-19,True
110,TCATC|5|37|47,1.139603693664614e-19,1.139603693664622e-19,True
86,TCCCG|5|21|55,1.139603693664614e-19,1.139603693664622e-19,True
218,AATCCA|6|11|61,1.139603693664614e-19,1.139603693664622e-19,True
383,ACATCG|6|39|46,1.139603693664614e-19,1.139603693664622e-19,True
310,ACCCAC|6|23|52,1.139603693664614e-19,1.139603693664622e-19,True
311,ACCCTT|6|23|59,1.139603693664614e-19,1.139603693664622e-19,True
188,ACTGAT|6|7|19,1.139603693664614e-19,1.139603693664622e-19,True
358,AGCCAA|6|31|49,1.139603693664614e-19,1.139603693664622e-19,True
136,ATTAAT|6|3|3,1.139603693664614e-19,1.139603693664622e-19,True
140,ATTGGC|6|3|24,1.139603693664614e-19,1.139603693664622e-19,True
393,CAACGC|6|42|56,1.139603693664614e-19,1.139603693664622e-19,True
394,CAACTG|6|42|58,1.139603693664614e-19,1.139603693664622e-19,True
329,CACTGG|6|26|38,1.139603693664614e-19,1.139603693664622e-19,True
434,CAGCCG|6|58|62,1.139603693664614e-19,1.139603693664622e-19,True
303,CCCCGG|6|22|54,1.139603693664614e-19,1.139603693664622e-19,True
300,CCCGTG|6|22|26,1.139603693664614e-19,1.139603693664622e-19,True
184,CCTCCT|6|6|63,1.139603693664614e-19,1.139603693664622e-19,True
173,CCTGAG|6|6|18,1.139603693664614e-19,1.139603693664622e-19,True
176,CCTGGC|6|6|24,1.139603693664614e-19,1.139603693664622e-19,True
235,CGTACC|6|14|16,1.139603693664614e-19,1.139603693664622e-19,True
234,CGTACG|6|14|14,1.139603693664614e-19,1.139603693664622e-19,True
238,CGTGGA|6|14|21,1.139603693664614e-19,1.139603693664622e-19,True
239,CGTGGT|6|14|23,1.139603693664614e-19,1.139603693664622e-19,True
273,CTCTAG|6|18|34,1.139603693664614e-19,1.139603693664622e-19,True
133,CTTTGC|6|2|40,1.139603693664614e-19,1.139603693664622e-19,True
404,GAACAT|6|44|51,1.139603693664614e-19,1.139603693664622e-19,True
220,GATTCC|6|12|48,1.139603693664614e-19,1.139603693664622e-19,True
318,GCCTTG|6|24|42,1.139603693664614e-19,1.139603693664622e-19,True
198,GCTGCG|6|8|30,1.139603693664614e-19,1.139603693664622e-19,True
259,GGTCTT|6|16|59,1.139603693664614e-19,1.139603693664622e-19,True
369,GTACGC|6|36|56,1.139603693664614e-19,1.139603693664622e-19,True
368,GTATCC|6|36|48,1.139603693664614e-19,1.139603693664622e-19,True
290,GTCCAT|6|20|51,1.139603693664614e-19,1.139603693664622e-19,True
289,GTCTTT|6|20|43,1.139603693664614e-19,1.139603693664622e-19,True
425,GTGCCC|6|52|64,1.139603693664614e-19,1.139603693664622e-19,True
422,GTGCTA|6|52|57,1.139603693664614e-19,1.139603693664622e-19,True
152,GTTAGC|6|4|8,1.139603693664614e-19,1.139603693664622e-19,True
157,GTTGCT|6|4|31,1.139603693664614e-19,1.139603693664622e-19,True
323,TACTAG|6|25|34,1.139603693664614e-19,1.139603693664622e-19,True
432,TAGCCT|6|57|63,1.139603693664614e-19,1.139603693664622e-19,True
204,TATGCA|6|9|29,1.139603693664614e-19,1.139603693664622e-19,True
426,TCGCGG|6|53|54,1.139603693664614e-19,1.139603693664622e-19,True
169,TCTGAC|6|5|20,1.139603693664614e-19,1.139603693664622e-19,True
409,TGATCC|6|45|48,1.139603693664614e-19,1.139603693664622e-19,True
350,TGCTTA|6|29|41,1.139603693664614e-19,1.139603693664622e-19,True
225,TGTGAA|6|13|17,1.139603693664614e-19,1.139603693664622e-19,True
226,TGTGTA|6|13|25,1.139603693664614e-19,1.139603693664622e-19,True
127,TTTAGC|6|1|8,1.139603693664614e-19,1.139603693664622e-19,True
1297,AAACCGG|7|107|213,1.139603693664614e-19,1.139603693664622e-19,True
1175,AACCCTA|7|91|225,1.139603693664614e-19,1.139603693664622e-19,True
1176,AACCCTT|7|91|233,1.139603693664614e-19,1.139603693664622e-19,True
1170,AACCGCC|7|91|125,1.139603693664614e-19,1.139603693664622e-19,True
666,AACTATT|7|27|41,1.139603693664614e-19,1.139603693664622e-19,True
668,AACTGGA|7|27|81,1.139603693664614e-19,1.139603693664622e-19,True
672,AACTTAC|7|27|141,1.139603693664614e-19,1.139603693664622e-19,True
1382,AAGCTTG|7|123|165,1.139603693664614e-19,1.139603693664622e-19,True
900,AAGTCAG|7|59|197,1.139603693664614e-19,1.139603693664622e-19,True
1644,AATGCAC|7|203|205,1.139603693664614e-19,1.139603693664622e-19,True
1536,ACAATCA|7|167|177,1.139603693664614e-19,1.139603693664622e-19,True
1267,ACACGCA|7|103|113,1.139603693664614e-19,1.139603693664622e-19,True
1474,ACCACCG|7|151|245,1.139603693664614e-19,1.139603693664622e-19,True
1134,ACCCTGA|7|87|145,1.139603693664614e-19,1.139603693664622e-19,True
622,ACCTGCG|7|23|117,1.139603693664614e-19,1.139603693664622e-19,True
623,ACCTGCT|7|23|121,1.139603693664614e-19,1.139603693664622e-19,True
864,ACGTGAG|7|55|69,1.139603693664614e-19,1.139603693664622e-19,True
1021,ACTCTTT|7|71|169,1.139603693664614e-19,1.139603693664622e-19,True
1568,AGAACGC|7|175|221,1.139603693664614e-19,1.139603693664622e-19,True
1322,AGACCCC|7|111|253,1.139603693664614e-19,1.139603693664622e-19,True
1318,AGACTGT|7|111|153,1.139603693664614e-19,1.139603693664622e-19,True
786,AGATACC|7|47|61,1.139603693664614e-19,1.139603693664622e-19,True
1208,AGCCCAC|7|95|205,1.139603693664614e-19,1.139603693664622e-19,True
1204,AGCCGTA|7|95|97,1.139603693664614e-19,1.139603693664622e-19,True
1206,AGCCTAT|7|95|137,1.139603693664614e-19,1.139603693664622e-19,True
694,AGCTGAC|7|31|77,1.139603693664614e-19,1.139603693664622e-19,True
945,AGGTCAC|7|63|205,1.139603693664614e-19,1.139603693664622e-19,True
942,AGGTGGC|7|63|93,1.139603693664614e-19,1.139603693664622e-19,True
1439,AGTACTC|7|143|237,1.139603693664614e-19,1.139603693664622e-19,True
1436,AGTATCC|7|143|189,1.139603693664614e-19,1.139603693664622e-19,True
561,AGTTGTA|7|15|97,1.139603693664614e-19,1.139603693664622e-19,True
1525,ATAACAG|7|163|197,1.139603693664614e-19,1.139603693664622e-19,True
1235,ATACGCC|7|99|125,1.139603693664614e-19,1.139603693664622e-19,True
1239,ATACTCT|7|99|185,1.139603693664614e-19,1.139603693664622e-19,True
1457,ATCATTG|7|147|165,1.139603693664614e-19,1.139603693664622e-19,True
1111,ATCCCTG|7|83|229,1.139603693664614e-19,1.139603693664622e-19,True
1107,ATCCGTG|7|83|101,1.139603693664614e-19,1.139603693664622e-19,True
1110,ATCCTTA|7|83|161,1.139603693664614e-19,1.139603693664622e-19,True
594,ATCTCAT|7|19|201,1.139603693664614e-19,1.139603693664622e-19,True
831,ATGTCCT|7|51|249,1.139603693664614e-19,1.139603693664622e-19,True
829,ATGTCGT|7|51|217,1.139603693664614e-19,1.139603693664622e-19,True
1548,CAAATCG|7|170|184,1.139603693664614e-19,1.139603693664622e-19,True
1290,CAACCGA|7|106|212,1.139603693664614e-19,1.139603693664622e-19,True
752,CAATCTC|7|42|240,1.139603693664614e-19,1.139603693664622e-19,True
1493,CACACCG|7|154|248,1.139603693664614e-19,1.139603693664622e-19,True
1485,CACATTC|7|154|176,1.139603693664614e-19,1.139603693664622e-19,True
1163,CACCCTG|7|90|232,1.139603693664614e-19,1.139603693664622e-19,True
1158,CACCTAC|7|90|144,1.139603693664614e-19,1.139603693664622e-19,True
657,CACTGTA|7|26|100,1.139603693664614e-19,1.139603693664622e-19,True
1613,CAGACTT|7|186|236,1.139603693664614e-19,1.139603693664622e-19,True
1378,CAGCTTT|7|122|172,1.139603693664614e-19,1.139603693664622e-19,True
1042,CATCCCA|7|74|244,1.139603693664614e-19,1.139603693664622e-19,True
1037,CATCGCA|7|74|116,1.139603693664614e-19,1.139603693664622e-19,True
1640,CATGCAC|7|202|208,1.139603693664614e-19,1.139603693664622e-19,True
1643,CATGCTC|7|202|240,1.139603693664614e-19,1.139603693664622e-19,True
1641,CATGCTG|7|202|232,1.139603693664614e-19,1.139603693664622e-19,True
501,CATTTAG|7|10|136,1.139603693664614e-19,1.139603693664622e-19,True
1265,CCACCGT|7|102|220,1.139603693664614e-19,1.139603693664622e-19,True
1261,CCACTGC|7|102|160,1.139603693664614e-19,1.139603693664622e-19,True
1263,CCACTTG|7|102|168,1.139603693664614e-19,1.139603693664622e-19,True
1679,CCAGCCA|7|230|244,1.139603693664614e-19,1.139603693664622e-19,True
1124,CCCCTAC|7|86|144,1.139603693664614e-19,1.139603693664622e-19,True
1126,CCCCTTA|7|86|164,1.139603693664614e-19,1.139603693664622e-19,True
610,CCCTTAT|7|22|140,1.139603693664614e-19,1.139603693664622e-19,True
613,CCCTTCG|7|22|184,1.139603693664614e-19,1.139603693664622e-19,True
611,CCCTTGT|7|22|156,1.139603693664614e-19,1.139603693664622e-19,True
858,CCGTGCC|7|54|128,1.139603693664614e-19,1.139603693664622e-19,True
857,CCGTGCG|7|54|120,1.139603693664614e-19,1.139603693664622e-19,True
859,CCGTTAG|7|54|136,1.139603693664614e-19,1.139603693664622e-19,True
1011,CCTCCAT|7|70|204,1.139603693664614e-19,1.139603693664622e-19,True
1008,CCTCGAG|7|70|72,1.139603693664614e-19,1.139603693664622e-19,True
1631,CCTGCGA|7|198|212,1.139603693664614e-19,1.139603693664622e-19,True
1563,CGAACAA|7|174|196,1.139603693664614e-19,1.139603693664622e-19,True
1562,CGAATTC|7|174|176,1.139603693664614e-19,1.139603693664622e-19,True
1316,CGACCGA|7|110|212,1.139603693664614e-19,1.139603693664622e-19,True
777,CGATGGC|7|46|96,1.139603693664614e-19,1.139603693664622e-19,True
782,CGATTGT|7|46|156,1.139603693664614e-19,1.139603693664622e-19,True
688,CGCTATA|7|30|36,1.139603693664614e-19,1.139603693664622e-19,True
935,CGGTTAG|7|62|136,1.139603693664614e-19,1.139603693664622e-19,True
1435,CGTACCC|7|142|256,1.139603693664614e-19,1.139603693664622e-19,True
1065,CGTCGCA|7|78|116,1.139603693664614e-19,1.139603693664622e-19,True
547,CGTTAGA|7|14|20,1.139603693664614e-19,1.139603693664622e-19,True
557,CGTTCTC|7|14|240,1.139603693664614e-19,1.139603693664622e-19,True
555,CGTTTCA|7|14|180,1.139603693664614e-19,1.139603693664622e-19,True
1519,CTAATCG|7|162|184,1.139603693664614e-19,1.139603693664622e-19,True
1232,CTACCTT|7|98|236,1.139603693664614e-19,1.139603693664622e-19,True
1673,CTAGCTA|7|226|228,1.139603693664614e-19,1.139603693664622e-19,True
1675,CTAGCTT|7|226|236,1.139603693664614e-19,1.139603693664622e-19,True
715,CTATGGT|7|34|92,1.139603693664614e-19,1.139603693664622e-19,True
1456,CTCACTT|7|146|236,1.139603693664614e-19,1.139603693664622e-19,True
1105,CTCCCCC|7|82|256,1.139603693664614e-19,1.139603693664622e-19,True
1101,CTCCTCG|7|82|184,1.139603693664614e-19,1.139603693664622e-19,True
1100,CTCCTTG|7|82|168,1.139603693664614e-19,1.139603693664622e-19,True
1338,CTGCTCA|7|114|180,1.139603693664614e-19,1.139603693664622e-19,True
1337,CTGCTTT|7|114|172,1.139603693664614e-19,1.139603693664622e-19,True
817,CTGTACC|7|50|64,1.139603693664614e-19,1.139603693664622e-19,True
816,CTGTACG|7|50|56,1.139603693664614e-19,1.139603693664622e-19,True
443,CTTTCTC|7|2|240,1.139603693664614e-19,1.139603693664622e-19,True
440,CTTTTCA|7|2|180,1.139603693664614e-19,1.139603693664622e-19,True
1303,GAACCTG|7|108|230,1.139603693664614e-19,1.139603693664622e-19,True
767,GAATCTT|7|44|234,1.139603693664614e-19,1.139603693664622e-19,True
1501,GACACAC|7|156|206,1.139603693664614e-19,1.139603693664622e-19,True
1187,GACCCAA|7|92|194,1.139603693664614e-19,1.139603693664622e-19,True
1179,GACCGTT|7|92|106,1.139603693664614e-19,1.139603693664622e-19,True
677,GACTACG|7|28|54,1.139603693664614e-19,1.139603693664622e-19,True
1617,GAGATCC|7|188|190,1.139603693664614e-19,1.139603693664622e-19,True
1386,GAGCTCC|7|124|190,1.139603693664614e-19,1.139603693664622e-19,True
916,GAGTCAC|7|60|206,1.139603693664614e-19,1.139603693664622e-19,True
1418,GATACGC|7|140|222,1.139603693664614e-19,1.139603693664622e-19,True
1416,GATATCC|7|140|190,1.139603693664614e-19,1.139603693664622e-19,True
1645,GATGCCG|7|204|246,1.139603693664614e-19,1.139603693664622e-19,True
1541,GCAACAG|7|168|198,1.139603693664614e-19,1.139603693664622e-19,True
1139,GCCCGGC|7|88|94,1.139603693664614e-19,1.139603693664622e-19,True
1141,GCCCTAC|7|88|142,1.139603693664614e-19,1.139603693664622e-19,True
635,GCCTGAG|7|24|70,1.139603693664614e-19,1.139603693664622e-19,True
636,GCCTGTA|7|24|98,1.139603693664614e-19,1.139603693664622e-19,True
641,GCCTTTA|7|24|162,1.139603693664614e-19,1.139603693664622e-19,True
1364,GCGCCGC|7|120|222,1.139603693664614e-19,1.139603693664622e-19,True
869,GCGTGCC|7|56|126,1.139603693664614e-19,1.139603693664622e-19,True
1027,GCTCTCT|7|72|186,1.139603693664614e-19,1.139603693664622e-19,True
1576,GGAACCC|7|176|254,1.139603693664614e-19,1.139603693664622e-19,True
1573,GGAACGC|7|176|222,1.139603693664614e-19,1.139603693664622e-19,True
1325,GGACTGC|7|112|158,1.139603693664614e-19,1.139603693664622e-19,True
798,GGATTAC|7|48|142,1.139603693664614e-19,1.139603693664622e-19,True
701,GGCTGAG|7|32|70,1.139603693664614e-19,1.139603693664622e-19,True
703,GGCTTGA|7|32|146,1.139603693664614e-19,1.139603693664622e-19,True
1441,GGTATGC|7|144|158,1.139603693664614e-19,1.139603693664622e-19,True
1083,GGTCCCA|7|80|242,1.139603693664614e-19,1.139603693664622e-19,True
1078,GGTCTAG|7|80|134,1.139603693664614e-19,1.139603693664622e-19,True
1079,GGTCTGA|7|80|146,1.139603693664614e-19,1.139603693664622e-19,True
571,GGTTCTA|7|16|226,1.139603693664614e-19,1.139603693664622e-19,True
1247,GTACCAC|7|100|206,1.139603693664614e-19,1.139603693664622e-19,True
1462,GTCATCA|7|148|178,1.139603693664614e-19,1.139603693664622e-19,True
1463,GTCATCT|7|148|186,1.139603693664614e-19,1.139603693664622e-19,True
1113,GTCCGCG|7|84|118,1.139603693664614e-19,1.139603693664622e-19,True
1657,GTCGCCA|7|212|242,1.139603693664614e-19,1.139603693664622e-19,True
1658,GTCGCCT|7|212|250,1.139603693664614e-19,1.139603693664622e-19,True
833,GTGTACC|7|52|62,1.139603693664614e-19,1.139603693664622e-19,True
840,GTGTCTG|7|52|230,1.139603693664614e-19,1.139603693664622e-19,True
998,GTTCCTC|7|68|238,1.139603693664614e-19,1.139603693664622e-19,True
997,GTTCCTG|7|68|230,1.139603693664614e-19,1.139603693664622e-19,True
1547,TAAACCC|7|169|255,1.139603693664614e-19,1.139603693664622e-19,True
1543,TAAATCA|7|169|179,1.139603693664614e-19,1.139603693664622e-19,True
1283,TAACCGG|7|105|215,1.139603693664614e-19,1.139603693664622e-19,True
1284,TAACCGT|7|105|219,1.139603693664614e-19,1.139603693664622e-19,True
1285,TAACCTA|7|105|227,1.139603693664614e-19,1.139603693664622e-19,True
1278,TAACGCG|7|105|119,1.139603693664614e-19,1.139603693664622e-19,True
1279,TAACTAG|7|105|135,1.139603693664614e-19,1.139603693664622e-19,True
1151,TACCCAC|7|89|207,1.139603693664614e-19,1.139603693664622e-19,True
1152,TACCCGG|7|89|215,1.139603693664614e-19,1.139603693664622e-19,True
648,TACTATC|7|25|47,1.139603693664614e-19,1.139603693664622e-19,True
651,TACTTGG|7|25|151,1.139603693664614e-19,1.139603693664622e-19,True
1371,TAGCTGA|7|121|147,1.139603693664614e-19,1.139603693664622e-19,True
880,TAGTCGA|7|57|211,1.139603693664614e-19,1.139603693664622e-19,True
1028,TATCGGC|7|73|95,1.139603693664614e-19,1.139603693664622e-19,True
1638,TATGCCC|7|201|255,1.139603693664614e-19,1.139603693664622e-19,True
482,TATTAAC|7|9|15,1.139603693664614e-19,1.139603693664622e-19,True
483,TATTATA|7|9|35,1.139603693664614e-19,1.139603693664622e-19,True
496,TATTCCC|7|9|255,1.139603693664614e-19,1.139603693664622e-19,True
487,TATTGTC|7|9|111,1.139603693664614e-19,1.139603693664622e-19,True
490,TATTTTA|7|9|163,1.139603693664614e-19,1.139603693664622e-19,True
1533,TCAACGC|7|165|223,1.139603693664614e-19,1.139603693664622e-19,True
1121,TCCCCAA|7|85|195,1.139603693664614e-19,1.139603693664622e-19,True
1123,TCCCCAC|7|85|207,1.139603693664614e-19,1.139603693664622e-19,True
1115,TCCCTAA|7|85|131,1.139603693664614e-19,1.139603693664622e-19,True
1119,TCCCTCT|7|85|187,1.139603693664614e-19,1.139603693664622e-19,True
1118,TCCCTTT|7|85|171,1.139603693664614e-19,1.139603693664622e-19,True
601,TCCTACC|7|21|63,1.139603693664614e-19,1.139603693664622e-19,True
602,TCCTGGT|7|21|91,1.139603693664614e-19,1.139603693664622e-19,True
1598,TCGACGA|7|181|211,1.139603693664614e-19,1.139603693664622e-19,True
850,TCGTCAA|7|53|195,1.139603693664614e-19,1.139603693664622e-19,True
846,TCGTGTC|7|53|111,1.139603693664614e-19,1.139603693664622e-19,True
847,TCGTTAC|7|53|143,1.139603693664614e-19,1.139603693664622e-19,True
849,TCGTTTT|7|53|171,1.139603693664614e-19,1.139603693664622e-19,True
1628,TCTGCTC|7|197|239,1.139603693664614e-19,1.139603693664622e-19,True
1559,TGAACAG|7|173|199,1.139603693664614e-19,1.139603693664622e-19,True
774,TGATCAA|7|45|195,1.139603693664614e-19,1.139603693664622e-19,True
1503,TGCATTC|7|157|175,1.139603693664614e-19,1.139603693664622e-19,True
1191,TGCCTAA|7|93|131,1.139603693664614e-19,1.139603693664622e-19,True
1194,TGCCTGC|7|93|159,1.139603693664614e-19,1.139603693664622e-19,True
918,TGGTGAG|7|61|71,1.139603693664614e-19,1.139603693664622e-19,True
923,TGGTTGC|7|61|159,1.139603693664614e-19,1.139603693664622e-19,True
924,TGGTTTT|7|61|171,1.139603693664614e-19,1.139603693664622e-19,True
1429,TGTACCA|7|141|243,1.139603693664614e-19,1.139603693664622e-19,True
1058,TGTCGCA|7|77|115,1.139603693664614e-19,1.139603693664622e-19,True
1059,TGTCGCG|7|77|119,1.139603693664614e-19,1.139603693664622e-19,True
1061,TGTCTCG|7|77|183,1.139603693664614e-19,1.139603693664622e-19,True
1648,TGTGCGG|7|205|215,1.139603693664614e-19,1.139603693664622e-19,True
1649,TGTGCTT|7|205|235,1.139603693664614e-19,1.139603693664622e-19,True
539,TGTTTAC|7|13|143,1.139603693664614e-19,1.139603693664622e-19,True
1220,TTACTCC|7|97|191,1.139603693664614e-19,1.139603693664622e-19,True
712,TTATGGT|7|33|91,1.139603693664614e-19,1.139603693664622e-19,True
713,TTATGTA|7|33|99,1.139603693664614e-19,1.139603693664622e-19,True
1086,TTCCGCG|7|81|119,1.139603693664614e-19,1.139603693664622e-19,True
1091,TTCCTGG|7|81|151,1.139603693664614e-19,1.139603693664622e-19,True
583,TTCTCCG|7|17|247,1.139603693664614e-19,1.139603693664622e-19,True
582,TTCTCTG|7|17|231,1.139603693664614e-19,1.139603693664622e-19,True
574,TTCTGAA|7|17|67,1.139603693664614e-19,1.139603693664622e-19,True
814,TTGTCGC|7|49|223,1.139603693664614e-19,1.139603693664622e-19,True
813,TTGTCGG|7|49|215,1.139603693664614e-19,1.139603693664622e-19,True
815,TTGTCTG|7|49|231,1.139603693664614e-19,1.139603693664622e-19,True
808,TTGTTGT|7|49|155,1.139603693664614e-19,1.139603693664622e-19,True
810,TTGTTTC|7|49|175,1.139603693664614e-19,1.139603693664622e-19,True
963,TTTCGTA|7|65|99,1.139603693664614e-19,1.139603693664622e-19,True
17,ACCG|4|7|14,1.139603693664622e-19,1.139603693664622e-19,True
13,TCTT|4|5|11,1.139603693664622e-19,1.139603693664622e-19,True
96,AACTT|5|27|41,1.139603693664622e-19,1.139603693664622e-19,True
53,AATTC|5|11|45,1.139603693664622e-19,1.139603693664622e-19,True
90,ACCCA|5|23|49,1.139603693664622e-19,1.139603693664622e-19,True
89,ACCTA|5|23|33,1.139603693664622e-19,1.139603693664622e-19,True
44,ACTTA|5|7|33,1.139603693664622e-19,1.139603693664622e-19,True
120,ATGCC|5|51|61,1.139603693664622e-19,1.139603693664622e-19,True
119,ATGCG|5|51|53,1.139603693664622e-19,1.139603693664622e-19,True
35,ATTCA|5|3|49,1.139603693664622e-19,1.139603693664622e-19,True
32,ATTGA|5|3|17,1.139603693664622e-19,1.139603693664622e-19,True
33,ATTGG|5|3|21,1.139603693664622e-19,1.139603693664622e-19,True
87,CCCTT|5|22|44,1.139603693664622e-19,1.139603693664622e-19,True
39,CCTGA|5|6|20,1.139603693664622e-19,1.139603693664622e-19,True
40,CCTTA|5|6|36,1.139603693664622e-19,1.139603693664622e-19,True
63,CGTCA|5|14|52,1.139603693664622e-19,1.139603693664622e-19,True
64,CGTCC|5|14|64,1.139603693664622e-19,1.139603693664622e-19,True
62,CGTTA|5|14|36,1.139603693664622e-19,1.139603693664622e-19,True
75,CTCGG|5|18|24,1.139603693664622e-19,1.139603693664622e-19,True
30,CTTCA|5|2|52,1.139603693664622e-19,1.139603693664622e-19,True
28,CTTGG|5|2|24,1.139603693664622e-19,1.139603693664622e-19,True
116,GAACA|5|44|50,1.139603693664622e-19,1.139603693664622e-19,True
55,GATGC|5|12|30,1.139603693664622e-19,1.139603693664622e-19,True
113,GCATC|5|40|46,1.139603693664622e-19,1.139603693664622e-19,True
93,TACCA|5|25|51,1.139603693664622e-19,1.139603693664622e-19,True
92,TACTG|5|25|39,1.139603693664622e-19,1.139603693664622e-19,True
83,TCCGT|5|21|27,1.139603693664622e-19,1.139603693664622e-19,True
85,TCCTT|5|21|43,1.139603693664622e-19,1.139603693664622e-19,True
38,TCTAG|5|5|7,1.139603693664622e-19,1.139603693664622e-19,True
106,TTATT|5|33|43,1.139603693664622e-19,1.139603693664622e-19,True
73,TTCTG|5|17|39,1.139603693664622e-19,1.139603693664622e-19,True
400,AAACGC|6|43|56,1.139603693664622e-19,1.139603693664622e-19,True
397,AAATCC|6|43|48,1.139603693664622e-19,1.139603693664622e-19,True
341,AACCGT|6|27|55,1.139603693664622e-19,1.139603693664622e-19,True
216,AATCGA|6|11|53,1.139603693664622e-19,1.139603693664622e-19,True
384,ACATCT|6|39|47,1.139603693664622e-19,1.139603693664622e-19,True
312,ACCCCA|6|23|61,1.139603693664622e-19,1.139603693664622e-19,True
315,ACCCCC|6|23|64,1.139603693664622e-19,1.139603693664622e-19,True
305,ACCGTA|6|23|25,1.139603693664622e-19,1.139603693664622e-19,True
196,ACTCTA|6|7|57,1.139603693664622e-19,1.139603693664622e-19,True
187,ACTGAG|6|7|18,1.139603693664622e-19,1.139603693664622e-19,True
189,ACTGTG|6|7|26,1.139603693664622e-19,1.139603693664622e-19,True
356,AGCTTA|6|31|41,1.139603693664622e-19,1.139603693664622e-19,True
247,AGTCCA|6|15|61,1.139603693664622e-19,1.139603693664622e-19,True
286,ATCCCT|6|19|63,1.139603693664622e-19,1.139603693664622e-19,True
285,ATCCGA|6|19|53,1.139603693664622e-19,1.139603693664622e-19,True
279,ATCGGA|6|19|21,1.139603693664622e-19,1.139603693664622e-19,True
281,ATCTAC|6|19|36,1.139603693664622e-19,1.139603693664622e-19,True
282,ATCTGC|6|19|40,1.139603693664622e-19,1.139603693664622e-19,True
144,ATTCAA|6|3|49,1.139603693664622e-19,1.139603693664622e-19,True
145,ATTCGA|6|3|53,1.139603693664622e-19,1.139603693664622e-19,True
146,ATTCTA|6|3|57,1.139603693664622e-19,1.139603693664622e-19,True
138,ATTGAG|6|3|18,1.139603693664622e-19,1.139603693664622e-19,True
142,ATTGCT|6|3|31,1.139603693664622e-19,1.139603693664622e-19,True
392,CAACAG|6|42|50,1.139603693664622e-19,1.139603693664622e-19,True
330,CACTGC|6|26|40,1.139603693664622e-19,1.139603693664622e-19,True
333,CACTTC|6|26|44,1.139603693664622e-19,1.139603693664622e-19,True
331,CACTTG|6|26|42,1.139603693664622e-19,1.139603693664622e-19,True
212,CATGTT|6|10|27,1.139603693664622e-19,1.139603693664622e-19,True
378,CCACGG|6|38|54,1.139603693664622e-19,1.139603693664622e-19,True
304,CCCCGC|6|22|56,1.139603693664622e-19,1.139603693664622e-19,True
179,CCTCAA|6|6|49,1.139603693664622e-19,1.139603693664622e-19,True
174,CCTGGA|6|6|21,1.139603693664622e-19,1.139603693664622e-19,True
175,CCTGGT|6|6|23,1.139603693664622e-19,1.139603693664622e-19,True
242,CGTCAG|6|14|50,1.139603693664622e-19,1.139603693664622e-19,True
240,CGTGCT|6|14|31,1.139603693664622e-19,1.139603693664622e-19,True
271,CTCGAG|6|18|18,1.139603693664622e-19,1.139603693664622e-19,True
272,CTCGTG|6|18|26,1.139603693664622e-19,1.139603693664622e-19,True
277,CTCTCC|6|18|48,1.139603693664622e-19,1.139603693664622e-19,True
275,CTCTGC|6|18|40,1.139603693664622e-19,1.139603693664622e-19,True
274,CTCTGG|6|18|38,1.139603693664622e-19,1.139603693664622e-19,True
317,GCCGTA|6|24|25,1.139603693664622e-19,1.139603693664622e-19,True
201,GCTCTG|6|8|58,1.139603693664622e-19,1.139603693664622e-19,True
197,GCTGGC|6|8|24,1.139603693664622e-19,1.139603693664622e-19,True
199,GCTTCC|6|8|48,1.139603693664622e-19,1.139603693664622e-19,True
363,GGCTCG|6|32|46,1.139603693664622e-19,1.139603693664622e-19,True
359,GGCTGA|6|32|37,1.139603693664622e-19,1.139603693664622e-19,True
251,GGTGTC|6|16|28,1.139603693664622e-19,1.139603693664622e-19,True
253,GGTTAA|6|16|33,1.139603693664622e-19,1.139603693664622e-19,True
254,GGTTAC|6|16|36,1.139603693664622e-19,1.139603693664622e-19,True
367,GTATGT|6|36|39,1.139603693664622e-19,1.139603693664622e-19,True
287,GTCGTC|6|20|28,1.139603693664622e-19,1.139603693664622e-19,True
423,GTGCTG|6|52|58,1.139603693664622e-19,1.139603693664622e-19,True
154,GTTACT|6|4|15,1.139603693664622e-19,1.139603693664622e-19,True
150,GTTAGA|6|4|5,1.139603693664622e-19,1.139603693664622e-19,True
151,GTTAGT|6|4|7,1.139603693664622e-19,1.139603693664622e-19,True
158,GTTTAT|6|4|35,1.139603693664622e-19,1.139603693664622e-19,True
326,TACCAC|6|25|52,1.139603693664622e-19,1.139603693664622e-19,True
327,TACCTG|6|25|58,1.139603693664622e-19,1.139603693664622e-19,True
209,TATCCT|6|9|63,1.139603693664622e-19,1.139603693664622e-19,True
203,TATGAC|6|9|20,1.139603693664622e-19,1.139603693664622e-19,True
374,TCACTC|6|37|60,1.139603693664622e-19,1.139603693664622e-19,True
370,TCATCC|6|37|48,1.139603693664622e-19,1.139603693664622e-19,True
294,TCCGTC|6|21|28,1.139603693664622e-19,1.139603693664622e-19,True
166,TCTAGC|6|5|8,1.139603693664622e-19,1.139603693664622e-19,True
172,TCTGCC|6|5|32,1.139603693664622e-19,1.139603693664622e-19,True
170,TCTGGG|6|5|22,1.139603693664622e-19,1.139603693664622e-19,True
410,TGACCA|6|45|61,1.139603693664622e-19,1.139603693664622e-19,True
348,TGCGCC|6|29|32,1.139603693664622e-19,1.139603693664622e-19,True
349,TGCTAT|6|29|35,1.139603693664622e-19,1.139603693664622e-19,True
232,TGTCCT|6|13|63,1.139603693664622e-19,1.139603693664622e-19,True
230,TGTCGA|6|13|53,1.139603693664622e-19,1.139603693664622e-19,True
231,TGTCGT|6|13|55,1.139603693664622e-19,1.139603693664622e-19,True
229,TGTTCC|6|13|48,1.139603693664622e-19,1.139603693664622e-19,True
267,TTCCAC|6|17|52,1.139603693664622e-19,1.139603693664622e-19,True
269,TTCCGC|6|17|56,1.139603693664622e-19,1.139603693664622e-19,True
270,TTCCTA|6|17|57,1.139603693664622e-19,1.139603693664622e-19,True
262,TTCTGG|6|17|38,1.139603693664622e-19,1.139603693664622e-19,True
264,TTCTTT|6|17|43,1.139603693664622e-19,1.139603693664622e-19,True
1299,AAACCCT|7|107|249,1.139603693664622e-19,1.139603693664622e-19,True
1298,AAACCTC|7|107|237,1.139603693664622e-19,1.139603693664622e-19,True
1293,AAACGTC|7|107|109,1.139603693664622e-19,1.139603693664622e-19,True
755,AAATTCG|7|43|181,1.139603693664622e-19,1.139603693664622e-19,True
754,AAATTGT|7|43|153,1.139603693664622e-19,1.139603693664622e-19,True
1498,AACACTA|7|155|225,1.139603693664622e-19,1.139603693664622e-19,True
667,AACTGAC|7|27|77,1.139603693664622e-19,1.139603693664622e-19,True
669,AACTGTA|7|27|97,1.139603693664622e-19,1.139603693664622e-19,True
670,AACTGTG|7|27|101,1.139603693664622e-19,1.139603693664622e-19,True
1046,AATCTAC|7|75|141,1.139603693664622e-19,1.139603693664622e-19,True
509,AATTACC|7|11|61,1.139603693664622e-19,1.139603693664622e-19,True
507,AATTAGG|7|11|21,1.139603693664622e-19,1.139603693664622e-19,True
508,AATTAGT|7|11|25,1.139603693664622e-19,1.139603693664622e-19,True
518,AATTCGG|7|11|213,1.139603693664622e-19,1.139603693664622e-19,True
512,AATTGTG|7|11|101,1.139603693664622e-19,1.139603693664622e-19,True
516,AATTTTA|7|11|161,1.139603693664622e-19,1.139603693664622e-19,True
1538,ACAACCA|7|167|241,1.139603693664622e-19,1.139603693664622e-19,True
1539,ACAACCT|7|167|249,1.139603693664622e-19,1.139603693664622e-19,True
1473,ACCATCG|7|151|181,1.139603693664622e-19,1.139603693664622e-19,True
1137,ACCCCGG|7|87|213,1.139603693664622e-19,1.139603693664622e-19,True
1660,ACCGCGT|7|215|217,1.139603693664622e-19,1.139603693664622e-19,True
625,ACCTTGG|7|23|149,1.139603693664622e-19,1.139603693664622e-19,True
626,ACCTTGT|7|23|153,1.139603693664622e-19,1.139603693664622e-19,True
627,ACCTTTA|7|23|161,1.139603693664622e-19,1.139603693664622e-19,True
1360,ACGCCAT|7|119|201,1.139603693664622e-19,1.139603693664622e-19,True
1361,ACGCCCC|7|119|253,1.139603693664622e-19,1.139603693664622e-19,True
867,ACGTCTA|7|55|225,1.139603693664622e-19,1.139603693664622e-19,True
865,ACGTTCT|7|55|185,1.139603693664622e-19,1.139603693664622e-19,True
1025,ACTCCCC|7|71|253,1.139603693664622e-19,1.139603693664622e-19,True
1016,ACTCGCA|7|71|113,1.139603693664622e-19,1.139603693664622e-19,True
1014,ACTCGGC|7|71|93,1.139603693664622e-19,1.139603693664622e-19,True
1015,ACTCGTG|7|71|101,1.139603693664622e-19,1.139603693664622e-19,True
1018,ACTCTAG|7|71|133,1.139603693664622e-19,1.139603693664622e-19,True
1019,ACTCTGA|7|71|145,1.139603693664622e-19,1.139603693664622e-19,True
1020,ACTCTGT|7|71|153,1.139603693664622e-19,1.139603693664622e-19,True
1635,ACTGCCT|7|199|249,1.139603693664622e-19,1.139603693664622e-19,True
469,ACTTATG|7|7|37,1.139603693664622e-19,1.139603693664622e-19,True
471,ACTTGCC|7|7|125,1.139603693664622e-19,1.139603693664622e-19,True
470,ACTTGCT|7|7|121,1.139603693664622e-19,1.139603693664622e-19,True
472,ACTTTGG|7|7|149,1.139603693664622e-19,1.139603693664622e-19,True
1569,AGAACCT|7|175|249,1.139603693664622e-19,1.139603693664622e-19,True
787,AGATGGA|7|47|81,1.139603693664622e-19,1.139603693664622e-19,True
789,AGATGGT|7|47|89,1.139603693664622e-19,1.139603693664622e-19,True
793,AGATTCG|7|47|181,1.139603693664622e-19,1.139603693664622e-19,True
791,AGATTTA|7|47|161,1.139603693664622e-19,1.139603693664622e-19,True
1210,AGCCCGG|7|95|213,1.139603693664622e-19,1.139603693664622e-19,True
696,AGCTCCT|7|31|249,1.139603693664622e-19,1.139603693664622e-19,True
695,AGCTGTG|7|31|101,1.139603693664622e-19,1.139603693664622e-19,True
946,AGGTCGA|7|63|209,1.139603693664622e-19,1.139603693664622e-19,True
1440,AGTACCC|7|143|253,1.139603693664622e-19,1.139603693664622e-19,True
1437,AGTACTA|7|143|225,1.139603693664622e-19,1.139603693664622e-19,True
1438,AGTACTG|7|143|229,1.139603693664622e-19,1.139603693664622e-19,True
1072,AGTCCAG|7|79|197,1.139603693664622e-19,1.139603693664622e-19,True
1234,ATACGCG|7|99|117,1.139603693664622e-19,1.139603693664622e-19,True
1461,ATCACCC|7|147|253,1.139603693664622e-19,1.139603693664622e-19,True
1459,ATCACTC|7|147|237,1.139603693664622e-19,1.139603693664622e-19,True
1108,ATCCGTT|7|83|105,1.139603693664622e-19,1.139603693664622e-19,True
593,ATCTGCG|7|19|117,1.139603693664622e-19,1.139603693664622e-19,True
1343,ATGCTAC|7|115|141,1.139603693664622e-19,1.139603693664622e-19,True
821,ATGTACT|7|51|57,1.139603693664622e-19,1.139603693664622e-19,True
830,ATGTCCA|7|51|241,1.139603693664622e-19,1.139603693664622e-19,True
832,ATGTCCC|7|51|253,1.139603693664622e-19,1.139603693664622e-19,True
825,ATGTGCA|7|51|113,1.139603693664622e-19,1.139603693664622e-19,True
824,ATGTGTT|7|51|105,1.139603693664622e-19,1.139603693664622e-19,True
828,ATGTTAC|7|51|141,1.139603693664622e-19,1.139603693664622e-19,True
827,ATGTTAG|7|51|133,1.139603693664622e-19,1.139603693664622e-19,True
986,ATTCCAG|7|67|197,1.139603693664622e-19,1.139603693664622e-19,True
987,ATTCCCG|7|67|245,1.139603693664622e-19,1.139603693664622e-19,True
982,ATTCGCA|7|67|113,1.139603693664622e-19,1.139603693664622e-19,True
984,ATTCTAG|7|67|133,1.139603693664622e-19,1.139603693664622e-19,True
1550,CAAACGA|7|170|212,1.139603693664622e-19,1.139603693664622e-19,True
1288,CAACGCC|7|106|128,1.139603693664622e-19,1.139603693664622e-19,True
1286,CAACGCG|7|106|120,1.139603693664622e-19,1.139603693664622e-19,True
1289,CAACTGA|7|106|148,1.139603693664622e-19,1.139603693664622e-19,True
1491,CACACTC|7|154|240,1.139603693664622e-19,1.139603693664622e-19,True
1486,CACATCT|7|154|188,1.139603693664622e-19,1.139603693664622e-19,True
1161,CACCCAT|7|90|204,1.139603693664622e-19,1.139603693664622e-19,True
1162,CACCCTA|7|90|228,1.139603693664622e-19,1.139603693664622e-19,True
1164,CACCCTC|7|90|240,1.139603693664622e-19,1.139603693664622e-19,True
1156,CACCGCT|7|90|124,1.139603693664622e-19,1.139603693664622e-19,True
1160,CACCTCC|7|90|192,1.139603693664622e-19,1.139603693664622e-19,True
1159,CACCTCG|7|90|184,1.139603693664622e-19,1.139603693664622e-19,True
1379,CAGCCAT|7|122|204,1.139603693664622e-19,1.139603693664622e-19,True
890,CAGTCAG|7|58|200,1.139603693664622e-19,1.139603693664622e-19,True
506,CATTCAC|7|10|208,1.139603693664622e-19,1.139603693664622e-19,True
500,CATTGCC|7|10|128,1.139603693664622e-19,1.139603693664622e-19,True
1259,CCACGCC|7|102|128,1.139603693664622e-19,1.139603693664622e-19,True
1260,CCACTAG|7|102|136,1.139603693664622e-19,1.139603693664622e-19,True
1680,CCAGCCT|7|230|252,1.139603693664622e-19,1.139603693664622e-19,True
1469,CCCATTG|7|150|168,1.139603693664622e-19,1.139603693664622e-19,True
614,CCCTCGA|7|22|212,1.139603693664622e-19,1.139603693664622e-19,True
608,CCCTGTC|7|22|112,1.139603693664622e-19,1.139603693664622e-19,True
612,CCCTTCA|7|22|180,1.139603693664622e-19,1.139603693664622e-19,True
1357,CCGCCCG|7|118|248,1.139603693664622e-19,1.139603693664622e-19,True
856,CCGTGCA|7|54|116,1.139603693664622e-19,1.139603693664622e-19,True
854,CCGTGTA|7|54|100,1.139603693664622e-19,1.139603693664622e-19,True
1009,CCTCGAC|7|70|80,1.139603693664622e-19,1.139603693664622e-19,True
466,CCTTTCA|7|6|180,1.139603693664622e-19,1.139603693664622e-19,True
1565,CGAACTA|7|174|228,1.139603693664622e-19,1.139603693664622e-19,True
1566,CGAACTT|7|174|236,1.139603693664622e-19,1.139603693664622e-19,True
1313,CGACGTC|7|110|112,1.139603693664622e-19,1.139603693664622e-19,True
778,CGATGTA|7|46|100,1.139603693664622e-19,1.139603693664622e-19,True
1509,CGCATCG|7|158|184,1.139603693664622e-19,1.139603693664622e-19,True
1202,CGCCCTC|7|94|240,1.139603693664622e-19,1.139603693664622e-19,True
1197,CGCCTAC|7|94|144,1.139603693664622e-19,1.139603693664622e-19,True
1198,CGCCTGG|7|94|152,1.139603693664622e-19,1.139603693664622e-19,True
1200,CGCCTTC|7|94|176,1.139603693664622e-19,1.139603693664622e-19,True
1397,CGGCTGT|7|126|156,1.139603693664622e-19,1.139603693664622e-19,True
928,CGGTACC|7|62|64,1.139603693664622e-19,1.139603693664622e-19,True
1433,CGTATGT|7|142|156,1.139603693664622e-19,1.139603693664622e-19,True
1230,CTACCAG|7|98|200,1.139603693664622e-19,1.139603693664622e-19,True
716,CTATGTA|7|34|100,1.139603693664622e-19,1.139603693664622e-19,True
586,CTCTACA|7|18|52,1.139603693664622e-19,1.139603693664622e-19,True
1584,CTGACGG|7|178|216,1.139603693664622e-19,1.139603693664622e-19,True
1581,CTGATCG|7|178|184,1.139603693664622e-19,1.139603693664622e-19,True
1691,CTGGCCC|7|242|256,1.139603693664622e-19,1.139603693664622e-19,True
818,CTGTTAT|7|50|140,1.139603693664622e-19,1.139603693664622e-19,True
1407,CTTACCT|7|130|252,1.139603693664622e-19,1.139603693664622e-19,True
1406,CTTACGT|7|130|220,1.139603693664622e-19,1.139603693664622e-19,True
971,CTTCGAA|7|66|68,1.139603693664622e-19,1.139603693664622e-19,True
978,CTTCGCC|7|66|128,1.139603693664622e-19,1.139603693664622e-19,True
442,CTTTCTA|7|2|228,1.139603693664622e-19,1.139603693664622e-19,True
758,GAATGAT|7|44|74,1.139603693664622e-19,1.139603693664622e-19,True
761,GAATGGC|7|44|94,1.139603693664622e-19,1.139603693664622e-19,True
762,GAATGTG|7|44|102,1.139603693664622e-19,1.139603693664622e-19,True
763,GAATTGC|7|44|158,1.139603693664622e-19,1.139603693664622e-19,True
1188,GACCCAT|7|92|202,1.139603693664622e-19,1.139603693664622e-19,True
1183,GACCGCC|7|92|126,1.139603693664622e-19,1.139603693664622e-19,True
1184,GACCTAG|7|92|134,1.139603693664622e-19,1.139603693664622e-19,True
1186,GACCTCC|7|92|190,1.139603693664622e-19,1.139603693664622e-19,True
1185,GACCTTC|7|92|174,1.139603693664622e-19,1.139603693664622e-19,True
682,GACTCGT|7|28|218,1.139603693664622e-19,1.139603693664622e-19,True
679,GACTGCG|7|28|118,1.139603693664622e-19,1.139603693664622e-19,True
678,GACTGGC|7|28|94,1.139603693664622e-19,1.139603693664622e-19,True
915,GAGTCAT|7|60|202,1.139603693664622e-19,1.139603693664622e-19,True
909,GAGTTAA|7|60|130,1.139603693664622e-19,1.139603693664622e-19,True
912,GAGTTTT|7|60|170,1.139603693664622e-19,1.139603693664622e-19,True
1417,GATACGG|7|140|214,1.139603693664622e-19,1.139603693664622e-19,True
1419,GATACTA|7|140|226,1.139603693664622e-19,1.139603693664622e-19,True
1055,GATCCAA|7|76|194,1.139603693664622e-19,1.139603693664622e-19,True
1646,GATGCCC|7|204|254,1.139603693664622e-19,1.139603693664622e-19,True
524,GATTACC|7|12|62,1.139603693664622e-19,1.139603693664622e-19,True
520,GATTAGA|7|12|18,1.139603693664622e-19,1.139603693664622e-19,True
525,GATTGAC|7|12|78,1.139603693664622e-19,1.139603693664622e-19,True
1542,GCAACAT|7|168|202,1.139603693664622e-19,1.139603693664622e-19,True
1277,GCACCCC|7|104|254,1.139603693664622e-19,1.139603693664622e-19,True
1143,GCCCCAC|7|88|206,1.139603693664622e-19,1.139603693664622e-19,True
630,GCCTAGT|7|24|26,1.139603693664622e-19,1.139603693664622e-19,True
645,GCCTCTT|7|24|234,1.139603693664622e-19,1.139603693664622e-19,True
639,GCCTTAG|7|24|134,1.139603693664622e-19,1.139603693664622e-19,True
1607,GCGACGT|7|184|218,1.139603693664622e-19,1.139603693664622e-19,True
1367,GCGCCTC|7|120|238,1.139603693664622e-19,1.139603693664622e-19,True
1366,GCGCCTG|7|120|230,1.139603693664622e-19,1.139603693664622e-19,True
1363,GCGCTTA|7|120|162,1.139603693664622e-19,1.139603693664622e-19,True
872,GCGTCTA|7|56|226,1.139603693664622e-19,1.139603693664622e-19,True
480,GCTTCAC|7|8|206,1.139603693664622e-19,1.139603693664622e-19,True
476,GCTTGGG|7|8|86,1.139603693664622e-19,1.139603693664622e-19,True
1571,GGAACAA|7|176|194,1.139603693664622e-19,1.139603693664622e-19,True
1575,GGAACCG|7|176|246,1.139603693664622e-19,1.139603693664622e-19,True
1331,GGACCCA|7|112|242,1.139603693664622e-19,1.139603693664622e-19,True
803,GGATCGC|7|48|222,1.139603693664622e-19,1.139603693664622e-19,True
800,GGATTTT|7|48|170,1.139603693664622e-19,1.139603693664622e-19,True
1512,GGCATCA|7|160|178,1.139603693664622e-19,1.139603693664622e-19,True
1215,GGCCCGT|7|96|218,1.139603693664622e-19,1.139603693664622e-19,True
707,GGCTCAG|7|32|198,1.139603693664622e-19,1.139603693664622e-19,True
960,GGGTCTA|7|64|226,1.139603693664622e-19,1.139603693664622e-19,True
956,GGGTTCG|7|64|182,1.139603693664622e-19,1.139603693664622e-19,True
1442,GGTACAC|7|144|206,1.139603693664622e-19,1.139603693664622e-19,True
1446,GGTACCC|7|144|254,1.139603693664622e-19,1.139603693664622e-19,True
1443,GGTACGG|7|144|214,1.139603693664622e-19,1.139603693664622e-19,True
1444,GGTACTA|7|144|226,1.139603693664622e-19,1.139603693664622e-19,True
1082,GGTCCTG|7|80|230,1.139603693664622e-19,1.139603693664622e-19,True
1077,GGTCGTT|7|80|106,1.139603693664622e-19,1.139603693664622e-19,True
1081,GGTCTGT|7|80|154,1.139603693664622e-19,1.139603693664622e-19,True
568,GGTTCAC|7|16|206,1.139603693664622e-19,1.139603693664622e-19,True
569,GGTTCGA|7|16|210,1.139603693664622e-19,1.139603693664622e-19,True
570,GGTTCGT|7|16|218,1.139603693664622e-19,1.139603693664622e-19,True
1246,GTACCAT|7|100|202,1.139603693664622e-19,1.139603693664622e-19,True
1248,GTACCGG|7|100|214,1.139603693664622e-19,1.139603693664622e-19,True
726,GTATACG|7|36|54,1.139603693664622e-19,1.139603693664622e-19,True
728,GTATTCA|7|36|178,1.139603693664622e-19,1.139603693664622e-19,True
599,GTCTCTA|7|20|226,1.139603693664622e-19,1.139603693664622e-19,True
834,GTGTGAA|7|52|66,1.139603693664622e-19,1.139603693664622e-19,True
837,GTGTTCT|7|52|186,1.139603693664622e-19,1.139603693664622e-19,True
993,GTTCTTC|7|68|174,1.139603693664622e-19,1.139603693664622e-19,True
1626,GTTGCCA|7|196|242,1.139603693664622e-19,1.139603693664622e-19,True
448,GTTTAGC|7|4|30,1.139603693664622e-19,1.139603693664622e-19,True
1546,TAAACGA|7|169|211,1.139603693664622e-19,1.139603693664622e-19,True
1281,TAACCAT|7|105|203,1.139603693664622e-19,1.139603693664622e-19,True
1282,TAACCGA|7|105|211,1.139603693664622e-19,1.139603693664622e-19,True
1480,TACACTG|7|153|231,1.139603693664622e-19,1.139603693664622e-19,True
1476,TACATCG|7|153|183,1.139603693664622e-19,1.139603693664622e-19,True
1148,TACCGTC|7|89|111,1.139603693664622e-19,1.139603693664622e-19,True
1150,TACCTTT|7|89|171,1.139603693664622e-19,1.139603693664622e-19,True
647,TACTATT|7|25|43,1.139603693664622e-19,1.139603693664622e-19,True
1610,TAGACAC|7|185|207,1.139603693664622e-19,1.139603693664622e-19,True
1368,TAGCGCT|7|121|123,1.139603693664622e-19,1.139603693664622e-19,True
1370,TAGCTAG|7|121|135,1.139603693664622e-19,1.139603693664622e-19,True
873,TAGTACT|7|57|59,1.139603693664622e-19,1.139603693664622e-19,True
881,TAGTCGG|7|57|215,1.139603693664622e-19,1.139603693664622e-19,True
874,TAGTGAA|7|57|67,1.139603693664622e-19,1.139603693664622e-19,True
1034,TATCCCT|7|73|251,1.139603693664622e-19,1.139603693664622e-19,True
494,TATTCGT|7|9|219,1.139603693664622e-19,1.139603693664622e-19,True
486,TATTGGT|7|9|91,1.139603693664622e-19,1.139603693664622e-19,True
488,TATTTAA|7|9|131,1.139603693664622e-19,1.139603693664622e-19,True
1530,TCAATCG|7|165|183,1.139603693664622e-19,1.139603693664622e-19,True
1254,TCACTAA|7|101|131,1.139603693664622e-19,1.139603693664622e-19,True
1256,TCACTTA|7|101|163,1.139603693664622e-19,1.139603693664622e-19,True
729,TCATATT|7|37|43,1.139603693664622e-19,1.139603693664622e-19,True
735,TCATTTG|7|37|167,1.139603693664622e-19,1.139603693664622e-19,True
1122,TCCCCAG|7|85|199,1.139603693664622e-19,1.139603693664622e-19,True
1114,TCCCGTG|7|85|103,1.139603693664622e-19,1.139603693664622e-19,True
600,TCCTATC|7|21|47,1.139603693664622e-19,1.139603693664622e-19,True
603,TCCTGTG|7|21|103,1.139603693664622e-19,1.139603693664622e-19,True
604,TCCTTGA|7|21|147,1.139603693664622e-19,1.139603693664622e-19,True
851,TCGTCTA|7|53|227,1.139603693664622e-19,1.139603693664622e-19,True
848,TCGTTGT|7|53|155,1.139603693664622e-19,1.139603693664622e-19,True
1004,TCTCCAG|7|69|199,1.139603693664622e-19,1.139603693664622e-19,True
1007,TCTCCCC|7|69|255,1.139603693664622e-19,1.139603693664622e-19,True
1002,TCTCTGA|7|69|147,1.139603693664622e-19,1.139603693664622e-19,True
460,TCTTCAT|7|5|203,1.139603693664622e-19,1.139603693664622e-19,True
461,TCTTCTA|7|5|227,1.139603693664622e-19,1.139603693664622e-19,True
1304,TGACGCC|7|109|127,1.139603693664622e-19,1.139603693664622e-19,True
1307,TGACTTC|7|109|175,1.139603693664622e-19,1.139603693664622e-19,True
769,TGATGCT|7|45|123,1.139603693664622e-19,1.139603693664622e-19,True
772,TGATTGT|7|45|155,1.139603693664622e-19,1.139603693664622e-19,True
1506,TGCACAC|7|157|207,1.139603693664622e-19,1.139603693664622e-19,True
1504,TGCATCA|7|157|179,1.139603693664622e-19,1.139603693664622e-19,True
1193,TGCCTGA|7|93|147,1.139603693664622e-19,1.139603693664622e-19,True
1621,TGGACTT|7|189|235,1.139603693664622e-19,1.139603693664622e-19,True
1393,TGGCCGA|7|125|211,1.139603693664622e-19,1.139603693664622e-19,True
1696,TGGGCCC|7|253|255,1.139603693664622e-19,1.139603693664622e-19,True
926,TGGTCTC|7|61|239,1.139603693664622e-19,1.139603693664622e-19,True
925,TGGTCTT|7|61|235,1.139603693664622e-19,1.139603693664622e-19,True
922,TGGTTGT|7|61|155,1.139603693664622e-19,1.139603693664622e-19,True
1430,TGTACCT|7|141|251,1.139603693664622e-19,1.139603693664622e-19,True
1425,TGTACGC|7|141|223,1.139603693664622e-19,1.139603693664622e-19,True
1428,TGTACTC|7|141|239,1.139603693664622e-19,1.139603693664622e-19,True
1421,TGTATAC|7|141|143,1.139603693664622e-19,1.139603693664622e-19,True
1650,TGTGCTC|7|205|239,1.139603693664622e-19,1.139603693664622e-19,True
535,TGTTACG|7|13|55,1.139603693664622e-19,1.139603693664622e-19,True
545,TGTTCCG|7|13|247,1.139603693664622e-19,1.139603693664622e-19,True
536,TGTTGAG|7|13|71,1.139603693664622e-19,1.139603693664622e-19,True
1517,TTAATCT|7|161|187,1.139603693664622e-19,1.139603693664622e-19,True
1218,TTACTAC|7|97|143,1.139603693664622e-19,1.139603693664622e-19,True
711,TTATGAT|7|33|75,1.139603693664622e-19,1.139603693664622e-19,True
1451,TTCACCA|7|145|243,1.139603693664622e-19,1.139603693664622e-19,True
1452,TTCACCC|7|145|255,1.139603693664622e-19,1.139603693664622e-19,True
1447,TTCATGA|7|145|147,1.139603693664622e-19,1.139603693664622e-19,True
807,TTGTTAC|7|49|143,1.139603693664622e-19,1.139603693664622e-19,True
809,TTGTTGC|7|49|159,1.139603693664622e-19,1.139603693664622e-19,True
964,TTTCGCA|7|65|115,1.139603693664622e-19,1.139603693664622e-19,True
966,TTTCTAA|7|65|131,1.139603693664622e-19,1.139603693664622e-19,True
968,TTTCTGT|7|65|155,1.139603693664622e-19,1.139603693664622e-19,True
970,TTTCTTC|7|65|175,1.139603693664622e-19,1.139603693664622e-19,True
438,TTTTGCG|7|1|119,1.139603693664622e-19,1.139603693664622e-19,True
